UPC,Title,Price (£),Rating,Genre,Availability,Description
e00eb4fd7b871a48,Sharp Objects,47.82,4,Mystery,In stock (20 available),"WICKED above her hipbone, GIRL across her heart Words are like a road map to reporter Camille Preakerâs troubled past. Fresh from a brief stay at a psych hospital, Camilleâs first assignment from the second-rate daily paper where she works brings her reluctantly back to her hometown to cover the murders of two preteen girls. NASTY on her kneecap, BABYDOLL on her leg Since WICKED above her hipbone, GIRL across her heart Words are like a road map to reporter Camille Preakerâs troubled past. Fresh from a brief stay at a psych hospital, Camilleâs first assignment from the second-rate daily paper where she works brings her reluctantly back to her hometown to cover the murders of two preteen girls. NASTY on her kneecap, BABYDOLL on her leg Since she left town eight years ago, Camille has hardly spoken to her neurotic, hypochondriac mother or to the half-sister she barely knows: a beautiful thirteen-year-old with an eerie grip on the town. Now, installed again in her familyâs Victorian mansion, Camille is haunted by the childhood tragedy she has spent her whole life trying to cut from her memory. HARMFUL on her wrist, WHORE on her ankle As Camille works to uncover the truth about these violent crimes, she finds herself identifying with the young victimsâa bit too strongly. Clues keep leading to dead ends, forcing Camille to unravel the psychological puzzle of her own past to get at the story. Dogged by her own demons, Camille will have to confront what happened to her years before if she wants to survive this homecoming.With its taut, crafted writing, Sharp Objects is addictive, haunting, and unforgettable. ...more"
2597b5a345f45e1b,The Dirty Little Secrets of Getting Your Dream Job,33.34,4,Business,In stock (19 available),"Drawing on his extensive experience evaluating applicants for his marketing agency, and featuring stories based on real-life situations, sample cover letters, resumes, and straightforward advice, Don Raskinâs The Dirty Little Secrets of Getting Your Dream Job offers all the necessary tools for navigating the tough job market and securing your dream job.Don Raskin owns and Drawing on his extensive experience evaluating applicants for his marketing agency, and featuring stories based on real-life situations, sample cover letters, resumes, and straightforward advice, Don Raskinâs The Dirty Little Secrets of Getting Your Dream Job offers all the necessary tools for navigating the tough job market and securing your dream job.Don Raskin owns and operates MME, an advertising and marketing agency in New York City. During his twenty-five years at the agency he has interviewed hundreds of new college graduates for positions within his agency and has placed a strong emphasis on entry-level recruitment for positions in creative, account management, traffic, and production. Raskin has also mentored countless students and their parents on best practices for the job search. Over the years, Raskin has kept exceptionally detailed notes on the interviews he has conducted, observing the good, the bad, the ridiculous, the irreverent. He also has a treasure trove of over-the-top cover letters, resumes, interviews, and post interview follow-ups he has conducted and received. Now, he wants to share all the wisdom and insider secrets he has gathered to help students and first-time job seekers find a job in this economy.Based on his remarkable expertise, Raskin's book provides exclusive insight into the job search process and lets readers in on all of the dirty little secrets to landing their first jobâor a new oneâand finding career success. ...more"
e72a5dfc7e9267b2,"The Coming Woman: A Novel Based on the Life of the Infamous Feminist, Victoria Woodhull",17.93,3,Default,In stock (19 available),"""If you have a heart, if you have a soul, Karen Hicks' The Coming Woman will make you fall in love with Victoria Woodhull.""-Kinky Friedman, author and Governor of the Heart of Texas ""What kind of confidence would it take for a woman to buck the old boy's club of politics in 1872? More than 140 years pre-Hillary, there was Victoria Woodhull. This book takes you back with a ""If you have a heart, if you have a soul, Karen Hicks' The Coming Woman will make you fall in love with Victoria Woodhull.""-Kinky Friedman, author and Governor of the Heart of Texas ""What kind of confidence would it take for a woman to buck the old boy's club of politics in 1872? More than 140 years pre-Hillary, there was Victoria Woodhull. This book takes you back with a breathtaking, present-tense bird's eye view into a time when women's liberation was primarily confined to one woman's very capable, independent mind. I couldn't put it down.""---Ruth Buzzi, Golden Globe Award winner and Television Hall of Fame inductee""Sadly, too many Americans have never heard of Victoria Woodhull, let alone learned of her story: her revolutionary campaign for the presidency at a time when women weren't even allowed to vote, her support for worker's rights, or her feminist commitment to equality, a century before the official battle over the Equal Rights Amendment. But in The Coming Woman, Karen Hicks brings Woodhull's efforts to life, and reminds us that some of our nation's greatest figures aren't always featured in the history books. It is a riveting account of an amazing woman and her struggle for justice and human dignity, told in an engaging and eminently readable style.""-Tim Wise, author, ""White Like Me: Reflections on Race from a Privileged Son""""The Coming Woman"" is a novel based on the life of feminist Victoria Woodhull, the first woman to run for U.S. President, 50 years before women could even vote!Running for President wasn't Victoria's only first as a woman. She was also the first to own a successful Wall Street firm, the first to publish a successful national newspaper, and the first to head the two-million-member Spiritualist Association. She was the first woman to enter the Senate Judiciary Committee chambers to petition for woman's suffrage, her argument changing the entire focus of the suffragist movement by pointing out that the 14th and 15th Amendments already gave women the vote.In her campaign for the Presidency, Victoria Woodhull boldly addressed many of the issues we still face today: equal pay for equal work; freedom in love; corporate greed and political corruption fueled by powerful lobbyists; and the increasing disparity between the rich and the poor, to name only a few. Her outspoken and common-sense ideas may shed a new perspective on the parallel conundrums of today's world.This bold, beautiful, and sexually progressive woman dared to take on society and religion. To make an example of the hypocrisy in what Mark Twain dubbed The Gilded Age, she exposed the extramarital affairs of the most popular religious figure of the day (Henry Ward Beecher). This led to her persecution and imprisonment and the longest, most infamous trial of the 19th century. But it did not stop her fight for equality.Victoria's epic story, set in the late 1800s, comes to life in a modern, fictional style, while staying true to the actual words and views of the many well-known characters. ...more"
e10e1e165dc8be4a,The Boys in the Boat: Nine Americans and Their Epic Quest for Gold at the 1936 Berlin Olympics,22.6,4,Default,In stock (19 available),"For readers of Laura Hillenbrand's Seabiscuit and Unbroken, the dramatic story of the American rowing team that stunned the world at Hitler's 1936 Berlin Olympics Daniel James Brownâs robust book tells the story of the University of Washingtonâs 1936 eight-oar crew and their epic quest for an Olympic gold medal, a team that transformed the sport and grabbed the attention o For readers of Laura Hillenbrand's Seabiscuit and Unbroken, the dramatic story of the American rowing team that stunned the world at Hitler's 1936 Berlin Olympics Daniel James Brownâs robust book tells the story of the University of Washingtonâs 1936 eight-oar crew and their epic quest for an Olympic gold medal, a team that transformed the sport and grabbed the attention of millions of Americans. The sons of loggers, shipyard workers, and farmers, the boys defeated elite rivals first from eastern and British universities and finally the German crew rowing for Adolf Hitler in the Olympic games in Berlin, 1936. The emotional heart of the story lies with one rower, Joe Rantz, a teenager without family or prospects, who rows not for glory, but to regain his shattered self-regard and to find a place he can call home. The crew is assembledÂ  by an enigmatic coach and mentored by a visionary, eccentric British boat builder, but it is their trust in each other that makes them a victorious team. They remind the country of what can be done when everyone quite literally pulls togetherâa perfect melding of commitment, determination, and optimism. Drawing on the boysâ own diaries and journals, their photos and memories of a once-in-a-lifetime shared dream, The Boys in the Boat is an irresistible story about beating the odds and finding hope in the most desperate of timesâthe improbable, intimate story of nine working-class boys from the American west who, in the depths of the Great Depression, showed the world what true grit really meant. It will appeal to readers of Erik Larson, Timothy Egan, James Bradley, and David Halberstam's The Amateurs. ...more"
30a7f60cd76ca58c,Shakespeare's Sonnets,20.66,4,Poetry,In stock (19 available),"This book is an important and complete collection of the Sonnets of William Shakespeare. Most readers are aware of the great plays and manuscripts written for the stage, but are unaware of the magnificent Sonnets which were written around the same period. This is an excellent, complete collection of the Sonnets and poetry of William Shakespeare and should not be missed by This book is an important and complete collection of the Sonnets of William Shakespeare. Most readers are aware of the great plays and manuscripts written for the stage, but are unaware of the magnificent Sonnets which were written around the same period. This is an excellent, complete collection of the Sonnets and poetry of William Shakespeare and should not be missed by those interested in the completion of a collection of his writings and those interested in early poetic works. ...more"
ce6396b0f23f6ecc,Set Me Free,17.46,5,Young Adult,In stock (19 available),"Aaron Ledbetterâs future had been planned out for him since before he was born. Each year, the Ledbetter family vacation on Tybee Island gave Aaron a chance to briefly free himself from his familyâs expectations. When he meets Jonas âLuckyâ Luckett, a caricature artist in town with the traveling carnival, he must choose between the life thatâs been mapped out for him, and Aaron Ledbetterâs future had been planned out for him since before he was born. Each year, the Ledbetter family vacation on Tybee Island gave Aaron a chance to briefly free himself from his familyâs expectations. When he meets Jonas âLuckyâ Luckett, a caricature artist in town with the traveling carnival, he must choose between the life thatâs been mapped out for him, and the chance at true love. ...more"
a34ba96d4081e6a4,Rip it Up and Start Again,35.02,5,Music,In stock (19 available),"Punk's raw power rejuvenated rock, but by the summer of 1977 the movement had become a parody of itself. RIP IT UP AND START AGAIN is a celebration of what happened next.Post-punk bands like PiL, Joy Division, Talking Heads, The Fall and The Human League dedicated themselves to fulfilling punk's unfinished musical revolution. The post-punk groups were fervent modernists; w Punk's raw power rejuvenated rock, but by the summer of 1977 the movement had become a parody of itself. RIP IT UP AND START AGAIN is a celebration of what happened next.Post-punk bands like PiL, Joy Division, Talking Heads, The Fall and The Human League dedicated themselves to fulfilling punk's unfinished musical revolution. The post-punk groups were fervent modernists; whether experimenting with electronics and machine rhythm or adapting ideas from dub reggae and disco, they were totally confident they could invent a whole new future for music. ...more"
5674a18a29a43ced,"Foolproof Preserving: A Guide to Small Batch Jams, Jellies, Pickles, Condiments, and More: A Foolproof Guide to Making Small Batch Jams, Jellies, Pickles, Condiments, and More",30.52,3,Food and Drink,In stock (19 available),"Canning perfected the Americaâs Test Kitchen way. The art of preserving produce by canning and preserving has come full circle from grandmother's kitchen to a whole new generation now eager to learn it. This detailed guide to home preserving is perfect for novice canners and experts alike and offers more than 100 foolproof recipes across a wide range of categories, from sw Canning perfected the Americaâs Test Kitchen way. The art of preserving produce by canning and preserving has come full circle from grandmother's kitchen to a whole new generation now eager to learn it. This detailed guide to home preserving is perfect for novice canners and experts alike and offers more than 100 foolproof recipes across a wide range of categories, from sweet jams and jellies to savory jams, vegetables, condiments, pickles, whole fruits, and more. Let the experts at America's Test Kitchen show you how to do it right with detailed tutorials, troubleshooting tips, equipment information, and insight into the science behind canning. ...more"
c2e46a2ee3b4a322,Chase Me (Paris Nights #2),25.27,5,Romance,In stock (19 available),"A Michelin two-star chef at twenty-eight, Violette Lenoir could handle anything, including a cocky burglar who broke into her restaurant in the middle of the night.Or so she thought.Elite counterterrorist operative Chase âSmithâ had been through things that made Hell Week look easy. But nothing had prepared him for a leather-clad blonde who held him at bay at knifepoint an A Michelin two-star chef at twenty-eight, Violette Lenoir could handle anything, including a cocky burglar who broke into her restaurant in the middle of the night.Or so she thought.Elite counterterrorist operative Chase âSmithâ had been through things that made Hell Week look easy. But nothing had prepared him for a leather-clad blonde who held him at bay at knifepoint and dared him to take her on.Now if only saving the world didnât require he ruin her life.Two people who thought they could handle anything now have to take on each other. It's a battle neither one expected. But with their futures on the line, they have nothing to lose...but their hearts.Warning: This book contains one arrogant Navy SEAL, nights of Paris passion, and a woman who wants to have it all. ...more"
00bfed9e18bb36f3,Black Dust,34.53,5,Romance,In stock (19 available),"No matter how busy he keeps himself, successful Broadway musician Tobias Spence canât outrun the memory of a tragic car crash from his past that claimed a friendâs life and permanently injured his former boyfriend, Emmett.Even after losing Tobias, Emmett Henderson made peace with that awful night, living in his Indiana hometown where he has become a revered choral director No matter how busy he keeps himself, successful Broadway musician Tobias Spence canât outrun the memory of a tragic car crash from his past that claimed a friendâs life and permanently injured his former boyfriend, Emmett.Even after losing Tobias, Emmett Henderson made peace with that awful night, living in his Indiana hometown where he has become a revered choral director. When his students are asked to perform in New York City, he decides to chance reconnecting with his former love, if for no other reason than to get a proper goodbye.When Emmett and Tobias finally meet 15 years after parting ways, it is clear to both of them that their feelings for each other have not changed. As they explore their renewed relationship, the two men face old hurts and the new challenges of a long-distance romance. Will Tobias lose his second chance at love to the ghosts he canât seem to put to rest? ...more"
c7d160c2c0de586f,America's Cradle of Quarterbacks: Western Pennsylvania's Football Factory from Johnny Unitas to Joe Montana,22.5,3,Default,In stock (19 available),"Any fan of the Baltimore Colts of my era, any fan of my friend and teammate Johnny Unitas, or, for that matter, any fan of football in general should enjoy Wayne Stewart's book. It contains great stories, statistics, and information on all of the many great quarterbacks whocame out of Western Pennsylvania and much more. Raymond Berry NFL Hall of Fame Wide Receiver Itâs wel Any fan of the Baltimore Colts of my era, any fan of my friend and teammate Johnny Unitas, or, for that matter, any fan of football in general should enjoy Wayne Stewart's book. It contains great stories, statistics, and information on all of the many great quarterbacks whocame out of Western Pennsylvania and much more. Raymond Berry NFL Hall of Fame Wide Receiver Itâs well known that the NFL has been dominated through the years by quarterbacks sown and grown in a relatively small area surrounding the city of Pittsburgh in Western Pennsylvania. In Americaâs Cradle of Quarterbacks, author Wayne Stewart not only tells us who they are, he digs deep to explain the nature and nurture behind the rich harvest of signal callers (Montana, Unitas, Marino, Namath, Kelly, Blanda, etc.) who have risen from that fertile soil to claim Lombardi Trophies and dominate the gallery of busts in the Pro Football Hall of Fame. Stewart has written a fascinating book that belongs on the shelves of football historians and everyday fans alike. Jeffrey J. Miller Author of Rockinâ The Rockpile, BuffaloâsForgotten Champions, and Game Changers ...more"
4c28def39d850cdf,Worlds Elsewhere: Journeys Around Shakespeareâs Globe,40.3,5,Nonfiction,In stock (18 available),"Anti-apartheid activist, Bollywood screenwriter, Nazi pin-up, hero of the Wild West: this is Shakespeare as you have never seen him before.From the sixteenth-century Baltic to the American Revolution, from colonial India to the skyscrapers of modern-day Shanghai, Shakespeareâs plays appear at the most fascinating of times and in the most unexpected of places. No other writ Anti-apartheid activist, Bollywood screenwriter, Nazi pin-up, hero of the Wild West: this is Shakespeare as you have never seen him before.From the sixteenth-century Baltic to the American Revolution, from colonial India to the skyscrapers of modern-day Shanghai, Shakespeareâs plays appear at the most fascinating of times and in the most unexpected of places. No other writerâs work has been performed, translated, adapted and altered in such a remarkable variety of cultures and languages. But what is it about William Shakespeare â a man from Warwickshire who never once set foot outside England â that has made him at home in so many places around the globe?Travelling across four continents, six countries and 400 years, Andrew Dickson takes us on a personal journey rich in insight and surprise. We enter the air-conditioned vault deep beneath Capitol Hill where the worldâs largest collection of First Folios is stored; discover the shadowy history of Joseph Goebbelsâs obsession with Shakespeare; and uncover the true story behind the scuffed edition in which Nelson Mandela and fellow Robben Island prisoners inscribed their names. Both cultural history and literary travelogue, Worlds Elsewhere is an attempt to understand how Shakespeare has become the international phenomenon he is â and why.""There were very few pages on which I didnât learn something new or revelatory. A must-read for anyone interested in Shakespeareâs impact on people and politics around the globe"" (James Shapiro, author of 1599: A Year in the Life of William Shakespeare)""Immensely well-informed and highly readable. A revelatory journey of cultural exploration"" (Professor Stanley Wells, General Editor of the Oxford and Penguin Shakespeares)""Brilliantly original. Absolutely engaging, witty and irresistible. Whatâs most remarkable: heâs said something new about Shakespeare"" (Michael Pye, author of The Edge of the World)""A truly original book about Shakespeare: one that explores the dramatist's global reach with tenacity, devotion and an exhilarating spirit of adventure"" (Michael Billington) ...more"
ccd9ffa25efabdea,Wall and Piece,44.18,4,Art,In stock (18 available),"Banksy, Britain's now-legendary ""guerilla"" street artist, has painted the walls, streets, and bridges of towns and cities throughout the world. Not only did he smuggle his pieces into four of New York City's major art museums, he's also ""hung"" his work at London's Tate Gallery and adorned Israel's West Bank barrier with satirical images. Banksy's identity remains unknown, Banksy, Britain's now-legendary ""guerilla"" street artist, has painted the walls, streets, and bridges of towns and cities throughout the world. Not only did he smuggle his pieces into four ofÂ  New York City's major art museums, he's also ""hung"" his work at London's Tate Gallery and adorned Israel's West Bank barrier with satirical images. Banksy's identity remains unknown, but his work is unmistakableâwith prints selling for as much as $45,000. ...more"
6258a1f6a6dcfe50,The Four Agreements: A Practical Guide to Personal Freedom,17.66,5,Spirituality,In stock (18 available),"In The Four Agreements, don Miguel Ruiz reveals the source of self-limiting beliefs that rob us of joy and create needless suffering. Based on ancient Toltec wisdom, the Four Agreements offer a powerful code of conduct that can rapidly transform our lives to a new experience of freedom, true happiness, and love. The Four Agreements are: Be Impeccable With Your Word, Don't In The Four Agreements, don Miguel Ruiz reveals the source of self-limiting beliefs that rob us of joy and create needless suffering. Based on ancient Toltec wisdom, the Four Agreements offer a powerful code of conduct that can rapidly transform our lives to a new experience of freedom, true happiness, and love. The Four Agreements are: Be Impeccable With Your Word, Don't Take Anything Personally, Don't Make Assumptions, Always Do Your Best. ...more"
3c039985229453bf,The Five Love Languages: How to Express Heartfelt Commitment to Your Mate,31.05,3,Nonfiction,In stock (18 available),"Are you and your spouse speaking the same language? While love is a many splendored thing, it is sometimes a very confusing thing, too. And as people come in all varieties, shapes, and sizes, so do their choices of personal expressions of love. But more often than not, the giver and the receiver express love in two different ways. This can lead to misunderstanding, quarrel Are you and your spouse speaking the same language? While love is a many splendored thing, it is sometimes a very confusing thing, too. And as people come in all varieties, shapes, and sizes, so do their choices of personal expressions of love. But more often than not, the giver and the receiver express love in two different ways. This can lead to misunderstanding, quarrels, and even divorce.Quality time, words of affirmation, gifts, acts of service, and physical touch are the five basic love languages. Dr. Gary Chapman identifies these and guides couples towards a better understanding of their unique languages of love. Learn to speak and understand your mate's love language, and in no time you will be able to effectively love and truly feel loved in return. Skillful communication is within your grasp! ...more"
5dada2b7be26bd03,The Elephant Tree,23.82,5,Thriller,In stock (18 available),"Mark Fallon is an overworked detective investigating a spate of attacks at a string of high profile city centre nightclubs. Scott is a dejected 24 year old struggling to make ends meet working for his brother and supplementing his income with a small-scale drug dealing operation. Angela is an attractive 23 year old, raised by her father, a career criminal and small time dr Mark Fallon is an overworked detective investigating a spate of attacks at a string of high profile city centre nightclubs. Scott is a dejected 24 year old struggling to make ends meet working for his brother and supplementing his income with a small-scale drug dealing operation. Angela is an attractive 23 year old, raised by her father, a career criminal and small time drug dealer who supplies Scott with cannabis. This is a chilling tale spanning a few months in the lives of Scott and Angela, where realizations about the present combine with shocking revelations from the past leading to an apocalyptic climax where they no longer know whom they can trust. ...more"
6be3beb0793a53e7,Sophie's World,15.94,5,Philosophy,In stock (18 available),"A page-turning novel that is also an exploration of the great philosophical concepts of Western thought, Sophieâs World has fired the imagination of readers all over the world, with more than twenty million copies in print.One day fourteen-year-old Sophie Amundsen comes home from school to find in her mailbox two notes, with one question on each: âWho are you?â and âWhere A page-turning novel that is also an exploration of the great philosophical concepts of Western thought, Sophieâs World has fired the imagination of readers all over the world, with more than twenty million copies in print.One day fourteen-year-old Sophie Amundsen comes home from school to find in her mailbox two notes, with one question on each: âWho are you?â and âWhere does the world come from?â From that irresistible beginning, Sophie becomes obsessed with questions that take her far beyond what she knows of her Norwegian village. Through those letters, she enrolls in a kind of correspondence course, covering Socrates to Sartre, with a mysterious philosopher, while receiving letters addressed to another girl. Who is Hilde? And why does her mail keep turning up? To unravel this riddle, Sophie must use the philosophy she is learningâbut the truth turns out to be far more complicated than she could have imagined. ...more"
668fe56b17cfcd4f,Penny Maybe,33.29,3,Default,In stock (18 available),"Sent to yet another foster family, Penny decides that the way to claim a sense of self is to swim Lake Ontario. Although this seems impossible, she finds the courage to ask her physics teacher to be her coach, and wins the support of her new foster mother."
b12b89017878a60d,Private Paris (Private #10),47.61,5,Fiction,In stock (17 available),"Paris is burning--and only Private's Jack Morgan can put out the fire.When Jack Morgan stops by Private's Paris office, he envisions a quick hello during an otherwise relaxing trip filled with fine food and sightseeing. But Jack is quickly pressed into duty after a call from his client Sherman Wilkerson, asking Jack to track down his young granddaughter who is on the run f Paris is burning--and only Private's Jack Morgan can put out the fire.When Jack Morgan stops by Private's Paris office, he envisions a quick hello during an otherwise relaxing trip filled with fine food and sightseeing. But Jack is quickly pressed into duty after a call from his client Sherman Wilkerson, asking Jack to track down his young granddaughter who is on the run from a brutal drug dealer.Before Jack can locate her, several members of France's cultural elite are found dead--murdered in stunning, symbolic fashion. The only link between the crimes is a mysterious graffiti tag. As religious and ethnic tensions simmer in the City of Lights, only Jack and his Private team can connect the dots before the smoldering powder keg explodes. ...more"
c27f6e1f185b0383,#HigherSelfie: Wake Up Your Life. Free Your Soul. Find Your Tribe.,23.11,5,Nonfiction,In stock (17 available),"There is a cosmic alarm clock going off around the world! #HigherSelfie's aim is to unite all those waking up spiritually in this digital age. This book is a guide to love, connection, and kickass surrendered action for young people who have at least a toe in the door of spirituality. With a no-nonsense approach and full of wit and humor, this book shares age-old concepts There is a cosmic alarm clock going off around the world! #HigherSelfie's aim is to unite all those waking up spiritually in this digital age. This book is a guide to love, connection, and kickass surrendered action for young people who have at least a toe in the door of spirituality. With a no-nonsense approach and full of wit and humor, this book shares age-old concepts in a language that is accessible to the modern spiritual audience. Whether you have just bought a yoga mat or have been meditating for years, this book will offer you guidance and support, whatever stage of the journey you're at. Life coaches Jo Westwood and Lucy Sheridan touch upon timeless topics such as forgiveness, surrender and the ego, as well as subjects specific to the current age, such as using social media in a healthy way, finding a like-minded tribe, and following your own spiritual and life paths without comparing yourself to others. Whether you're a Reiki master, climbing the corporate ladder or working in a suburban garden center #HigherSelfie will be the perfect âgateway drugâ for those looking for something deeper and more meaningful. ...more"
657fe5ead67a7767,Untitled Collection: Sabbath Poems 2014,14.27,4,Poetry,In stock (16 available),"More than thirty-five years ago, when the weather allowed, Wendell Berry began spending his sabbaths outdoors, walking and wandering around familiar territory, seeking a deep intimacy only time could provide. These walks arranged themselves into poems and each year since he has completed a sequence dated by the year of its composition. Last year we collected the lot into a More than thirty-five years ago, when the weather allowed, Wendell Berry began spending his sabbaths outdoors, walking and wandering around familiar territory, seeking a deep intimacy only time could provide. These walks arranged themselves into poems and each year since he has completed a sequence dated by the year of its composition. Last year we collected the lot into a collection, This Day, the Sabbath Poems 1979-2013. This new sequence for the following year is one of the richest yet. This group provides a virtual syllabus for all of Mr. Berryâs cultural and agricultural work in concentrated form. Many of these poems are drawn from the view from a small porch in the woods, a place of stillness and reflection, a vantage point âof the one/life of the forest composed/of uncountable lives in countless/years each life coherent itself within/ the coherence, the great composure,/of all.â A new collection of Wendell Berry poems is always an occasion of joyful celebration and this one is especially so. ...more"
d170b5a0da46380e,"Unseen City: The Majesty of Pigeons, the Discreet Charm of Snails & Other Wonders of the Urban Wilderness",44.18,4,Nonfiction,In stock (16 available),"It all started with Nathanael Johnsonâs decision to teach his daughter the name of every tree they passed on their walk to day care in San Francisco. This project turned into a quest to discover the secrets of the neighborhoodâs flora and fauna, and yielded more than names and trivia: Johnson developed a relationship with his nonhuman neighbors.Johnson argues that learning It all started with Nathanael Johnsonâs decision to teach his daughter the name of every tree they passed on their walk to day care in San Francisco. This project turned into a quest to discover the secrets of the neighborhoodâs flora and fauna, and yielded more than names and trivia: Johnson developed a relationship with his nonhuman neighbors.Johnson argues that learning to see the world afresh, like a child, shifts the way we think about nature: Instead of something distant and abstract, nature becomes realâall at once comical, annoying, and beautiful. This shift can add tremendous value to our lives, and it might just be the first step in saving the world.No matter where we liveâcity, country, oceanside, ormountainsâthere are wonders that we walk past every day. Unseen City widens the pinhole of our perspective by allowing us to view the world from the high-altitude eyes of a turkey vulture and the distinctly low-altitude eyes of a snail. The narrative allows us to eavesdrop on the comically frenetic life of a squirrel and peer deep into the past with a ginkgo biloba tree. Each of these organisms has something unique to tell us about our neighborhoods and, chapter by chapter, Unseen City takes us on a journey that is part nature lesson and part love letter to the worldâs urban jungles. With the right perspective, a walk to the subway can be every bit as entrancing as a walk through a national park. ...more"
7ae099f3898e0209,Unicorn Tracks,18.78,3,Fantasy,In stock (16 available),"After a savage attack drives her from her home, sixteen-year-old Mnemba finds a place in her cousin Tumeloâs successful safari business, where she quickly excels as a guide. Surrounding herself with nature and the mystical animals inhabiting the savannah not only allows Mnembaâs tracking skills to shine, it helps her to hide from the terrible memories that haunt her.Mnemba After a savage attack drives her from her home, sixteen-year-old Mnemba finds a place in her cousin Tumeloâs successful safari business, where she quickly excels as a guide. Surrounding herself with nature and the mystical animals inhabiting the savannah not only allows Mnembaâs tracking skills to shine, it helps her to hide from the terrible memories that haunt her.Mnemba is employed to guide Mr. Harving and his daughter, Kara, through the wilderness as they study unicorns. The young women are drawn to each other, despite that fact that Kara is betrothed. During their research, they discover a conspiracy by a group of poachers to capture the Unicorns and exploit their supernatural strength to build a railway. Together, they must find a way to protect the creatures Kara adores while resisting the love they know they can never indulge. ...more"
7858914fad68493c,Throwing Rocks at the Google Bus: How Growth Became the Enemy of Prosperity,31.12,3,Nonfiction,In stock (16 available),"Capital in the Twenty-First Century meets The Second Machine Age in this stunning and optimistic tour de force on the promise and peril of the digital economy, from one of the most brilliant social critics of our time. Digital technology was supposed to usher in a new age of endless prosperity, but so far it has been used to put industrial capitalism on steroids, makin Capital in the Twenty-First Century meets The Second Machine Age in this stunning and optimistic tour de force on the promise and peril of the digital economy, from one of the most brilliant social critics of our time. Digital technology was supposed to usher in a new age of endless prosperity, but so far it has been used to put industrial capitalism on steroids, making it harder for people and businesses to keep up. Social networks surrender their original missions to more immediately profitable data mining, while brokerage houses abandon value investing for algorithms that drain markets and our 401ks alike--all tactics driven by the need to stoke growth by any means necessary. Instead of taking this opportunity to reprogram our economy for sustainability, we have doubled down on growth as its core command. We have reached the limits of this approach. We must escape the growth trap, once and for all.Â Media scholar and technology author Douglas Rushkoff--one of today's most original and influential thinkers--argues for a new economic program that utilizes the unique distributive power of the internet while breaking free of the winner-take-all system the growth trap leaves in its wake. Drawing on sources both contemporary and historical, Rushkoff pioneers a new understanding of the old economic paradigm, from central currency to debt to corporations and labor.Most importantly, he offers a series of practical steps for businesses, consumers, investors, and policymakers to remake the economic operating system from the inside out--and prosper along the way. Instead of boycotting Wal-Mart or overtaxing the wealthy, we simply implement strategies that foster the creation of value by stakeholders other than just ourselves. From our currency to our labor to the corporation, every aspect of the economy can be reprogrammed with minimal disruption to create a more equitably distributed prosperity for all.Inspiring and challenging, Throwing Rocks at the Google Bus provides a pragmatic, optimistic, and human-centered model for economic progress in the digital age. ...more"
51653ef291ab7ddc,This One Summer,19.49,4,Sequential Art,In stock (16 available),"Every summer, Rose goes with her mom and dad to a lake house in Awago Beach. It's their getaway, their refuge. Rosie's friend Windy is always there, too, like the little sister she never had. But this summer is different. Rose's mom and dad won't stop fighting, and when Rose and Windy seek a distraction from the drama, they find themselves with a whole new set of problems. Every summer, Rose goes with her mom and dad to a lake house in Awago Beach. It's their getaway, their refuge. Rosie's friend Windy is always there, too, like the little sister she never had. But this summer is different. Rose's mom and dad won't stop fighting, and when Rose and Windy seek a distraction from the drama, they find themselves with a whole new set of problems. It's a summer of secrets and sorrow and growing up, and it's a good thing Rose and Windy have each other.In This One Summer two stellar creators redefine the teen graphic novel. Cousins Mariko and Jillian Tamaki, the team behind Skim, have collaborated on this gorgeous, heartbreaking, and ultimately hopeful story about a girl on the cusp of her teen age â a story of renewal and revelation. ...more"
709822d0b5bcb7f4,Thirst,17.27,5,Fiction,In stock (16 available),"On a searing summer Friday, Eddie Chapman has been stuck for hours in a traffic jam. There are accidents along the highway, but ambulances and police are conspicuously absent. When he decides to abandon his car and run home, he sees that the trees along the edge of a stream have been burnt, and the water in the streambed is gone. Something is very wrong.When he arrives hom On a searing summer Friday, Eddie Chapman has been stuck for hours in a traffic jam. There are accidents along the highway, but ambulances and police are conspicuously absent. When he decides to abandon his car and run home, he sees that the trees along the edge of a stream have been burnt, and the water in the streambed is gone. Something is very wrong.When he arrives home, the power is out and there is no running water. The pipes everywhere, it seems, have gone dry. Eddie and his wife, Laura, find themselves thrust together with their neighbors while a sense of unease thickens in the stifling night air. Thirst takes place in the immediate aftermath of a mysterious disaster--the Chapmans and their neighbors suffer the effects of the heat, their thirst, and the terrifying realization that no one is coming to help. As violence rips through the community, Eddie and Laura are forced to recall secrets from their past and question their present humanity. In crisp and convincing prose, Ben Warner compels readers to do the same. What might you do to survive? ...more"
cedf82b5086e4691,The Natural History of Us (The Fine Art of Pretending #2),45.22,3,Young Adult,In stock (16 available),"One class assignment. One second chance at love. The school player is all in. Now he needs to win back the sweet commitment girl who's forever owned his heart. Justin Carter has a secret. He's not the total player Fairfield Academy believes him to be. Not really. In fact, he used to be a one-woman guy...and his feelings for her never went away. Too bad he broke her heart t One class assignment. One second chance at love. The school player is all in. Now he needs to win back the sweet commitment girl who's forever owned his heart. Justin Carter has a secret. He's not the total player Fairfield Academy believes him to be. Not really. In fact, he used to be a one-woman guy...and his feelings for her never went away. Too bad he broke her heart three years ago and made sure to ruin any chance she'd ever forgive him. Peyton Williams is a liar. She pretends to be whole, counting down the days until graduation and helping her parents at the family ranch. But the truth is, she's done everything she can to get over Justin, and salvation is just around the corner. With graduation one short month away, she'll soon break free from the painful memories and start her life fresh. Of course, she has to get through working with him on one last assignment first. For Justin, nothing ever felt as right as being with Peyton, and now that fate's given him a shot at redemption, he's determined to make the most of it. And for Peyton...well, Justin Carter has always been her kryptonite. ...more"
7d385d34d12e60ff,The Nameless City (The Nameless City #1),38.16,4,Sequential Art,In stock (16 available),"Every nation that invades the City gives it a new name. But before long, new invaders arrive and the City changes hands once again. The natives don't let themselves get caught up in the unending wars. To them, their home is the Nameless City, and those who try to name it are forever outsiders.Kaidu is one such outsider. He's a Dao born and bred--a member of the latest occu Every nation that invades the City gives it a new name. But before long, new invaders arrive and the City changes hands once again. The natives don't let themselves get caught up in the unending wars. To them, their home is the Nameless City, and those who try to name it are forever outsiders.Kaidu is one such outsider. He's a Dao born and bred--a member of the latest occupying nation. Rat is a native of the Nameless City. At first, she hates Kai for everything he stands for, but his love of his new home may be the one thing that can bring these two unlikely friends together. Let's hope so, because the fate of the Nameless City rests in their hands. ...more"
aadee1c326d286e3,The Most Perfect Thing: Inside (and Outside) a Bird's Egg,42.96,4,Science,In stock (16 available),"Renowned ornithologist Tim Birkhead opens this gripping story as a female guillemot chick hatches, already carrying her full quota of tiny eggs within her undeveloped ovary. As she grows into adulthood, only a few of her eggs mature, are released into the oviduct, and are fertilized by sperm stored from copulation that took place days or weeks earlier. Within a matter of h Renowned ornithologist Tim Birkhead opens this gripping story as a female guillemot chick hatches, already carrying her full quota of tiny eggs within her undeveloped ovary. As she grows into adulthood, only a few of her eggs mature, are released into the oviduct, and are fertilized by sperm stored from copulation that took place days or weeks earlier. Within a matter of hours, the fragile yolk is surrounded by albumen and the whole is gradually encased within a turquoise jewel of a shell. Soon afterward the fully formed egg is expelled onto a bare rocky ledge, where it will be incubated for four weeks before another chick emerges and the life cycle begins again. A Bird's Egg is about how eggs in general are made, fertilized, developed, and hatched. The eggs of most birds spend just 24 hours in the oviduct; however, that journey takes 48 hours in cuckoos, which surreptitiously lay their eggs in the nests of other birds. From the earliest times, the study of birds' ovaries and ova (eggs) played a vital role in the quest to unravel the mysteries of fertilization and embryo development in humans. Birkhead uses birds' eggs as wondrous portals into natural history, enlivened by the stories of naturalists and scientists, including Birkhead and his students, whose discoveries have advanced current scientific knowledge of reproduction. ...more"
31075275518532d7,"The Mindfulness and Acceptance Workbook for Anxiety: A Guide to Breaking Free from Anxiety, Phobias, and Worry Using Acceptance and Commitment Therapy",23.89,4,Add a comment,In stock (16 available),"Is anxiety and fear a problem for you? Have you tried to win the war with your anxious mind and body, only to end up feeling frustrated, powerless, and stuck? If so, youâre not alone. But there is a way forward, a path into genuine happiness, and a way back into living the kind of life you so desperately want. This workbook will help you get started on this new journey tod Is anxiety and fear a problem for you? Have you tried to win the war with your anxious mind and body, only to end up feeling frustrated, powerless, and stuck? If so, youâre not alone. But there is a way forward, a path into genuine happiness, and a way back into living the kind of life you so desperately want. This workbook will help you get started on this new journey today!Now in its second edition, The Mindfulness and Acceptance Workbook for Anxiety offers a new approach to your anxiety, fears, and your life. Within its pages, youâll find a powerful and tested set of tools and strategies to help you gain freedom from fear, trauma, worry, and all the many manifestations of anxiety and fear. The book offers an empowering approach to help you create the kind of life you so desperately want to live.Based on a revolutionary approach to psychological health and wellness called acceptance and commitment therapy (ACT), this fully revised and updated second edition offers compelling new exercises to help you create the conditions for your own genuine happiness and peace of mind. Youâll learn how your mind can trap you, keeping you stuck and struggling in anxiety and fear. Youâll also discover ways to nurture your capacity for acceptance, mindfulness, kindness, and compassion, and use these qualities to weaken the power of anxiety and fear so that you can gain the space do what truly matters to you. Now is the time.Nobody chooses anxiety. And there is no healthy way to âturn offâ anxious thoughts and feelings like a light switch. But you can learn to break free from the shackles of anxiety and fear and take back your life. The purpose of this workbook is to help you do just that. Your life is calling on you to make that choice, and the skills in this workbook can help you make it happen. You can live better, more fully, and more richly with or without anxiety and fear. This book will show you the way.This book has been awarded The Association for Behavioral and Cognitive Therapies Self-Help Seal of Merit â an award bestowed on outstanding self-help books that are consistent with cognitive behavioral therapy (CBT) principles and that incorporate scientifically tested strategies for overcoming mental health difficulties. Used alone or in conjunction with therapy, our books offer powerful tools readers can use to jump-start changes in their lives. ...more"
0da9aa9d24677fc0,The Life-Changing Magic of Tidying Up: The Japanese Art of Decluttering and Organizing,16.77,3,Nonfiction,In stock (16 available),"Despite constant efforts to declutter your home, do papers still accumulate like snowdrifts and clothes pile up like a tangled mess of noodles?Japanese cleaning consultant Marie Kondo takes tidying to a whole new level, promising that if you properly simplify and organize your home once, you'll never have to do it again. Most methods advocate a room-by-room or little-by-li Despite constant efforts to declutter your home, do papers still accumulate like snowdrifts and clothes pile up like a tangled mess of noodles?Japanese cleaning consultant Marie Kondo takes tidying to a whole new level, promising that if you properly simplify and organize your home once, you'll never have to do it again. Most methods advocate a room-by-room or little-by-little approach, which doom you to pick away at your piles of stuff forever. The KonMari Method, with its revolutionary category-by-category system, leads to lasting results. In fact, none of Kondo's clients have lapsed (and she still has a three-month waiting list).With detailed guidance for determining which items in your house ""spark joy"" (and which don't), this international best seller featuring Tokyo's newest lifestyle phenomenon will help you clear your clutter and enjoy the unique magic of a tidy home - and the calm, motivated mindset it can inspire. ...more"
8c9e6bf2467d740d,"The Inefficiency Assassin: Time Management Tactics for Working Smarter, Not Longer",20.59,5,Default,In stock (16 available),"Slay Procrastination, Distraction, and Overwhelm!Who doesnât want more time and energy for family, friends, and personal passions? Author Helene Segura coaches real people in the real world to operate more efficiently during the workday, so they can have a life outside it. Her engaging time management program caters to diverse learning styles, offering case studies that al Slay Procrastination, Distraction, and Overwhelm!Who doesnât want more time and energy for family, friends, and personal passions? Author Helene Segura coaches real people in the real world to operate more efficiently during the workday, so they can have a life outside it. Her engaging time management program caters to diverse learning styles, offering case studies that allow readers to self-diagnose and zero in on the strategies most appropriate for them. Anyone wanting to streamline workflow and improve productivity can employ her wonderfully doable techniques â for clearing task lists, handling reminder systems, scheduling a variety of priorities, and even managing emails and phone calls. Thanks to Seguraâs astute attention to personality, The Inefficiency Assassin meets readers where they are struggling and details quick and easy-to-implement strategies to, as Segura promises, âkick chaos to the curb.â ...more"
43c6a960757cf559,"The Bulletproof Diet: Lose up to a Pound a Day, Reclaim Energy and Focus, Upgrade Your Life",49.05,3,Health,In stock (16 available),"In his midtwenties, Dave Asprey was a successful Silicon Valley multimillionaire. He also weighed 300 pounds, despite the fact that he was doing what doctors recommended: eating 1,800 calories a day and working out 90 minutes a day, six times a week. When his excess fat started causing brain fog and food cravings sapped his energy and willpower, Asprey turned to the same h In his midtwenties, Dave Asprey was a successful Silicon Valley multimillionaire. He also weighed 300 pounds, despite the fact that he was doing what doctors recommended: eating 1,800 calories a day and working out 90 minutes a day, six times a week. When his excess fat started causing brain fog and food cravings sapped his energy and willpower, Asprey turned to the same hacking techniques that made his fortune to ""hack"" his own biology, investing more than $300,000 and 15 years to uncover what was hindering his energy, performance, appearance, and happiness. From private brain EEG facilities to remote monasteries in Tibet, through radioactive brain scans, blood chemistry work, nervous system testing, and more, he explored traditional and alternative technologies to reach his physical and mental prime. The result? The Bulletproof Diet, an anti-inflammatory program for hunger-free, rapid weight loss and peak performance. The Bulletproof Diet will challengeâand changeâthe way you think about weight loss and wellness. You will skip breakfast, stop counting calories, eat high levels of healthy saturated fat, work out and sleep less, and add smart supplements.In doing so, you'll gain energy, build lean muscle, and watch the pounds melt off. By ditching traditional ""diet"" thinking, Asprey went from being overweight and sick in his twenties to maintaining a 100-pound weight loss, increasing his IQ, and feeling better than ever in his forties. The Bulletproof Diet is your blueprint to a better life. ...more"
80cfab6bcff3a244,The Art Forger,40.76,3,Add a comment,In stock (16 available),"On March 18, 1990, thirteen works of art today worth over $500 million were stolen from the Isabella Stewart Gardner Museum in Boston. It remains the largest unsolved art heist in history, and Claire Roth, a struggling young artist, is about to discover that thereâs more to this crime than meets the eye.Making a living reproducing famous artworks for a popular online retai On March 18, 1990, thirteen works of art today worth over $500 million were stolen from the Isabella Stewart Gardner Museum in Boston. It remains the largest unsolved art heist in history, and Claire Roth, a struggling young artist, is about to discover that thereâs more to this crime than meets the eye.Making a living reproducing famous artworks for a popular online retailer and desperate to improve her situation, Claire is lured into a Faustian bargain with Aiden Markel, a powerful gallery owner. She agrees to forge a paintingâa Degas masterpiece stolen from the Gardner Museumâin exchange for a one-woman show in his renowned gallery. But when that very same long-missing Degas painting is delivered to Claireâs studio, she begins to suspect that it may itself be a forgery.Her desperate search for the truth leads Claire into a labyrinth of deceit where secrets hidden since the late nineteenth century may be the only evidence that can now save her life. ...more"
7d6d2a6c0276f81b,The Activist's Tao Te Ching: Ancient Advice for a Modern Revolution,32.24,5,Spirituality,In stock (16 available),"Change and anger are in the air. Looking for answers to todayâs wrenching challenges, William Martin turns to the Tao Te Ching and finds that while Taoism is known for its quiet, enigmatic wisdom, the Tao can also have the cleansing force of a rushing river.Through his interpretation of this ancient Chinese text, Martin elucidates revolutionary messages condemning power-se Change and anger are in the air. Looking for answers to todayâs wrenching challenges, William Martin turns to the Tao Te Ching and finds that while Taoism is known for its quiet, enigmatic wisdom, the Tao can also have the cleansing force of a rushing river.Through his interpretation of this ancient Chinese text, Martin elucidates revolutionary messages condemning power-seeking and greed. He emphasizes that humans have a ânatural virtueâ that can help them heal the planet; shows how Taoismâs simplicity can be subversive and its flexibility a potent force; and reassures that âwhen injustice is the rule, justice always lies in wait.âProvocative and stirring, Martinâs Tao flows within and through those who ride the waves of anger and frustration and gently guides them to true freedom.âWe have learned the secret of transformation: Injustice feeds our determination. Hate increases our love. Wounds bring forth our healing, and fear uncovers our courage and serenity.ââ from The Activistâs Tao Te Ching ...more"
87b0615b6e1f4d7b,Spark Joy: An Illustrated Master Class on the Art of Organizing and Tidying Up,41.83,4,Nonfiction,In stock (16 available),"Marie Kondoâs unique KonMari Method of tidying up is nothing short of life-changingâand her first book, The Life-Changing Magic of Tidying Up, has become a worldwide sensation. In Spark Joy, Kondo presents an in-depth, illustrated manual on how to declutter and organize specific items throughout the house, from kitchen and bathroom items to work-related papers and hobby co Marie Kondoâs unique KonMari Method of tidying up is nothing short of life-changingâand her first book, The Life-Changing Magic of Tidying Up, has become a worldwide sensation. In Spark Joy, Kondo presents an in-depth, illustrated manual on how to declutter and organize specific items throughout the house, from kitchen and bathroom items to work-related papers and hobby collections. User-friendly line drawings illustrate Kondoâs patented folding method as it applies to shirts, pants, socks, and jackets, as well as images of properly organized drawers, closets, and cabinets. This book is perfect for anyone who wants a homeâand lifeâthat sparks joy. ...more"
c849f0b2f5d6a742,"Saga, Volume 6 (Saga (Collected Editions) #6)",25.02,3,Fantasy,In stock (16 available),"After a dramatic time jump, the three-time Eisner Award winner for Best Continuing Series continues to evolve, as Hazel begins the most exciting adventure of her life: kindergarten. Meanwhile, her star-crossed family learns hard lessons of their own.Collects SAGA #31-36"
0fa6dceead7ce47a,"Princess Jellyfish 2-in-1 Omnibus, Vol. 01 (Princess Jellyfish 2-in-1 Omnibus #1)",13.61,5,Sequential Art,In stock (16 available),"THE LONG-AWAITED STORY OF FANGIRLS TAKING ON TOKYO!Special large-size 2-in-1 edition of over 400 pages!""One of the best anime and manga for beginners. Enthusiasm - geeky and otherwise - is power in Princess Jellyfish. Enthusiasm saves the day and paves the road to the future."" - Kotaku""Princess Jellyfish's ambition is simple: to tell a delightful story in a delightful way. THE LONG-AWAITED STORY OF FANGIRLS TAKING ON TOKYO!Special large-size 2-in-1 edition of over 400 pages!""One of the best anime and manga for beginners. Enthusiasm - geeky and otherwise - is power in Princess Jellyfish. Enthusiasm saves the day and paves the road to the future."" - Kotaku""Princess Jellyfish's ambition is simple: to tell a delightful story in a delightful way... It's a pretty deadly one-two punch."" - Anime News Network""Loaded with heart, soul, humor and insight."" - About.comSTINGING BEAUTY Tsukimi Kurashita has a strange fascination with jellyfish. Sheâs loved them from a young age and has carried that love with her to her new life in the big city of Tokyo. There, she resides in Amamizukan, a safe-haven for girl geeks who regularly gush over a range of things from trains to Japanese dolls. However, a chance meeting at a pet shop has Tsukimi crossing paths with one of the things that the residents of Amamizukan have been desperately trying to avoidâa beautiful and fashionable woman! But thereâs much more to this woman than her trendy clothes! This odd encounter is only the beginning of a new and unexpected path for Tsukimi and her friends. ...more"
0e691eda369f4e09,Princess Between Worlds (Wide-Awake Princess #5),13.34,5,Fantasy,In stock (16 available),"Just as Annie and Liam are busy making plans to travel the world, a witch shows up and gives them a collection of postcards from the Magic Marketplace. Each postcard gives Annie and Liam the opportunity to travel to exotic lands and far-flung kingdoms. What the witch doesn't give them are directions on how to safely return."
9429b4d59c537af5,Patience,10.16,3,Sequential Art,In stock (16 available),"Patience is a psychedelic science-fiction love story, veering with uncanny precision from violent destruction to deeply personal tenderness in a way that is both quintessentially âClowesianâ and utterly unique in the authorâs body of work. This 180-page, full-color original graphic novel affords Clowes the opportunity to draw some of the most exuberant and breathtaking pag Patience is a psychedelic science-fiction love story, veering with uncanny precision from violent destruction to deeply personal tenderness in a way that is both quintessentially âClowesianâ and utterly unique in the authorâs body of work. This 180-page, full-color original graphic novel affords Clowes the opportunity to draw some of the most exuberant and breathtaking pages of his life, and to tell his most suspenseful, surprising and affecting story yet. ...more"
889139b8e9c4cb36,"Outcast, Vol. 1: A Darkness Surrounds Him (Outcast #1)",15.44,4,Sequential Art,In stock (16 available),"NEW HORROR SERIES FROM THE WALKING DEAD CREATOR ROBERT KIRKMAN! Kyle Barnes has been plagued by demonic possession all his life and now he needs answers. Unfortunately, what he uncovers along the way could bring about the end of life on Earth as we know it. Collects OUTCAST BY KIRKMAN & AZACETA #1-6."
b757c0c361e689ce,On a Midnight Clear,14.07,3,Add a comment,In stock (16 available),"It's Christmas Eve and private investigator Adam Fraley has lost his way while traveling a remote rural road in the foothills of the Colorado Rockies during a heavy snowstorm. At a loss as to where to turn next, he happens upon an isolated cabin in the woods where he stops to seek directions. There to greet him is the dwelling's lone inhabitant, an enchanting young girl wh It's Christmas Eve and private investigator Adam Fraley has lost his way while traveling a remote rural road in the foothills of the Colorado Rockies during a heavy snowstorm. At a loss as to where to turn next, he happens upon an isolated cabin in the woods where he stops to seek directions. There to greet him is the dwelling's lone inhabitant, an enchanting young girl who invites him out of the storm. Puzzled by the circumstances of a child left home along under such conditions, Fraley soon discovers the horrific reason why, a revelation that launches him into an intensive search for both a killer and a trove of buried gold. ...more"
72f9d5be3472d34e,"Mama Tried: Traditional Italian Cooking for the Screwed, Crude, Vegan, and Tattooed",14.02,4,Food and Drink,In stock (16 available),"Cecilia Granata grew up cooking with her family in Italy. As a vegan, she learned to adapt her favorite recipes from around the country to be animal free while retaining the flavor and feeling of true Italian home cooking. She shares her commitment to ethical and artful eating in this alphabetically-arranged volume with over 100 recipes, ranging from traditional favorites Cecilia Granata grew up cooking with her family in Italy. As a vegan, she learned to adapt her favorite recipes from around the country to be animal free while retaining the flavor and feeling of true Italian home cooking. She shares her commitment to ethical and artful eating in this alphabetically-arranged volume with over 100 recipes, ranging from traditional favorites to homemade liqueurs to aphrodisiacsâall ""senza sofferenza,"" without suffering. The recipes are lushly illustrated with Granata's food-inspired tattoo art. ...more"
b6ee99bcf06fc91f,"Lumberjanes, Vol. 1: Beware the Kitten Holy (Lumberjanes #1-4)",45.61,3,Sequential Art,In stock (16 available),"FRIENDSHIP TO THE MAX!At Miss Qiunzilla Thiskwin Penniquiqul Thistle Crumpet's camp for hard-core lady-types, things are not what they seem. Three-eyed foxes. Secret caves. Anagrams. Luckily, Jo, April, Mal, Molly, and Ripley are five rad, butt-kicking best pals determined to have an awesome summer together... And they're not gonna let a magical quest or an array of supern FRIENDSHIP TO THE MAX!At Miss Qiunzilla Thiskwin Penniquiqul Thistle Crumpet's camp for hard-core lady-types, things are not what they seem. Three-eyed foxes. Secret caves. Anagrams. Luckily, Jo, April, Mal, Molly, and Ripley are five rad, butt-kicking best pals determined to have an awesome summer together... And they're not gonna let a magical quest or an array of supernatural critters get in their way! The mystery keeps getting bigger, and it all begins here. Collects Lumberjanes No. 1-4. ...more"
18ad3ed896c7ce05,Join,35.67,5,Science Fiction,In stock (16 available),"What if you could live multiple lives simultaneously, have constant, perfect companionship, and never die? Thatâs the promise of Join, a revolutionary technology that allows small groups of minds to unite, forming a single consciousness that experiences the world through multiple bodies. But as two best friends, Chance and Lucky, living in an alternate version of our own n What if you could live multiple lives simultaneously, have constant, perfect companionship, and never die? Thatâs the promise of Join, a revolutionary technology that allows small groups of minds to unite, forming a single consciousness that experiences the world through multiple bodies. But as two best friends, Chance and Lucky, living in an alternate version of our own near future quickly discover, the light of that miracle may be blinding them to its horrors.Jolted out of comfortable, professional routines by a brutal encounter with a terrifying stranger and a malfunction in the join technology, Chance and Lucky follow a faint trail of clues off the grid in their desperate search for a cure. Their journey leads them into the scarred heart of the North American continent. There, within the improvised shelter of the âsolosâ left behind by the rush of technology, they encounter the architects of a new kind of human consciousness. With the planet descending into environmental ruin, their trust of each other becomes their only guide through the moral hazards of a society in which individual identity has come undone. Along the way, they must confront their own long-buried secrets, and learn how their story of injured conscience connects them to the arc of human evolution.A deftly crafted, kaleidoscopic novel with the pulse of a thriller, Join explores big ideas in the current zeitgeist on an intimate, human scale. ...more"
b136b1b180ca753a,In the Country We Love: My Family Divided,22.0,4,Nonfiction,In stock (16 available),"The star of Orange is the New Black and Jane the Virgin presents her personal story of the real plight of undocumented immigrants in this countryDiane Guerrero, the television actress from the megahit Orange is the New Black and Jane the Virgin, was just fourteen years old on the day her parents and brother were arrested and deported while she was at school. Born in the U. The star of Orange is the New Black and Jane the Virgin presents her personal story of the real plight of undocumented immigrants in this countryDiane Guerrero, the television actress from the megahit Orange is the New Black and Jane the Virgin, was just fourteen years old on the day her parents and brother were arrested and deported while she was at school. Born in the U.S., Guerrero was able to remain in the country and continue her education, depending on the kindness of family friends who took her in and helped her build a life and a successful acting career for herself, without the support system of her family.In the Country We Love is a moving, heartbreaking story of one woman's extraordinary resilience in the face of the nightmarish struggles of undocumented residents in this country. There are over 11 million undocumented immigrants living in the US, many of whom have citizen children, whose lives here are just as precarious, and whose stories haven't been told. Written with Michelle Burford, this memoir is a tale of personal triumph that also casts a much-needed light on the fears that haunt the daily existence of families like the author's and on a system that fails them over and over. ...more"
9beb96a2300109d7,Forever and Forever: The Courtship of Henry Longfellow and Fanny Appleton,29.69,3,Historical Fiction,In stock (16 available),"A Proper Historical Romance seriesThe first book in a new series which will focus on the lives of real historical figures who have intriguing stories of courtship that are recreated in fictionalized accounts based on real biographical and social history research.""A well-researched, emotionally charged tale. A love story...fit for the ages."" -Publishers Weekly.It's 1836, an A Proper Historical Romance seriesThe first book in a new series which will focus on the lives of real historical figures who have intriguing stories of courtship that are recreated in fictionalized accounts based on real biographical and social history research.""A well-researched, emotionally charged tale. A love story...fit for the ages."" -Publishers Weekly.It's 1836, and nineteen-year-old Fanny Appleton, a privileged daughter of a wealthy, upper-class Boston industrialist, is touring Europe with her family. Like many girls of her day, she enjoys the fine clothes, food, and company of the elite social circles. But unlike her peers, Fanny is also drawn to education, literature, and more intellectual pursuits.Published author and poet Henry Wadsworth Longfellow is also touring Europe, but under much different circumstances. Widowed while on tour, he has stayed in order to gather credentials that he hopes will secure his professorship at Harvard College. When Henry meets Fanny, he sees in her a kindred spirit, a lover of language and literature and high ideals. He is in love. Fanny, however, is uncertain. He is ten years older than she is, and from a much lower social class. How could such a relationship ever thrive?Could a book of Henryâs poetry, personally delivered, persuade Fanny to believe in a love that lasts forever and forever? ...more"
9e28048cea8d41f7,First and First (Five Boroughs #3),15.97,4,Romance,In stock (16 available),"Caleb Stone was raised on the Upper East Side, where wealth and lineage reigns, and âalternative lifestylesâ are hidden. It took him years to come out to his family, but heâs still stuck in the stranglehold of their expectations. Caleb knows he has to build his confidence and shake things up, but he doesnât know howâ¦ until Oliver Buckley enters the picture.Oli is everythin Caleb Stone was raised on the Upper East Side, where wealth and lineage reigns, and âalternative lifestylesâ are hidden. It took him years to come out to his family, but heâs still stuck in the stranglehold of their expectations. Caleb knows he has to build his confidence and shake things up, but he doesnât know howâ¦ until Oliver Buckley enters the picture.Oli is everything Caleb isnâtârisk-taking, provocative, and fiercely independent. Disowned by his family, Oli has made his own way in the world and is beholden to no one. After a chance encounter on New Yearâs Eve, Caleb is smitten.As Caleb sheds the insecurities that have held him back for years, he makes bold steps toward changing his career and escaping years of sexual repression. But for Caleb to take full control of his life, he has to be brave enough to confront his feelings and trust Oli with his heart. ...more"
7267864328ae8b9d,Crown of Midnight (Throne of Glass #2),43.29,3,Fantasy,In stock (16 available),"""A line that should never be crossed is about to be breached.It puts this entire castle in jeopardyâand the life of your friend.""From the throne of glass rules a king with a fist of iron and a soul as black as pitch. Assassin Celaena Sardothien won a brutal contest to become his Champion. Yet Celaena is far from loyal to the crown. She hides her secret vigilantly; she know ""A line that should never be crossed is about to be breached.It puts this entire castle in jeopardyâand the life of your friend.""From the throne of glass rules a king with a fist of iron and a soul as black as pitch. Assassin Celaena Sardothien won a brutal contest to become his Champion. Yet Celaena is far from loyal to the crown. She hides her secret vigilantly; she knows that the man she serves is bent on evil.Keeping up the deadly charade becomes increasingly difficult when Celaena realizes she is not the only one seeking justice. As she tries to untangle the mysteries buried deep within the glass castle, her closest relationships suffer. It seems no one is above questioning her allegiancesânot the Crown Prince Dorian; not Chaol, the Captain of the Guard; not even her best friend, Nehemia, a foreign princess with a rebel heart.Then one terrible night, the secrets they have all been keeping lead to an unspeakable tragedy. As Celaena's world shatters, she will be forced to give up the very thing most precious to her and decide once and for all where her true loyalties lie... and whom she is ultimately willing to fight for. ...more"
8754c83ab2a7ae71,"Codename Baboushka, Volume 1: The Conclave of Death",36.72,4,Sequential Art,In stock (16 available),"""What if the sexy Russian femme fatale was actually the main character?"" Mysterious young heiress Contessa Annika Malikova has been part of Manhattan high society for several years... but if they knew the truth, her dinner companions would faint! The white-haired Contessa is in fact the notorious criminal ""BABOUSHKA"" -- a former Moscow gang leader, now living in exile! But ""What if the sexy Russian femme fatale was actually the main character?"" Mysterious young heiress Contessa Annika Malikova has been part of Manhattan high society for several years... but if they knew the truth, her dinner companions would faint! The white-haired Contessa is in fact the notorious criminal ""BABOUSHKA"" -- a former Moscow gang leader, now living in exile! But Baboushka's retirement is about to be shattered, as the US government has somehow discovered her true identity, and blackmails her into working for them! Now she must infiltrate a secret conclave of global crime lords, on a cruise liner, to retrieve information for the Americans. But nobody reckoned on the boat being hijacked by pirates... Suitable for teens and up, CODENAME BABOUSHKA is an action-packed modern pulp spy thriller from writer ANTONY JOHNSTON (THE FUSE, THE COLDEST CITY, ALEX RIDER) and artist SHARI CHANKHAMMA (THE FUSE, SHELTERED, KILL SHAKESPEARE), filled with glamour, guns, exotic locations, guns, explosions, high-kicks, and did we mention guns? ""An ass-kicking spy heroine who will appeal to fans of Marvel's Black Widow.""- The AV Club ""There are literally six different amazing comics all within this one series""- Comics Alliance ""Codename Baboushka takes a more female-positive look at the James Bond-esque role. Fun, fast-paced action. Female assassin done right!""- Dark Side Comics ""Johnston's exiled Russian heiress, former organized crime lord and deadly agent bursts out of the page and grabs the reader with both hands in a deadly grip of hot action and cold-hearted kills.""- Jersey Journal THE CONCLAVE OF DEATH collects Baboushka's first 5-issue mission -- watch out for her next assignment, GHOST STATION ZERO, in 2016! ""Antony Johnston is an award-winning, New York Times bestselling author of graphic novels, video games, and books. His graphic novel THE COLDEST CITY is being adapted into a film starring Charlize Theron. His epic series WASTELAND is one of only a handful of such longform comic stories in the medium. His first video game, DEAD SPACE, redefined the survival horror genre. ...more"
7b599c8bfcdd8d30,Camp Midnight,17.08,4,Sequential Art,In stock (16 available),"Ben 10 and Big Hero 6 creator Steven T. Seagle returns to comics with New Yorker Magazine cartoonist Jason Adam Katzenstein for a new graphic novel! Reluctant Skye is accidentally sent to the wrong summer camp. Not wanting to please her ""step monster,"" Skye is dead-set on not fitting in. That won't be a problem, as everyone at Camp Midnight-with the exception of fellow cam Ben 10 and Big Hero 6 creator Steven T. Seagle returns to comics with New Yorker Magazine cartoonist Jason Adam Katzenstein for a new graphic novel! Reluctant Skye is accidentally sent to the wrong summer camp. Not wanting to please her ""step monster,"" Skye is dead-set on not fitting in. That won't be a problem, as everyone at Camp Midnight-with the exception of fellow camper and fast-friend Mia-is a full-fledged monster! The perfect book for fans of Raina Telgemeier's ""Smile, "" but wish it had more bowls of gooey eyeballs. ...more"
bee3672891cca906,Call the Nurse: True Stories of a Country Nurse on a Scottish Isle,29.14,5,Nonfiction,In stock (16 available),"Tired of the pace and noise of life near London and longing for a better place to raise their young children, Mary J. MacLeod and her husband encountered their dream while vacationing on a remote island in the Scottish Hebrides. Enthralled by its windswept beauty, they soon were the proud owners of a near-derelict croft house--a farmer's stone cottage--on ""a small acre"" of Tired of the pace and noise of life near London and longing for a better place to raise their young children, Mary J. MacLeod and her husband encountered their dream while vacationing on a remote island in the Scottish Hebrides. Enthralled by its windswept beauty, they soon were the proud owners of a near-derelict croft house--a farmer's stone cottage--on ""a small acre"" of land. Mary assumed duties as the island's district nurse. Call the Nurse is her account of the enchanted years she and her family spent there, coming to know its folk as both patients and friends.In anecdotes that are by turns funny, sad, moving, and tragic, she recalls them all, the crofters and their laird, the boatmen and tradesmen, young lovers and forbidding churchmen. Against the old-fashioned island culture and the grandeur of mountain and sea unfold indelible stories: a young woman carried through snow for airlift to the hospital; a rescue by boat; the marriage of a gentle giant and the island beauty; a ghostly encounter; the shocking discovery of a woman in chains; the flames of a heather fire at night; an unexploded bomb from World War II; and the joyful, tipsy celebration of a ceilidh. Gaelic fortitude meets a nurse's compassion in these wonderful true stories from rural Scotland. ...more"
5ceb951f629700a2,Burning,28.81,3,Young Adult,In stock (16 available),"After three years in juvie, Angela Davis is just a few months shy of release, and she'll finally be free from the hole that is Brunesfield Correctional Facility. Then Jessica arrives. Only ten years old and under the highest security possible, this girl has to be dangerous, even if no one knows what she did to land in juvie. As strange things begin happening to Angela and After three years in juvie, Angela Davis is just a few months shy of release, and she'll finally be free from the hole that is Brunesfield Correctional Facility. Then Jessica arrives. Only ten years old and under the highest security possible, this girl has to be dangerous, even if no one knows what she did to land in juvie. As strange things begin happening to Angela and her friends that can only be traced to the new girl's arrival, it becomes clear that Brunesfield is no longer safe. They must find a way to get out, but how can they save themselves when the world has forgotten them? ...more"
842790dfaa937484,A Fierce and Subtle Poison,28.13,4,Young Adult,In stock (16 available),"Everyone knows the legends about the cursed girl--Isabel, the one the seÃ±oras whisper about. They say she has green skin and grass for hair, and she feeds on the poisonous plants that fill her familyâs Caribbean island garden. Some say she can grant wishes; some say her touch can kill.Seventeen-year-old Lucas lives on the mainland most of the year but spends summers with h Everyone knows the legends about the cursed girl--Isabel, the one the seÃ±oras whisper about. They say she has green skin and grass for hair, and she feeds on the poisonous plants that fill her familyâs Caribbean island garden. Some say she can grant wishes; some say her touch can kill.Seventeen-year-old Lucas lives on the mainland most of the year but spends summers with his hotel-developer father in Puerto Rico. Heâs grown up hearing stories about the cursed girl, and he wants to believe in Isabel and her magic. When letters from Isabel begin mysteriously appearing in his room the same day his new girlfriend disappears, Lucas turns to Isabel for answers--and finds himself lured into her strange and enchanted world. But time is running out for the girl filled with poison, and the more entangled Lucas becomes with Isabel, the less certain he is of escaping with his own life. ...more"
796c87ddbbaaf8c5,You Are What You Love: The Spiritual Power of Habit,21.87,4,Religion,In stock (15 available),"You are what you love. But you might not love what you think.In this book, award-winning author James K. A. Smith shows that who and what we worship fundamentally shape our hearts. And while we desire to shape culture, we are not often aware of how culture shapes us. We might not realize the ways our hearts are being taught to love rival gods instead of the One for whom we You are what you love. But you might not love what you think.In this book, award-winning author James K. A. Smith shows that who and what we worship fundamentally shape our hearts. And while we desire to shape culture, we are not often aware of how culture shapes us. We might not realize the ways our hearts are being taught to love rival gods instead of the One for whom we were made. Smith helps readers recognize the formative power of culture and the transformative possibilities of Christian practices. He explains that worship is the ""imagination station"" that incubates our loves and longings so that our cultural endeavors are indexed toward God and his kingdom. This is why the church and worshiping in a local community of believers should be the hub and heart of Christian formation and discipleship.Following the publication of his influential work Desiring the Kingdom, Smith received numerous requests from pastors and leaders for a more accessible version of that book's content. No mere abridgment, this new book draws on years of Smith's popular presentations on the ideas presented in Desiring the Kingdom to offer a fresh, bottom-up rearticulation. The author creatively uses film, literature, and music illustrations to engage readers and includes material on marriage, family, youth ministry, and faith and work. He also suggests individual and communal practices for shaping the Christian life. ...more"
9270575728a13a61,"William Shakespeare's Star Wars: Verily, A New Hope (William Shakespeare's Star Wars #4)",43.3,4,Science Fiction,In stock (15 available),"MAY THE VERSE BE WITH YOU!Return once more to a galaxy far, far away with this sublime retelling of George Lucas's epic Star Wars in the style of the immortal Bard of Avon. The saga of a wise (Jedi) knight and an evil (Sith) lord, of a beautiful princess held captive and a young hero coming of age, Star Wars abounds with all the valor and villainy of Shakespeare's greatest MAY THE VERSE BE WITH YOU!Return once more to a galaxy far, far away with this sublime retelling of George Lucas's epic Star Wars in the style of the immortal Bard of Avon. The saga of a wise (Jedi) knight and an evil (Sith) lord, of a beautiful princess held captive and a young hero coming of age, Star Wars abounds with all the valor and villainy of Shakespeare's greatest plays. 'Tis a tale told by fretful Droids, full of faithful Wookiees and fearsome Stormtroopers, signifying... pretty much everything.Reimagined in glorious iambic pentameter, William Shakespeare's Star Wars will astound and edify Rebels and Imperials alike. Zounds! This is the book you're looking for. ...more"
d7d6d50c1e3d0b81,Tracing Numbers on a Train,41.6,3,Default,In stock (15 available),"Start preparing children for classroom success with Tracing Numbers on a Train! This educational workbook is filled with pages of giant numbers that make it easy for little hands to learn pencil control, followed by pages of small numbers for repetition and motor skill development. The illustrated practice pages will keep kids engaged while learning their numbers from 1 to Start preparing children for classroom success with Tracing Numbers on a Train! This educational workbook is filled with pages of giant numbers that make it easy for little hands to learn pencil control, followed by pages of small numbers for repetition and motor skill development. The illustrated practice pages will keep kids engaged while learning their numbers from 1 to 30. ...more"
590a9cccf7db9f7d,Throne of Glass (Throne of Glass #1),35.07,3,Fantasy,In stock (15 available),"An alternate cover edition can be found here.After serving out a year of hard labor in the salt mines of Endovier for her crimes, 18-year-old assassin Celaena Sardothien is dragged before the Crown Prince. Prince Dorian offers her her freedom on one condition: she must act as his champion in a competition to find a new royal assassin.Her opponents are men-thieves and assas An alternate cover edition can be found here.After serving out a year of hard labor in the salt mines of Endovier for her crimes, 18-year-old assassin Celaena Sardothien is dragged before the Crown Prince. Prince Dorian offers her her freedom on one condition: she must act as his champion in a competition to find a new royal assassin.Her opponents are men-thieves and assassins and warriors from across the empire, each sponsored by a member of the king's council. If she beats her opponents in a series of eliminations, she'll serve the kingdom for four years and then be granted her freedom. Celaena finds her training sessions with the captain of the guard, Westfall, challenging and exhilirating. But she's bored stiff by court life. Things get a little more interesting when the prince starts to show interest in her... but it's the gruff Captain Westfall who seems to understand her best.Then one of the other contestants turns up dead... quickly followed by another. Can Celaena figure out who the killer is before she becomes a victim? As the young assassin investigates, her search leads her to discover a greater destiny than she could possibly have imagined. ...more"
fd3a622648667296,The Vacationers,42.15,4,Fiction,In stock (15 available),"An irresistible, deftly observed novel about the secrets, joys, and jealousies that rise to the surface over the course of an American familyâs two-week stay in Mallorca. For the Posts, a two-week trip to the Balearic island of Mallorca with their extended family and friends is a celebration: Franny and Jim are observing their thirty-fifth wedding anniversary, and their da An irresistible, deftly observed novel about the secrets, joys, and jealousies that rise to the surface over the course of an American familyâs two-week stay in Mallorca. For the Posts, a two-week trip to the Balearic island of Mallorca with their extended family and friends is a celebration: Franny and Jim are observing their thirty-fifth wedding anniversary, and their daughter, Sylvia, has graduated from high school. The sunlit island, its mountains and beaches, its tapas and tennis courts, also promise an escape from the tensions simmering at home in Manhattan. But all does not go according to plan: over the course of the vacation, secrets come to light, old and new humiliations are experienced, childhood rivalries resurface, and ancient wounds are exacerbated. This is a story of the sides of ourselves that we choose to show and those we try to conceal, of the ways we tear each other down and build each other up again, and the bonds that ultimately hold us together. With wry humor and tremendous heart, Emma Straub delivers a richly satisfying story of a family in the midst of a maelstrom of change, emerging irrevocably altered yet whole. ...more"
3bebf34ee9330cbd,The Third Wave: An Entrepreneurâs Vision of the Future,12.61,5,Business,In stock (15 available),"NEW YORK TIMES BESTSELLERWALL STREET JOURNAL BESTSELLEROne of Americaâs most accomplished entrepreneursâa pioneer who made the Internet part of everyday life and orchestrated the largest merger in the history of businessâshares a roadmap for how anyone can succeed in a world of rapidly changing technology.Steve Caseâs career began when he cofounded America Online (AOL) in NEW YORK TIMES BESTSELLERWALL STREET JOURNAL BESTSELLEROne of Americaâs most accomplished entrepreneursâa pioneer who made the Internet part of everyday life and orchestrated the largest merger in the history of businessâshares a roadmap for how anyone can succeed in a world of rapidly changing technology.Steve Caseâs career began when he cofounded America Online (AOL) in 1985. At the time, only three percent of Americans were online. It took a decade for AOL to achieve mainstream success, and there were many near-death experiences and back-to-the-wall pivots. AOL became the top performing company of the 1990s, and at its peak more than half of all consumer Internet traffic in the United States ran through the service. After Case engineered AOLâs merger with Time Warner and he became Chairman of the combined business, Case oversaw the biggest media and communications empire in the world. In The Third Wave, which pays homage to the work of the futurist Alvin Toffler (from whom Case has borrowed the title, and whose work inspired him as a young man), Case takes us behind the scenes of some of the most consequential and riveting business decisions of our time while offering illuminating insights from decades of working as an entrepreneur, an investor, a philanthropist, and an advocate for sensible bipartisan policies. We are entering, as Case explains, a new paradigm called the âThird Waveâ of the Internet. The first wave saw AOL and other companies lay the foundation for consumers to connect to the Internet. The second wave saw companies like Google and Facebook build on top of the Internet to create search and social networking capabilities, while apps like Snapchat and Instagram leverage the smartphone revolution. Now, Case argues, weâre entering the Third Wave: a period in which entrepreneurs will vastly transform major âreal worldâ sectors like health, education, transportation, energy, and foodâand in the process change the way we live our daily lives. But success in the Third Wave will require a different skill set, and Case outlines the path forward.The Third Wave is part memoir, part manifesto, and part playbook for the future. With passion and clarity, Case explains the ways in which newly emerging technology companies (a growing number of which, he argues, will not be based in Silicon Valley) will have to rethink their relationships with customers, with competitors, and with governments; and offers advice for how entrepreneurs can make winning business decisions and strategiesâand how all of us can make sense of this changing digital age. ...more"
f5a92cff83897d48,The Stranger,17.44,4,Philosophy,In stock (15 available),"This is an alternate cover edition for ISBN 0679720200.Through the story of an ordinary man unwittingly drawn into a senseless murder on an Algerian beach, Camus explored what he termed ""the nakedness of man faced with the absurd."" First published in English in 1946; now in a new translation by Matthew Ward."
961f18db4f138211,The Secret (The Secret #1),27.37,4,Default,In stock (15 available),"Fragments of a Great Secret have been found in the oral traditions, in literature, in religions and philosophies throughout the centuries. For the first time, all the pieces of The Secret come together in an incredible revelation that will be life-transforming for all who experience it. In this book, you'll learn how to use The Secret in every aspect of your life -- money Fragments of a Great Secret have been found in the oral traditions, in literature, in religions and philosophies throughout the centuries. For the first time, all the pieces of The Secret come together in an incredible revelation that will be life-transforming for all who experience it. In this book, you'll learn how to use The Secret in every aspect of your life -- money, health, relationships, happiness, and in every interaction you have in the world. You'll begin to understand the hidden, untapped power that's within you, and this revelation can bring joy to every aspect of your life. The Secret contains wisdom from modern-day teachers -- men and women who have used it to achieve health, wealth, and happiness. By applying the knowledge of The Secret, they bring to light compelling stories of eradicating disease, acquiring massive wealth, overcoming obstacles, and achieving what many would regard as impossible. ...more"
e4c7f3487d17fd42,The Nerdy Nummies Cookbook: Sweet Treats for the Geek in All of Us,37.34,5,Food and Drink,In stock (15 available),"The long-awaited first cookbook from the creator and host of the Internetâs most popular baking show, Nerdy Nummies: a collection of Rosanna Pansinoâs all-time favorite geeky recipes as well as sensational new recipes exclusive to this book.The Nerdy Nummies Cookbook is quirky, charming, and fun, featuring the recipes behind Rosanna Pansinoâs celebrated, one-of-a-kind crea The long-awaited first cookbook from the creator and host of the Internetâs most popular baking show, Nerdy Nummies: a collection of Rosanna Pansinoâs all-time favorite geeky recipes as well as sensational new recipes exclusive to this book.The Nerdy Nummies Cookbook is quirky, charming, and fun, featuring the recipes behind Rosanna Pansinoâs celebrated, one-of-a-kind creations, as well as beautiful, mouthwatering photographs throughout. It is the perfect companion that youâll turn to whenever you want to whip up a delicious treat and be entertained all at once. And best of all, these treats are as simple as they are fun to make! No need for costly tools or baking classes to create these marvelous delights yourself.The Nerdy Nummies Cookbook combines two things Rosanna loves: geek culture and baking. Her fondness for video games, science fiction, math, comics, and lots of other things considered ânerdyâ have inspired every recipe in this book. Youâll find the recipes for many beloved fan favorites from the show, such as Apple Pi Pie, the Chocolate Chip Smart Cookie, and Volcano Cake; as well as many new geeky recipes, such as Dinosaur Fossil Cake, Moon Phase Macarons, and the Periodic Table of Cupcakes. The Nerdy Nummies Cookbook showcases Rosannaâs most original and popular creations, and each recipe includes easy-to-follow photo instructions and a stunning shot of the finished treat in all its geeky glory: a delicious confection sure to please the geek in all of us! ...more"
c7b5183f4d1d4efe,The Murder of Roger Ackroyd (Hercule Poirot #4),44.1,4,Mystery,In stock (15 available),"In the village of King's Abbot, a widow's sudden suicide sparks rumors that she murdered her first husband, was being blackmailed, and was carrying on a secret affair with the wealthy Roger Ackroyd. The following evening, Ackroyd is murdered in his locked study--but not before receiving a letter identifying the widow's blackmailer. King's Abbot is crawling with suspects, i In the village of King's Abbot, a widow's sudden suicide sparks rumors that she murdered her first husband, was being blackmailed, and was carrying on a secret affair with the wealthy Roger Ackroyd. The following evening, Ackroyd is murdered in his locked study--but not before receiving a letter identifying the widow's blackmailer. King's Abbot is crawling with suspects, including a nervous butler, Ackroyd's wayward stepson, and his sister-in-law, Mrs. Cecil Ackroyd, who has taken up residence in the victim's home. It's now up to the famous detective Hercule Poirot, who has retired to King's Abbot to garden, to solve the case of who killed Roger Ackroyd--a task in which he is aided by the village doctor and narrator, James Sheppard, and by Sheppard's ingenious sister, Caroline.The Murder of Roger Ackroyd is the book that made Agatha Christie a household name and launched her career as a perennial bestseller. Originally published in 1926, it is a landmark in the mystery genre. It was in the vanguard of a new class of popular detective fiction that ushered in the modern era of mystery novels. ...more"
99ff4cc6491e8f5c,The Mistake (Off-Campus #2),43.29,3,New Adult,In stock (15 available),"Heâs a player in more ways than oneâ¦College junior John Logan can get any girl he wants. For this hockey star, life is a parade of parties and hook-ups, but behind his killer grins and easygoing charm, he hides growing despair about the dead-end road heâll be forced to walk after graduation. A sexy encounter with freshman Grace Ivers is just the distraction he needs, but w Heâs a player in more ways than oneâ¦College junior John Logan can get any girl he wants. For this hockey star, life is a parade of parties and hook-ups, but behind his killer grins and easygoing charm, he hides growing despair about the dead-end road heâll be forced to walk after graduation. A sexy encounter with freshman Grace Ivers is just the distraction he needs, but when a thoughtless mistake pushes her away, LoganÂ plans to spend his final year proving to her that heâs worth a second chance.Now heâs going to need to up his gameâ¦After a less than stellar freshman year, Grace is back at Briar University, older, wiser, andÂ soÂ over the arrogant hockey player she nearly handed her V-card to. Sheâs not a charity case, and sheâs not the quiet butterfly she was when they first hooked up. If Logan expects her to roll over and beg like all his other puck bunnies, he can think again. He wants her back? Heâll have to work for it. This time around, sheâll be the one in the driverâs seatâ¦and she plans on driving him wild. ...more"
eac1a180047ad54e,The Kite Runner,41.82,4,Default,In stock (15 available),"Khaled Hosseini's #1 New York Times Bestselling Debut âIt may be unfair, but what happens in a few days, sometimes even a single day, can change the course of a whole lifetime."" Amir is the son of a wealthy Kabul merchant, a member of the ruling caste of Pashtuns. Hassan, his servant and constant companion, is a Hazara, a despised and impoverished caste. Their uncommon bon Khaled Hosseini's #1 New York Times Bestselling Debut âIt may be unfair, but what happens in a few days, sometimes even a single day, can change the course of a whole lifetime."" Amir is the son of a wealthy Kabul merchant, a member of the ruling caste of Pashtuns. Hassan, his servant and constant companion, is a Hazara, a despised and impoverished caste. Their uncommon bond is torn by Amir's choice to abandon his friend amidst the increasing ethnic, religious, and political tensions of the dying years of the Afghan monarchy, wrenching them far apart. But so strong is the bond between the two boys that Amir journeys back to a distant world, to try to right past wrongs against the only true friend he ever had.The unforgettable, heartbreaking story of the unlikely friendship between a wealthy boy and the son of his fatherâs servant, The Kite Runner is a beautifully crafted novel set in a country that is in the process of being destroyed. It is about the power of reading, the price of betrayal, and the possibility of redemption; and an exploration of the power of fathers over sonsâtheir love, their sacrifices, their lies.A sweeping story of family, love, and friendship told against the devastating backdrop of the history of Afghanistan over the last thirty years, The Kite Runner is an unusual and powerful novel that has become a beloved, one-of-a-kind classic. ...more"
efc3768127714ec3,The Bridge to Consciousness: I'm Writing the Bridge Between Science and Our Old and New Beliefs.,32.0,3,Default,In stock (15 available),
dd047728de72ad62,The Artist's Way: A Spiritual Path to Higher Creativity,38.49,5,Nonfiction,In stock (15 available),"""Without The Artist's Way, there would have been no Eat, Pray, Love.â âElizabeth GilbertThe Artistâs Way is the seminal book on the subject of creativity. An international bestseller, millions of readers have found it to be an invaluable guide to living the artistâs life. Still as vital todayâor perhaps even more soâthan it was when it was first published one decade ago, i ""Without The Artist's Way, there would have been no Eat, Pray, Love.â âElizabeth GilbertThe Artistâs Way is the seminal book on the subject of creativity. An international bestseller, millions of readers have found it to be an invaluable guide to living the artistâs life. Still as vital todayâor perhaps even more soâthan it was when it was first published one decade ago, it is a powerfully provocative and inspiring work. In a new introduction to the book, Julia Cameron reflects upon the impact of The Artistâs Way and describes the work she has done during the last decade and the new insights into the creative process that she has gained. Updated and expanded, this anniversary edition reframes The Artistâs Way for a new century. ...more"
e7469e22b5bfb3e7,The Art of War,33.34,5,Default,In stock (15 available),"Conflict is an inevitable part of life, according to this ancient Chinese classic of strategy, but everything necessary to deal with conflict wisely, honorably, victoriously, is already present within us. Compiled more than two thousand years ago by a mysterious warrior-philosopher, The Art of War is still perhaps the most prestigious and influential book of strategy in t Conflict is an inevitable part of life, according to this ancient Chinese classic of strategy, but everything necessary to deal with conflict wisely, honorably, victoriously, is already present within us. Compiled more than two thousand years ago by a mysterious warrior-philosopher, The Art of War is still perhaps the most prestigious and influential book of strategy in the world, as eagerly studied in Asia by modern politicians and executives as it has been by military leaders since ancient times. As a study of the anatomy of organizations in conflict, The Art of War applies to competition and conflict in general, on every level from the interpersonal to the international. Its aim is invincibility, victory without battle, and unassailable strength through understanding the physics, politics, and psychology of conflict.(Original publication date was circa 500 BCE.)For an outstanding Kindle edition, please refer to The Art of War by Sun Tzu - Classic Collector's Edition (Shawn Conners, Barton Williams, Lionel Giles, Sian Kim) ...more"
56e4f9eab2e8e674,The 10% Entrepreneur: Live Your Startup Dream Without Quitting Your Day Job,27.55,3,Business,In stock (15 available),"Choosing between the stability of a traditional career and the upside of entrepreneurship? Why not have both?Becoming a full-time entrepreneur can look glamorous from the outside. Who doesnât want to chase their dreams, be their own boss, and do what they love? But the truth is that entrepreneurship is often a slog, with no regular hours, no job security, and very little p Choosing between the stability of a traditional career and the upside of entrepreneurship? Why not have both?Becoming a full-time entrepreneur can look glamorous from the outside. Who doesnât want to chase their dreams, be their own boss, and do what they love? But the truth is that entrepreneurship is often a slog, with no regular hours, no job security, and very little pay. Â What if there was a way to have the stability of a day job with the excitement of a startup? All of the benefits of entrepreneurship with none of the pitfalls? In The 10% Entrepreneur, Patrick McGinnis shows you how, by investing just 10% of your time and resources, you can become an entrepreneur without losing a steady paycheck. Â McGinnis details a step-by-step plan that takes you from identifying your first entrepreneurial project to figuring out the smartest way to commit resources to it. He shows you how to select and engage in projects that will provide you with upside outside the office while making your better at your day job. He also profiles real-world 10% Entrepreneurs such as...â¢Luke Holden, a cash-strapped recent college graduate, who started his own lobster-roll empire and oversaw much of its first year of operations, all while working full time in corporate Americaâ¢Dipali Patwa, a designer and mom whose side project designing and selling infant clothing is now a sensation.â¢A group of friends who met at a 6am Bible study class and went on to start a brewery that now generates millions in sales .Â A successful 10% Entrepreneur himself, McGinnis explains the multiple paths you can follow to invest your cash, time, and expertise in a start-upâincluding as a founder, angel, adviser, or aficionado. Most importantly, you donât have to have millions in disposable income to become a 10% Entrepreneur. When you put McGinnisâs 10% principles into action, youâll quickly start racking up small wins, then watch as they snowball into your new (and far more entrepreneurial) life. ...more"
ca71e72655bece85,Something More Than This,16.24,4,Romance,In stock (15 available),"Katy Lewis has it all: a sports reporting job she loves, a great roommate, and two brothers who, while nosy, always have her back. But when Conner Roberts, Katyâs unrequited first crush, suddenly shows upâand shows interestâafter nine years, she reverts to a sweaty, panicked sixteen-year-old once more.And if trying to read Connerâs signals isnât tough enough, Katyâs heart Katy Lewis has it all: a sports reporting job she loves, a great roommate, and two brothers who, while nosy, always have her back. But when Conner Roberts, Katyâs unrequited first crush, suddenly shows upâand shows interestâafter nine years, she reverts to a sweaty, panicked sixteen-year-old once more.And if trying to read Connerâs signals isnât tough enough, Katyâs heart is sending some mixed messages of its own. When a beautiful blonde coworker starts pursuing Katyâs boss, Dylan Sterlingâher longtime mentor and friendâshe realizes she may have a problem with that. A reunion with Conner is what sheâs dreamed of for so longâ¦so why canât she stop thinking about Dylan?For the first time ever, Katy must fact-check her heart. Should she go after the guy she thought she always wanted or see if thereâs something more with the one whoâs been there all along? ...more"
0c27e6c3744fc14b,"Shobu Samurai, Project Aryoku (#3)",29.06,3,Add a comment,In stock (15 available),"Welcome to the Ark. In a place known as the Six Civilizations all is not as it seems, the six leaders though living in peace for the last decade soon find themselves struck by tragedy again! When the grandson of Chaos P. Karafuta, the world's infamous scientist and inventor, King and his best friend Shabu accidently unlock the secrets to a weapon known simply as âProject A Welcome to the Ark. In a place known as the Six Civilizations all is not as it seems, the six leaders though living in peace for the last decade soon find themselves struck by tragedy again! When the grandson of Chaos P. Karafuta, the world's infamous scientist and inventor, King and his best friend Shabu accidently unlock the secrets to a weapon known simply as âProject Aryoku'. In his greed for power King will sacrifice everyone he loves to obtain its power. However, it falls into the hands of his nephew, Shobu Samurai. At the sight of losing his parents, his unbound power obliterates his hometown with no recollection of doing so. Now ten years later, Shobu Samurai returns to seek revenge on his uncle but instead will face a choice to save his home from shadow creatures, blood beast and organization once thought dead. ...more"
1c929cfd16b71907,Scarlett Epstein Hates It Here,43.55,5,Young Adult,In stock (15 available),"Meet Scarlett Epstein, BNF (Big Name Fan) in her online community of fanfiction writers, world-class nobody at Melville High. Her best (read: only) IRL friends are Avery, a painfully shy and annoyingly attractive bookworm, and Ruth, her weed-smoking, possibly insane seventy-three-year-old neighbor.When Scarlettâs beloved TV show is canceled and her longtime crush, Gideon, Meet Scarlett Epstein, BNF (Big Name Fan) in her online community of fanfiction writers, world-class nobody at Melville High. Her best (read: only) IRL friends are Avery, a painfully shy and annoyingly attractive bookworm, and Ruth, her weed-smoking, possibly insane seventy-three-year-old neighbor.When Scarlettâs beloved TV show is canceled and her longtime crush, Gideon, is sucked out of her orbit and into the dark and distant world of Populars, Scarlett turns to the fanfic message boards for comfort. This time, though, her subjects arenât the swoon-worthy stars of her fave seriesâtheyâre the real-life kids from her high school.Â And if they ever find out what Scarlett truly thinks about them, sheâll be thrust into a situation far more dramatic than anything sheâs ever seen on TVâ¦ ...more"
b53db2271c9624f7,Redeeming Love,20.47,5,Christian Fiction,In stock (15 available),"California's gold country, 1850. A time when men sold their souls for a bag of gold and women sold their bodies for a place to sleep.Angel expects nothing from men but betrayal. Sold into prostitution as a child she survives by keeping her hatred alive. And what she hates most are the men who use her, leaving her empty and dead inside.Then she meets Michael Hosea. A man wh California's gold country, 1850. A time when men sold their souls for a bag of gold and women sold their bodies for a place to sleep.Angel expects nothing from men but betrayal. Sold into prostitution as a child she survives by keeping her hatred alive. And what she hates most are the men who use her, leaving her empty and dead inside.Then she meets Michael Hosea. A man who seeks his Father's heart in everything, Michael obeys God's call to marry Angel and to love her unconditionally. Slowly, day by day, he defies Angel's every bitter expectation, until despite her resistance, her frozen heart begins to thaw.But with her unexpected softening come overwhelming feelings of unworthiness and fear. And so Angel runs. Back to the darkness, away from her husband's pursuing love, terrified of the truth she no longer can deny: Her final healing must come from the One who loves her even more than Michael does ... the One who will never let her go. ...more"
31001a1210623bd4,Poems That Make Grown Women Cry,14.19,4,Poetry,In stock (15 available),"Following the success of their anthology Poems That Make Grown Men Cry, father-and-son team Anthony and Ben Holden, working with Amnesty International, have asked the same revealing question of 100 remarkable women. What poem has moved you to tears?The poems chosen range from the eighth century to today, from Rumi and Shakespeare to Sylvia Plath, W.H. Auden to Carol Ann Du Following the success of their anthology Poems That Make Grown Men Cry, father-and-son team Anthony and Ben Holden, working with Amnesty International, have asked the same revealing question of 100 remarkable women. What poem has moved you to tears?The poems chosen range from the eighth century to today, from Rumi and Shakespeare to Sylvia Plath, W.H. Auden to Carol Ann Duffy, Pablo Neruda and Derek Walcott to Imtiaz Dharker and Warsan Shire. Their themes range from love and loss, through mortality and mystery, war and peace, to the beauty and variety of nature. From Yoko Ono to Judi Dench, Chimamanda Ngozi Adichie to Elena Ferrante, Carol Ann Duffy to Kaui Hart Hemmings, and Joan Baez to Nikki Giovanni, this unique collection delivers private insights into the minds of women whose writing, acting, and thinking are admired around the world. ...more"
a40723994f715420,Mrs. Houdini,30.25,5,Historical Fiction,In stock (15 available),"A captivating debut novel, meticulously researched and beautifully imagined, about the passionate marriage of Harry and Bess Houdiniâa love story that defied death itself.Before escape artist Harry Houdini died, he vowed he would find a way to speak to his beloved wife Bess from beyond the grave using a coded message known only to the two of them. When a widowed Bess begin A captivating debut novel, meticulously researched and beautifully imagined, about the passionate marriage of Harry and Bess Houdiniâa love story that defied death itself.Before escape artist Harry Houdini died, he vowed he would find a way to speak to his beloved wife Bess from beyond the grave using a coded message known only to the two of them. When a widowed Bess begins seeing this code in seemingly impossible places, it becomes clear that Harry has an urgent message to convey. Unlocking the puzzle will set Bess on a course back through the pairâs extraordinary romance, which swept the illusionist and his bride from the beaches of Coney Island, to the palaces of Budapest, to the back lots of Hollywood. When the mystery finally leads Bess to the doorstep of a mysterious young photographer, she realizes that her husbandâs magic may have been more than just illusion.In surprising turns that weave through the uncertain days of the dawn of the twentieth century and continue into the dazzling 1920s, Mrs. Houdini is a thrilling tale that will take you deep into the heart of one of historyâs greatest love storiesâasking what drives people to believe in something bigger than themselvesâeven as it reveals the famous magicianâs most remarkable feat of all. ...more"
caf4fe9311f1dc59,Modern Romance,28.26,5,Add a comment,In stock (15 available),"Now a New York Times BestsellerA hilarious, thoughtful, and in-depth exploration of thepleasures and perils of modern romance from one of this generationâs sharpest comedic voicesAt some point, every one of us embarks on a journey to find love. We meet people, date, getinto and out of relationships, all with the hopeof finding someone with whom we share a deepconnection. T Now a New York Times BestsellerA hilarious, thoughtful, and in-depth exploration of theÂ pleasures and perils of modern romance from one of this generationâs sharpest comedic voicesAt some point, every one of us embarks on a journey to find love. We meet people, date, getÂ into and out of relationships, all with the hopeÂ of finding someone with whom we share a deepÂ connection. This seems standard now, but itâsÂ wildly different from what people did even justÂ decades ago. Single people today have moreÂ romantic options than at any point in humanÂ history. With technology, our abilities to connectÂ with and sort through these options are staggering.Â So why are so many people frustrated?Some of our problems are unique to our time.Â âWhy did this guy just text me an emoji of a pizza?âÂ âShould I go out with this girl even though sheÂ listed Combos as one of her favorite snack foods?Â Combos?!â âMy girlfriend just got a message fromÂ some dude named Nathan. Whoâs Nathan? Did heÂ just send her a photo of his penis? Should I checkÂ just to be sure?âÂ But the transformation of our romantic livesÂ canât be explained by technology alone. In a shortÂ period of time, the whole culture of finding loveÂ has changed dramatically. A few decades ago,Â people would find a decent person who lived inÂ their neighborhood. Their families would meetÂ and, after deciding neither party seemed like aÂ murderer, they would get married and soon haveÂ a kid, all by the time they were twenty-four. Today,Â people marry later than ever and spend years ofÂ their lives on a quest to find the perfect person, aÂ soul mate.For years, Aziz Ansari has been aiming hisÂ comic insight at modern romance, but for ModernÂ Romance, the book, he decided he needed to takeÂ things to another level. He teamed up with NYUÂ sociologist Eric Klinenberg and designed a massiveÂ research project, including hundreds of interviewsÂ and focus groups conducted everywhere fromÂ Tokyo to Buenos Aires to Wichita. They analyzedÂ behavioral data and surveys and created their ownÂ online research forum on Reddit, which drewÂ thousands of messages. They enlisted the worldâsÂ leading social scientists, including Andrew Cherlin, Eli Finkel, HelenÂ Fisher, Sheena Iyengar, Barry Schwartz, SherryÂ Turkle, and Robb Willer. The result is unlike anyÂ social science or humor book weâve seen before.In Modern Romance, Ansari combines hisÂ irreverent humor with cutting-edge social scienceÂ to give us an unforgettable tour of our newÂ romantic world. ...more"
4aa03792b50f0b22,Little Red,13.47,3,Childrens,In stock (15 available),"On her way to Grandmas house, Little Red Riding Hood meets a wolf. Now, that might scare some little girlsbut not this little girl! She knows just what the wolf is up to, and shes not going to let him get away with it. In this updated fairy tale with a mischievous twist, talented newcomer Bethan Woollvin uses sly humor, striking visuals, and a dark irreverence to turn a fa On her way to Grandmas house, Little Red Riding Hood meets a wolf. Now, that might scare some little girlsbut not this little girl! She knows just what the wolf is up to, and shes not going to let him get away with it. In this updated fairy tale with a mischievous twist, talented newcomer Bethan Woollvin uses sly humor, striking visuals, and a dark irreverence to turn a familiar tale on its head. ...more"
ba54932df84e8cea,Library of Souls (Miss Peregrineâs Peculiar Children #3),48.56,5,Young Adult,In stock (15 available),"A boy with extraordinary powers. An army of deadly monsters. An epic battle for the future of peculiardom.The adventure that began with Miss Peregrineâs Home for Peculiar Children and continued in Hollow City comes to a thrilling conclusion with Library of Souls. As the story opens, sixteen-year-old Jacob discovers a powerful new ability, and soon heâs diving through histo A boy with extraordinary powers. An army of deadly monsters. An epic battle for the future of peculiardom.The adventure that began with Miss Peregrineâs Home for Peculiar Children and continued in Hollow City comes to a thrilling conclusion with Library of Souls. As the story opens, sixteen-year-old Jacob discovers a powerful new ability, and soon heâs diving through history to rescue his peculiar companions from a heavily guarded fortress. Accompanying Jacob on his journey are Emma Bloom, a girl with fire at her fingertips, and Addison MacHenry, a dog with a nose for sniffing out lost children.Theyâll travel from modern-day London to the labyrinthine alleys of Devilâs Acre, the most wretched slum in all of Victorian England. Itâs a place where the fate of peculiar children everywhere will be decided once and for all. Like its predecessors, Library of Souls blends thrilling fantasy with never-before-published vintage photography to create a one-of-a-kind reading experience. ...more"
ce60436f52c5ee68,Full Moon over Noahâs Ark: An Odyssey to Mount Ararat and Beyond,49.43,4,Travel,In stock (15 available),"Acclaimed travel writer Rick Antonson sets his adventurous compass on Mount Ararat, exploring the regionâs long history, religious mysteries, and complex politics.Mount Ararat is the most fabled mountain in the world. For millennia this massif in eastern Turkey has been rumored as the resting place of Noahâs Ark following the Great Flood. But it also plays a significant ro Acclaimed travel writer Rick Antonson sets his adventurous compass on Mount Ararat, exploring the regionâs long history, religious mysteries, and complex politics.Mount Ararat is the most fabled mountain in the world. For millennia this massif in eastern Turkey has been rumored as the resting place of Noahâs Ark following the Great Flood. But it also plays a significant role in the longstanding conflict between Turkey and Armenia.Author Rick Antonson joined a five-member expedition to the mountainâs nearly 17,000-foot summit, trekking alongside a contingent of Armenians, for whom Mount Ararat is the stolen symbol of their country. Antonson weaves vivid historical anecdote with unexpected travel vignettes, whether tracing earlier mountaineering attempts on the peak, recounting the genocide of Armenians and its unresolved debate, or depicting the Kurdsâ ambitions for their own nationâs borders, which some say should include Mount Ararat.What unfolds in Full Moon Over Noahâs Ark is one manâs odyssey, a tale told through many stories. Starting with the flooding of the Black Sea in 5600 BCE, through to the Epic of Gilgamesh and the contrasting narratives of the Great Flood known to followers of the Judaic, Christian and Islamic religions, Full Moon Over Noahâs Ark takes readers along with Antonson through the shadows and broad landscapes of Turkey, Iraq, Iran and Armenia, shedding light on a troubled but fascinating area of the world. ...more"
116a2fdc9a45bab0,Frostbite (Vampire Academy #2),29.99,5,Young Adult,In stock (15 available),"WHEN LOVE AND JEALOUSY COLLIDE ON THE SLOPES, WINTER BREAK TURNS DEADLY...Lissa Dragomir is a Moroi princess: a mortal vampire with a rare gift for harnessing the earth's magic. She must be protected at all times from Strigoi; the fiercest vampires - the ones who never die. The powerful blend of human and vampire blood that flows through Rose Hathaway, Lissa's best friend, WHEN LOVE AND JEALOUSY COLLIDE ON THE SLOPES, WINTER BREAK TURNS DEADLY...Lissa Dragomir is a Moroi princess: a mortal vampire with a rare gift for harnessing the earth's magic. She must be protected at all times from Strigoi; the fiercest vampires - the ones who never die. The powerful blend of human and vampire blood that flows through Rose Hathaway, Lissa's best friend, makes her a dhampir. Rose is dedicated to a dangerous life of protecting Lissa from the Strigoi, who are hell-bent on making Lissa one of them.Rose has serious guy trouble. Her gorgeous tutor, Dimitri, has his eye on someone else, her friend Mason has a huge crush on her, and she keeps getting stuck in her best friend Lissa's head while she's making out with her boyfriend, Christian.Then a nearby Strigoi attack puts St. Vladimir's on high alert, and the Academy whisks its students away on a mandatory holiday ski trip. But the glittering winter landscape and posh Idaho resort only provide the illusion of safety. When three students run away to strike back against the deadly Strigoi, Rose must join forces with Christian to rescue them. Only this time, Rose - and her heart - are in more danger than she ever could have imagined... ...more"
65d034adf80834b7,"Fables, Vol. 1: Legends in Exile (Fables #1)",41.62,4,Sequential Art,In stock (15 available),"When a savage creature known only as the Adversary conquered the fabled lands of legends and fairy tales, all of the infamous inhabitants of folklore were forced into exile. Disguised among the normal citizens of modern-day New York, these magical characters have created their own peaceful and secret society within an exclusive luxury apartment building called Fabletown. B When a savage creature known only as the Adversary conquered the fabled lands of legends and fairy tales, all of the infamous inhabitants of folklore were forced into exile. Disguised among the normal citizens of modern-day New York, these magical characters have created their own peaceful and secret society within an exclusive luxury apartment building called Fabletown. But when Snow White's party-girl sister, Rose Red, is apparently murdered, it is up to Fabletown's sheriff, a reformed and pardoned Big Bad Wolf (Bigby Wolf), to determine if the killer is Bluebeard, Rose's ex-lover and notorious wife killer, or Jack, her current live-in boyfriend and former beanstalk-climber.Collecting FABLES #1-5. ...more"
6ffb36aaeff1c81e,Drive: The Surprising Truth About What Motivates Us,34.95,4,Default,In stock (15 available),"Forget everything you thought you knew about how to motivate peopleâat work, at school, at home. It's wrong. As Daniel H. Pink (author of To Sell Is Human: The Surprising Truth About Motivating Others) explains in his paradigm-shattering book Drive, the secret to high performance and satisfaction in today's world is the deeply human need to direct our own lives, to learn a Forget everything you thought you knew about how to motivate peopleâat work, at school, at home. It's wrong. As Daniel H. Pink (author of To Sell Is Human: The Surprising Truth About Motivating Others) explains in his paradigm-shattering book Drive, the secret to high performance and satisfaction in today's world is the deeply human need to direct our own lives, to learn and create new things, and to do better by ourselves and our world.Drawing on four decades of scientific research on human motivation, Pink exposes the mismatch between what science knows and what business doesâand how that affects every aspect of our lives. He demonstrates that while the old-fashioned carrot-and-stick approach worked successfully in the 20th century, it's precisely the wrong way to motivate people for today's challenges. In Drive, he reveals the three elements of true motivation:*Autonomyâthe desire to direct our own lives*Masteryâthe urge to get better and better at something that matters*Purposeâthe yearning to do what we do in the service of something larger than ourselvesAlong the way, he takes us to companies that are enlisting new approaches to motivation and introduces us to the scientists and entrepreneurs who are pointing a bold way forward.Drive is bursting with big ideasâthe rare book that will change how you think and transform how you live. ...more"
f6d967cdadc6fbd9,Done Rubbed Out (Reightman & Bailey #1),37.72,5,Default,In stock (15 available),"In this first book of the Reightman & Bailey Series, deceit, corruption and murder tangle together with vivid, unconventional characters in a story of unlikely friendships and their power to change us. Things are going well at the Time Out Spa, but the night young proprietor Toby Bailey discovers his former lover naked and dead on a massage table, more things are spoil In this first book of the Reightman & Bailey Series, deceit, corruption and murder tangle together with vivid, unconventional characters in a story of unlikely friendships and their power to change us. Things are going well at the Time Out Spa, but the night young proprietor Toby Bailey discovers his former lover naked and dead on a massage table, more things are spoiled than just his white leather shoes. Detective Melba Reightman and partner, Sam Jackson are called in to investigate and soon become embroiled in the most perplexing homicide case seen in years.After a hunting knife engraved with Toby's name is found in a load of wet, bloody laundry, he's arrested for the murder of Geraldo Guzman. He enlists the help of Madame Zhou Li, practicing attorney and owner of Green Dragon Chinese Herbs and Teas. The peculiar octogenarian seems an unlikely choice to defend him, but has a few tricks up her sleeve. Toby joins forces with Reightman and Jackson, and a shocking string of clues leads them closer to the killer. The bad news? Successfully solving the crime might unleash a firestorm on this southern city and come at a price none of them are prepared to pay. ...more"
3a11bb962ff45b78,Doing It Over (Most Likely To #1),35.61,3,Romance,In stock (15 available),"Voted Most Likely to Succeed, Melanie Bartlett ended up anything but. The down-on-her-luck single mom wants a complete do-overâis that too much to ask? With her family long gone from River Bend, strong, independent Mel is as surprised as anyone to end up in the quaint small town she once called home. But with her friends, Jo and Zoe, by her side, and a comfortable room at Voted Most Likely to Succeed, Melanie Bartlett ended up anything but. The down-on-her-luck single mom wants a complete do-overâis that too much to ask? With her family long gone from River Bend, strong, independent Mel is as surprised as anyone to end up in the quaint small town she once called home. But with her friends, Jo and Zoe, by her side, and a comfortable room at Miss Ginaâs quirky bed-and-breakfast, she just might have turned the corner on a new life.Wyatt Gibson never liked the big city. River Bend suits the ruggedly handsome builder just fine. Wyatt knows heâs home, even if that means being charmed by the appearance of Melanie and her spunky, adorable daughter. Is Wyattâs calm devotionâeven amid a coming stormâenough to convince Mel she may have found a home to call her own, a family that never leaves, and a true love to last a lifetime? ...more"
46c1530d7546ea6d,"Deliciously Ella Every Day: Quick and Easy Recipes for Gluten-Free Snacks, Packed Lunches, and Simple Meals",42.16,3,Food and Drink,In stock (15 available),"Delicious plant-based, gluten-free recipes and lifestyle tips for packed lunches, snacks, and simple meals that are easy and accessible to everyoneâfrom the author of the international bestseller Deliciously Ella.Itâs easy to be healthy until you get hungry. Making healthy eating sustainable is about two things. One: itâs got to be doable in the context of a time starved l Delicious plant-based, gluten-free recipes and lifestyle tips for packed lunches, snacks, and simple meals that are easy and accessible to everyoneâfrom the author of the international bestseller Deliciously Ella.Itâs easy to be healthy until you get hungry. Making healthy eating sustainable is about two things. One: itâs got to be doable in the context of a time starved life. Two: itâs got to be delicious. Ella Woodwardâs newest cookbook Deliciously Ella Every Day offers fantastically appealing and quick recipes for breakfasts, packed lunches, snacks on the go, and stress-free meals.The book is packed with more than 100 simple yet irresistible plant-based, dairy-free, and gluten-free recipes. Be inspired by Ellaâs quick weekday dinners, amazingly colorful salads, and incredible ideas for meals and snacks on the go. Favorites include the insanely delicious roasted cinnamon and maple trail mix, a super-rich chocolate ganache cake, a lovely roasted potato, hazelnut and pomegranate salad with a maple dressing. The book includes a section of big-batch cooking, recipes that can be made on the weekend so you can pack satisfying lunches or prepare quick, easy dinners during the weekâa lovely cauliflower pizza or a stunning mushroom risotto.Featuring the top ten rules for living the Deliciously Ella way, tips for eating well without breaking the bank, and shopping lists to help you get organized, this is the cookbook youâve been waiting for. ...more"
88c21fcd38e2486e,Dark Notes,19.19,5,Erotica,In stock (15 available),"They call me a slut. Maybe I am.Sometimes I do things I despise.Sometimes men take without asking.But I have a musical gift, only a year left of high school, and a plan.With one obstacle.Emeric Marceaux doesnât just take.He seizes my will power and bangs it like a dark note.When he commands me to play, I want to give him everything.I kneel for his punishments, tremble for They call me a slut. Maybe I am.Sometimes I do things I despise.Sometimes men take without asking.But I have a musical gift, only a year left of high school, and a plan.With one obstacle.Emeric Marceaux doesnât just take.He seizes my will power and bangs it like a dark note.When he commands me to play, I want to give him everything.I kneel for his punishments, tremble for his touch, and risk it all for our stolen moments.Heâs my obsession, my master, my music.And my teacher. ...more"
3b9a3b4624b7fd6d,"Daring Greatly: How the Courage to Be Vulnerable Transforms the Way We Live, Love, Parent, and Lead",19.43,3,Nonfiction,In stock (15 available),"Researcher and thought leader Dr. BrenÃ© Brown offers a powerful new vision that encourages us to dare greatly: to embrace vulnerability and imperfection, to live wholeheartedly, and to courageously engage in our lives. âIt is not the critic who counts; not the man who points out how the strong man stumbles, or where the doer of deeds could have done them better. The credit Researcher and thought leader Dr. BrenÃ© Brown offers a powerful new vision that encourages us to dare greatly: to embrace vulnerability and imperfection, to live wholeheartedly, and to courageously engage in our lives. âIt is not the critic who counts; not the man who points out how the strong man stumbles, or where the doer of deeds could have done them better. The credit belongs to the man who is actually in the arena, whose face is marred by dust and sweat and blood; who strives valiantly; . . . who at best knows in the end the triumph of high achievement, and who at worst, if he fails, at least fails while daring greatly.â âTheodore RooseveltEvery day we experience the uncertainty, risks, and emotional exposure that define what it means to be vulnerable, or to dare greatly. Whether the arena is a new relationship, an important meeting, our creative process, or a difficult family conversation, we must find the courage to walk into vulnerability and engage with our whole hearts.In Daring Greatly, Dr. Brown challenges everything we think we know about vulnerability. Based on twelve years of research, she argues that vulnerability is not weakness, but rather our clearest path to courage, engagement, and meaningful connection. The book that Dr. Brownâs many fans have been waiting for, Daring Greatly will spark a new spirit of truthâand trustâin our organizations, families, schools, and communities. ...more"
a57b1dcbd6849222,Close to You,49.46,4,Christian Fiction,In stock (15 available),"A disgraced scholar running from her past and an entrepreneur chasing his future find themselves thrown togetherâand fall in loveâon a Tolkien tour of New Zealand.Allison Shire (yes, like where the Hobbits live) is a disgraced academic who is done with love. Her belief in âhappily ever afterâ ended the day she discovered her husband was still married to a wife she knew not A disgraced scholar running from her past and an entrepreneur chasing his future find themselves thrown togetherâand fall in loveâon a Tolkien tour of New Zealand.Allison Shire (yes, like where the Hobbits live) is a disgraced academic who is done with love. Her belief in âhappily ever afterâ ended the day she discovered her husband was still married to a wife she knew nothing about. She finally finds a use for her English degree by guiding tours through the famous sites featured in the Lord of the Rings and The Hobbit movies. By living life on the road and traveling New Zealand as a luxury tour guide, Allison manages to outrun the pain of her past she canât face.Jackson Gregory was on the cusp of making it big. Then suddenly his girlfriend left himâfor his biggest business competitorâand took his most guarded commercial secrets with her. To make matters worse, the Iowa farm that has been in his family for generations is facing foreclosure. Determined to save his parents from financial ruin, heâll do whatever it takes to convince his wealthy great-uncle to invest in his next scheme, which means accompanying him to the bottom of the world to spend three weeks pretending to be a die-hard Lord of the Rings fan, even though he knows nothing about the stories. The one thing that stands between him and his goal is a know-it-all tour guide who canât stand him and pegged him as a fake the moment he walked off the plane.When Allison leads the group through the famous sites of the Tolkien movies, she and Jackson start to see each other differently, and as they keep getting thrown together on the tour, they find themselves drawn to each other. Neither expected to fall in love again, but can they find a way beyond their regrets to take a chance on the one thing theyâre not looking for? ...more"
1f329c2e7d7de8bd,Big Magic: Creative Living Beyond Fear,30.8,3,Nonfiction,In stock (15 available),"Readers of all ages and walks of life have drawn inspiration and empowerment from Elizabeth Gilbertâs books for years. Now this beloved author digs deep into her own generative process to share her wisdom and unique perspective about creativity. With profound empathy and radiant generosity, she offers potent insights into the mysterious nature of inspiration. She asks us t Readers of all ages and walks of life have drawn inspiration and empowerment from Elizabeth Gilbertâs books for years. Now this beloved author digs deep into her own generative process to share her wisdom and unique perspective about creativity. With profound empathy and radiant generosity, she offers potent insights into the mysterious nature of inspiration. She asks us to embrace our curiosity and let go of needless suffering. She shows us how to tackle what we most love, and how to face down what we most fear. She discusses the attitudes, approaches, and habits we need in order to live our most creative lives. Balancing between soulful spirituality and cheerful pragmatism, Gilbert encourages us to uncover the âstrange jewelsâ that are hidden within each of us. Whether we are looking to write a book, make art, find new ways to address challenges in our work, Â embark on a dream long deferred, or simply infuse our everyday lives with more mindfulness and passion, Big Magic cracks open a world of wonder and joy. ...more"
47271d8e08b5d31c,Batman: The Dark Knight Returns (Batman),15.38,5,Sequential Art,In stock (15 available),"This masterpiece of modern comics storytelling brings to vivid life a dark world and an even darker man. Together with inker Klaus Janson and colorist Lynn Varley, writer/artist Frank Miller completely reinvents the legend of Batman in his saga of a near-future Gotham City gone to rot, ten years after the Dark Knight's retirement. Crime runs rampant in the streets, and the This masterpiece of modern comics storytelling brings to vivid life a dark world and an even darker man. Together with inker Klaus Janson and colorist Lynn Varley, writer/artist Frank Miller completely reinvents the legend of Batman in his saga of a near-future Gotham City gone to rot, ten years after the Dark Knight's retirement. Crime runs rampant in the streets, and the man who was Batman is still tortured by the memories of his parents' murders. As civil society crumbles around him, Bruce Wayne's long-suppressed vigilante side finally breaks free of its self-imposed shackles. The Dark Knight returns in a blaze of fury, taking on a whole new generation of criminals and matching their level of violence. He is soon joined by this generation's Robin â a girl named Carrie Kelley, who proves to be just as invaluable as her predecessors.But can Batman and Robin deal with the threat posed by their deadliest enemies, after years of incarceration have made them into perfect psychopaths? And more important, can anyone survive the coming fallout of an undeclared war between the superpowers - or a clash of what were once the world's greatest superheroes?Over fifteen years after its debut, 'Batman: The Dark Knight Returns' remains an undisputed classic and one of the most influential stories ever told in the comics medium.Collecting BATMAN: THE DARK KNIGHT RETURNS #1-4 ...more"
d24b829be2ca81c4,Anonymous,46.82,4,Default,In stock (15 available),"Logan Matthews is a father, architect, and widower. He lives in Brooklyn, New York with his three year old son, Liam. His life is as ordinary as any single father with a toddler. Lara Miller is a single mother raising her nine year old daughter, Olivia in New York City, the city that never sleeps. She lives with her roommate, Erin and finds that she enjoys life just the wa Logan Matthews is a father, architect, and widower. He lives in Brooklyn, New York with his three year old son, Liam. His life is as ordinary as any single father with a toddler. Lara Miller is a single mother raising her nine year old daughter, Olivia in New York City, the city that never sleeps. She lives with her roommate, Erin and finds that she enjoys life just the way it is. Logan and Lara have all but given up on love. However, fate has another plan for these parents because they both share something that will draw them together in a way they never thought possible. Their daughter. ...more"
7ebfa6c1bee69e1e,Amy Meets the Saints and Sages,18.46,3,Default,In stock (15 available),"All major religions have saints and sages that are pinnacles of love and integrity. Wouldn't your child benefit from having them as role models? Wouldn't it empower your child to know that these saints/sages are real people, some of whom are living right now?In ""Amy Meets the Saints and Sages, A Young Person's Adventures in Spirituality"" your child gets to meet six saints/ All major religions have saints and sages that are pinnacles of love and integrity. Wouldn't your child benefit from having them as role models? Wouldn't it empower your child to know that these saints/sages are real people, some of whom are living right now?In ""Amy Meets the Saints and Sages, A Young Person's Adventures in Spirituality"" your child gets to meet six saints/sages from six different traditions: Islam, Catholicism, Judaism, Native American, Tibetan Buddhism, and Hinduism. Three of the saints/sages are women; three are men. Three are still with us; three have passed on. Your child is introduced to these saints/sages first through a brief but reverent biography. Then second, your child gets to know the saint/sage better through a concrete story. Children love stories and they have a way of sticking to a child for years. And finally, let's make it personal by having the saint/sage and a young person, about your child's age, fictionally interact around the story. It's all fun and engaging for both child and adults.It's for children age 7-12 and is fully illustrated. There is never any attempt to have your child join anything.And, as your child comes to appreciate various religions, a bit more religious tolerance is gained. With that gain a bit more peace has come forth.Find out more at http://www.mychildsprayers.com/amy-me... ...more"
d195e7f4ed697350,Agnostic: A Spirited Manifesto,12.51,5,Nonfiction,In stock (15 available),"A widely admired writer on religion celebrates agnosticism as the most vibrant, engagingâand ultimately the most honestâstance toward the mysteries of existence. One in four Americans reject any affiliation with organized religion, and nearly half of those under thirty describe themselves as âspiritual but not religious.â But as the airwaves resound with the haranguing of A widely admired writer on religion celebrates agnosticism as the most vibrant, engagingâand ultimately the most honestâstance toward the mysteries of existence. One in four Americans reject any affiliation with organized religion, and nearly half of those under thirty describe themselves as âspiritual but not religious.â But as the airwaves resound with the haranguing of preachers and pundits, who speaks for the millions who find no joy in whittling the wonder of existence to a simple yes/no choice? Lesley Hazleton does. In this provocative, brilliant book, she gives voice to the case for agnosticism, breaks it free of its stereotypes as watered-down atheism or amorphous âseeking,â and celebrates it as a reasoned, revealing, and sustaining stance toward life. Stepping over the lines imposed by rigid conviction, she draws on philosophy, theology, psychology, science, and more to explore, with curiosity and passion, the vital role of mystery in a deceptively information-rich world; to ask what we mean by the search for meaning; to invoke the humbling yet elating perspective of infinity; to challenge received ideas about death; and to reconsider what âthe soulâ might be. Inspired and inspiring, AgnosticÂ recasts the question of belief not as a problem to be solved but as an invitation to an ongoing, open-ended adventure of the mind. ...more"
dd5bfa6cc2c0ecc3,Zealot: The Life and Times of Jesus of Nazareth,24.7,3,History,In stock (14 available),"From the internationally bestselling author of No god but God comes a fascinating, provocative, and meticulously researched biography that challenges long-held assumptions about the man we know as Jesus of Nazareth.Two thousand years ago, an itinerant Jewish preacher and miracle worker walked across the Galilee, gathering followers to establish what he called the âKingdom From the internationally bestselling author of No god but God comes a fascinating, provocative, and meticulously researched biography that challenges long-held assumptions about the man we know as Jesus of Nazareth.Two thousand years ago, an itinerant Jewish preacher and miracle worker walked across the Galilee, gathering followers to establish what he called the âKingdom of God.â The revolutionary movement he launched was so threatening to the established order that he was captured, tortured, and executed as a state criminal.Within decades after his shameful death, his followers would call him God.Sifting through centuries of mythmaking, Reza Aslan sheds new light on one of historyâs most influential and enigmatic characters by examining Jesus through the lens of the tumultuous era in which he lived: first-century Palestine, an age awash in apocalyptic fervor. Scores of Jewish prophets, preachers, and would-be messiahs wandered through the Holy Land, bearing messages from God. This was the age of zealotryâa fervent nationalism that made resistance to the Roman occupation a sacred duty incumbent on all Jews. And few figures better exemplified this principle than the charismatic Galilean who defied both the imperial authorities and their allies in the Jewish religious hierarchy.Balancing the Jesus of the Gospels against the historical sources, Aslan describes a man full of conviction and passion, yet rife with contradiction; a man of peace who exhorted his followers to arm themselves with swords; an exorcist and faith healer who urged his disciples to keep his identity a secret; and ultimately the seditious âKing of the Jewsâ whose promise of liberation from Rome went unfulfilled in his brief lifetime. Aslan explores the reasons why the early Christian church preferred to promulgate an image of Jesus as a peaceful spiritual teacher rather than a politically conscious revolutionary. And he grapples with the riddle of how Jesus understood himself, the mystery that is at the heart of all subsequent claims about his divinity.Zealot yields a fresh perspective on one of the greatest stories ever told even as it affirms the radical and transformative nature of Jesus of Nazarethâs life and mission. The result is a thought-provoking, elegantly written biography with the pulse of a fast-paced novel: a singularly brilliant portrait of a man, a time, and the birth of a religion. ...more"
024387ca4cafd5cc,You (You #1),43.61,5,Thriller,In stock (14 available),"When a beautiful, aspiring writer strides into the East Village bookstore where Joe Goldberg works, he does what anyone would do: he Googles the name on her credit card.There is only one Guinevere Beck in New York City. She has a public Facebook account and Tweets incessantly, telling Joe everything he needs to know: she is simply Beck to her friends, she went to Brown Uni When a beautiful, aspiring writer strides into the East Village bookstore where Joe Goldberg works, he does what anyone would do: he Googles the name on her credit card.There is only one Guinevere Beck in New York City. She has a public Facebook account and Tweets incessantly, telling Joe everything he needs to know: she is simply Beck to her friends, she went to Brown University, she lives on Bank Street, and sheâll be at a bar in Brooklyn tonightâthe perfect place for a âchanceâ meeting.As Joe invisibly and obsessively takes control of Beckâs life, he orchestrates a series of events to ensure Beck finds herself in his waiting arms. Moving from stalker to boyfriend, Joe transforms himself into Beckâs perfect man, all while quietly removing the obstacles that stand in their wayâeven if it means murder. ...more"
047097293bb4d1c0,"Wonder Woman: Earth One, Volume One (Wonder Woman: Earth One #1)",37.34,4,Sequential Art,In stock (14 available),"Following the New York Times #1 bestselling original graphic novels Batman: Earth One, Volume One and Superman: Earth One Volumes One and Two comes Wonder Woman: Earth One, Volume One!Critically acclaimed, best-selling writer Grant Morrison (All-Star Superman, Batman, Inc.) once again pushes the boundaries of the graphic novel page in his mind-bending new take on the most Following the New York Times #1 bestselling original graphic novels Batman: Earth One, Volume One and Superman: Earth One Volumes One and Two comes Wonder Woman: Earth One, Volume One!Critically acclaimed, best-selling writer Grant Morrison (All-Star Superman, Batman, Inc.) once again pushes the boundaries of the graphic novel page in his mind-bending new take on the most powerful woman in the DC Universe. With stunning art by Yanick Paquette (Swamp Thing), Wonder Woman: Earth One, Volume One is an easily accessible jumping on point for new readers. ...more"
44a10f1ac8ce822e,Whole Lotta Creativity Going On: 60 Fun and Unusual Exercises to Awaken and Strengthen Your Creativity,38.2,4,Nonfiction,In stock (14 available),"Be your own kind of creative. Everyone has a creative core. Everyone! But, in order for it to thrive, it needs to be nurtured. That's where ""Whole Lotta Creativity Going On"" can help. It's not a crafts or how-to book, but rather a fun book, filled with 10 different types of unusual and thought-provoking activities and exercises, which can be used to ignite and invigorate y Be your own kind of creative. Everyone has a creative core. Everyone! But, in order for it to thrive, it needs to be nurtured. That's where ""Whole Lotta Creativity Going On"" can help. It's not a crafts or how-to book, but rather a fun book, filled with 10 different types of unusual and thought-provoking activities and exercises, which can be used to ignite and invigorate your creative spark. Sometimes, those that don't feel they are creative, surprise themselves the most when they unlock the door, clear away the dust, and begin to discover and unleash the creative side of themselves. For others, perhaps, their creative spirit hasn't been given enough of an opportunity to really flourish and express itself in its own unique way.This book contains 60 different creativity stretchers to get you going which are grouped into the following categories: - Awareness, Sensory, and Experience - Creativity in Action- Ideation- Imagination- Pictures, Patterns, and Abstractions- Snap Portraits- Snap Solutions- Stop and Reflect- Thought Expression- Word Play ...more"
6a31307a81e8f3a8,Walt Disney's Alice in Wonderland,12.96,5,Childrens,In stock (14 available),"The fantastical tale of a young girl chasing her White Rabbit has delighted children since Lewis Carroll wrote it generations ago. Here his Wonderland shines anew, viewed through the looking glasses of two incomparable artists.Mary Blair's vibrant art helped shape the look of Walt Disney's classic animated film. Collected in a picture book for the first time, her illustrat The fantastical tale of a young girl chasing her White Rabbit has delighted children since Lewis Carroll wrote it generations ago. Here his Wonderland shines anew, viewed through the looking glasses of two incomparable artists.Mary Blair's vibrant art helped shape the look of Walt Disney's classic animated film. Collected in a picture book for the first time, her illustrations capture the essence of such memorable characters as the Queen of Hearts and the Mad Hatter with stunning immediacy. Jon Scieszka's captivating text celebrates all that is curious-and all that is nonsensical-about the world that holds Alice spellbound, from a deliciously absurd tea party to the spectacle of a kingdom of playing cards . Brimming with wit and wonder, this sparkling retelling will enchant readers from the moment Alice falls down the rabbit hole, whether or not they've made the journey before. ...more"
4a1debca3135ff37,V for Vendetta (V for Vendetta Complete),37.1,4,Default,In stock (14 available),"""Remember, remember the fifth of November...""A frightening and powerful tale of the loss of freedom and identity in a chillingly believable totalitarian world, V for Vendetta stands as one of the highest achievements of the comics medium and a defining work for creators Alan Moore and David Lloyd.Set in an imagined future England that has given itself over to fascism, this ""Remember, remember the fifth of November...""A frightening and powerful tale of the loss of freedom and identity in a chillingly believable totalitarian world, V for Vendetta stands as one of the highest achievements of the comics medium and a defining work for creators Alan Moore and David Lloyd.Set in an imagined future England that has given itself over to fascism, this groundbreaking story captures both the suffocating nature of life in an authoritarian police state and the redemptive power of the human spirit which rebels against it. Crafted with sterling clarity and intelligence, V for Vendetta brings an unequaled depth of characterization and verisimilitude to its unflinching account of oppression and resistance. ...more"
6875c5657661b2fb,The White Queen (The Cousins' War #1),25.91,5,Add a comment,In stock (14 available),"Philippa Gregory presents the first of a new series set amid the deadly feuds of England known as the Wars of the Roses.Brother turns on brother to win the ultimate prize, the throne of England, in this dazzling account of the wars of the Plantagenets. They are the claimants and kings who ruled England before the Tudors, and now Philippa Gregory brings them to life through Philippa Gregory presents the first of a new series set amid the deadly feuds of England known as the Wars of the Roses.Brother turns on brother to win the ultimate prize, the throne of England, in this dazzling account of the wars of the Plantagenets. They are the claimants and kings who ruled England before the Tudors, and now Philippa Gregory brings them to life through the dramatic and intimate stories of the secret players: the indomitable women, starting with Elizabeth Woodville, the White Queen.The White Queen tells the story of a woman of extraordinary beauty and ambition who, catching the eye of the newly crowned boy king, marries him in secret and ascends to royalty. While Elizabeth rises to the demands of her exalted position and fights for the success of her family, her two sons become central figures in a mystery that has confounded historians for centuries: the missing princes in the Tower of London whose fate is still unknown. From her uniquely qualified perspective, Philippa Gregory explores this most famous unsolved mystery of English history, informed by impeccable research and framed by her inimitable storytelling skills.With The White Queen, Philippa Gregory brings the artistry and intellect of a master writer and storyteller to a new era in history and begins what is sure to be another bestselling classic series from this beloved author. ...more"
c5cb9f885d8b3621,The Wedding Pact (The O'Malleys #2),32.61,3,Romance,In stock (14 available),"New York Times and USA Today bestselling author Katee Robert continues her smoking-hot series about the O'Malleysâwealthy, powerful, and full of scandalous family secrets. Carrigan O'Malley has always known her arranged marriage would be more about power and prestige than passion. But after one taste of the hard-bodied, whiskey-voiced James Halloran, she's ruined for anyo New York Times and USA Today bestselling author Katee Robert continues her smoking-hot series about the O'Malleysâwealthy, powerful, and full of scandalous family secrets. Carrigan O'Malley has always known her arranged marriage would be more about power and prestige than passion. But after one taste of the hard-bodied, whiskey-voiced James Halloran, she's ruined for anyone else. Too bad James and his family are enemy number 1. Hallorans vs. O'Malleysâthat's how it's always been. James should be thinking more about how to expand his family's empire instead of how silky Carrigan's skin is against his and how he can next get her into his bed. Those are dangerous thoughts. But not nearly as dangerous as he'll be if he can't get what he wants: Carrigan by his side for the rest of their lives. ...more"
e9906e2f0d189745,The Time Keeper,27.88,5,Fiction,In stock (14 available),"In this fable, the first man on earth to count the hours becomes Father Time. The inventor of the world's first clock is punished for trying to measure God's greatest gift. He is banished to a cave for centuries and forced to listen to the voices of all who come after him seeking more days, more years. Eventually, with his soul nearly broken, Father Time is granted his fre In this fable, the first man on earth to count the hours becomes Father Time. The inventor of the world's first clock is punished for trying to measure God's greatest gift. He is banished to a cave for centuries and forced to listen to the voices of all who come after him seeking more days, more years. Eventually, with his soul nearly broken, Father Time is granted his freedom, along with a magical hourglass and a mission: a chance to redeem himself by teaching two earthly people the true meaning of time.He returns to our world - now dominated by the hour-counting he so innocently began - and commences a journey with two unlikely partners: one a teenage girl who is about to give up on life, the other a wealthy old businessman who wants to live forever. To save himself, he must save them both. And stop the world to do so. ...more"
1528279aec1f3dce,The Star-Touched Queen,46.02,5,Fantasy,In stock (14 available),"Fate and fortune. Power and passion. What does it take to be the queen of a kingdom when you're only seventeen?Maya is cursed. With a horoscope that promises a marriage of Death and Destruction, she has earned only the scorn and fear of her father's kingdom. Content to follow more scholarly pursuits, her whole world is torn apart when her father, the Raja, arranges a weddi Fate and fortune. Power and passion. What does it take to be the queen of a kingdom when you're only seventeen?Maya is cursed. With a horoscope that promises a marriage of Death and Destruction, she has earned only the scorn and fear of her father's kingdom. Content to follow more scholarly pursuits, her whole world is torn apart when her father, the Raja, arranges a wedding of political convenience to quell outside rebellions. Soon Maya becomes the queen of Akaran and wife of Amar. Neither roles are what she expected: As Akaran's queen, she finds her voice and power. As Amar's wife, she finds something else entirely: Compassion. Protection. Desire...But Akaran has its own secrets -- thousands of locked doors, gardens of glass, and a tree that bears memories instead of fruit. Soon, Maya suspects her life is in danger. Yet who, besides her husband, can she trust? With the fate of the human and Otherworldly realms hanging in the balance, Maya must unravel an ancient mystery that spans reincarnated lives to save those she loves the most. . .including herself.A lush and vivid story that is steeped in Indian folklore and mythology. The Star-touched Queen is a novel that no listener will soon forget. ...more"
00c4543ec6bd25b4,The Songs of the Gods,44.48,5,Default,In stock (14 available),"The Power of Dream ""It has been ages since the last time you enjoyed the night more than what you enjoy your overcoat. Then you would dance the night, now you wear the night, It is an accessory to hide you from everyone."" The Songs of the Gods is a collection of poems reaching deep into the human soul. Love, hate, search, longing and reality are carefully tested and presen The Power of Dream ""It has been ages since the last time you enjoyed the night more than what you enjoy your overcoat. Then you would dance the night, now you wear the night, It is an accessory to hide you from everyone."" The Songs of the Gods is a collection of poems reaching deep into the human soul. Love, hate, search, longing and reality are carefully tested and presented; from the subtle dreams of being in love to the cruelty of the inescapable reality. The power of the writing resembles the magnitude of poets like Arthur Rimbaud and William Blake. ...more"
e88fb1c9397cfb27,The Song of Achilles,37.4,5,Add a comment,In stock (14 available),"Greece in the age of heroes. Patroclus, an awkward young prince, has been exiled to the court of King Peleus and his perfect son Achilles. Despite their difference, Achilles befriends the shamed prince, and as they grow into young men skilled in the arts of war and medicine, their bond blossoms into something deeper - despite the displeasure of Achilles' mother Thetis, a c Greece in the age of heroes. Patroclus, an awkward young prince, has been exiled to the court of King Peleus and his perfect son Achilles. Despite their difference, Achilles befriends the shamed prince, and as they grow into young men skilled in the arts of war and medicine, their bond blossoms into something deeper - despite the displeasure of Achilles' mother Thetis, a cruel sea goddess. But when word comes that Helen of Sparta has been kidnapped, Achilles must go to war in distant Troy and fulfill his destiny. Torn between love and fear for his friend, Patroclus goes with him, little knowing that the years that follow will test everything they hold dear. ...more"
6bdd909329435e80,The Power of Habit: Why We Do What We Do in Life and Business,16.88,3,Default,In stock (14 available),"A young woman walks into a laboratory. Over the past two years, she has transformed almost every aspect of her life. She has quit smoking, run a marathon, and been promoted at work. The patterns inside her brain, neurologists discover, have fundamentally changed.Marketers at Procter & Gamble study videos of people making their beds. They are desperately trying to figur A young woman walks into a laboratory. Over the past two years, she has transformed almost every aspect of her life. She has quit smoking, run a marathon, and been promoted at work. The patterns inside her brain, neurologists discover, have fundamentally changed.Â Marketers at Procter & Gamble study videos of people making their beds. They are desperately trying to figure out how to sell a new product called Febreze, on track to be one of the biggest flops in company history. Suddenly, one of them detects a nearly imperceptible patternâand with a slight shift in advertising, Febreze goes on to earn a billion dollars a year.Â An untested CEO takes over one of the largest companies in America. His first order of business is attacking a single pattern among his employeesâhow they approach worker safetyâand soon the firm, Alcoa, becomes the top performer in the Dow Jones.Â What do all these people have in common? They achieved success by focusing on the patterns that shape every aspect of our lives. Â They succeeded by transforming habits.Â In The Power of Habit, award-winning New York Times business reporter Charles Duhigg takes us to the thrilling edge of scientific discoveries that explain why habits exist and how they can be changed. With penetrating intelligence and an ability to distill vast amounts of information into engrossing narratives, Duhigg brings to life a whole new understanding of human nature and its potential for transformation. Â Along the way we learn why some people and companies struggle to change, despite years of trying, while others seem to remake themselves overnight. We visit laboratories where neuroscientists explore how habits work and where, exactly, they reside in our brains. We discover how the right habits were crucial to the success of Olympic swimmer Michael Phelps, Starbucks CEO Howard Schultz, and civil-rights hero Martin Luther King, Jr. We go inside Procter & Gamble, Target superstores, Rick Warrenâs Saddleback Church, NFL locker rooms, and the nationâs largest hospitals and see how implementing so-called keystone habits can earn billions and mean the difference between failure and success, life and death.Â At its core, The Power of Habit contains an exhilarating argument: The key to exercising regularly, losing weight, raising exceptional children, becoming more productive, building revolutionary companies and social movements, and achieving success is understanding how habits work. Â Habits arenât destiny. As Charles Duhigg shows, by harnessing this new science, we can transform our businesses, our communities, and our lives. ...more"
52cf2a5933ec5d8f,The Marriage of Opposites,28.08,4,Historical Fiction,In stock (14 available),"From the New York Times bestselling author of The Dovekeepers and The Museum of Extraordinary Things: a forbidden love story set on the tropical island of St. Thomas about the extraordinary woman who gave birth to painter Camille Pissarro; the Father of Impressionism.Growing up on idyllic St. Thomas in the early 1800s, Rachel dreams of life in faraway Paris. Rachel's mothe From the New York Times bestselling author of The Dovekeepers and The Museum of Extraordinary Things: a forbidden love story set on the tropical island of St. Thomas about the extraordinary woman who gave birth to painter Camille Pissarro; the Father of Impressionism.Growing up on idyllic St. Thomas in the early 1800s, Rachel dreams of life in faraway Paris. Rachel's mother, a pillar of their small refugee community of Jews who escaped the Inquisition, has never forgiven her daughter for being a difficult girl who refuses to live by the rules. Growing up, Rachel's salvation is their maid Adelle's belief in her strengths, and her deep, life-long friendship with Jestine, Adelle's daughter. But Rachel's life is not her own. She is married off to a widower with three children to save her father's business. When her husband dies suddenly and his handsome, much younger nephew, FrÃ©derick, arrives from France to settle the estate, Rachel seizes her own life story, beginning a defiant, passionate love affair that sparks a scandal that affects all of her family, including her favorite son, who will become one of the greatest artists of France.Building on the triumphs of The Dovekeepers and The Museum of Extraordinary Things, set in a world of almost unimaginable beauty, The Marriage of Opposites showcases the beloved, bestselling Alice Hoffman at the height of her considerable powers. Once forgotten to history, the marriage of Rachel and FrÃ©derick is a story that is as unforgettable as it is remarkable. ...more"
4881cc53f6c8892f,The Literature Book (Big Ideas Simply Explained),17.43,3,Nonfiction,In stock (14 available),"A global look at the greatest works of Eastern and Western literature and the themes that unite them, for students and lovers of literature and reading.The Literature Book is a fascinating journey through the greatest works of world literature, from the Iliad to Don Quixote to The Great Gatsby. Around 100 crystal-clear articles explore landmark novels, short stories, plays A global look at the greatest works of Eastern and Western literature and the themes that unite them, for students and lovers of literature and reading.The Literature Book is a fascinating journey through the greatest works of world literature, from the Iliad to Don Quixote to The Great Gatsby. Around 100 crystal-clear articles explore landmark novels, short stories, plays, and poetry that reinvented the art of writing in their time, whether Ancient Greece, post-classical Europe, or modern-day Korea.As part of DK's award-winning Big Ideas Simply Explained series, The Literature Book uses infographics and images to explain key ideas and themes. Biographies of important authors offer insight into their lives and other writings, and a section on Further Reading details more than 150 additional works to explore.Discover masterpieces from the world's greatest authors, and explore the context, creative history, and literary traditions that influenced each major work of fiction with The Literature Book.Series Overview: Big Ideas Simply Explained series uses creative design and innovative graphics, along with straightforward and engaging writing, to make complex subjects easier to understand. These award-winning books provide just the information needed for students, families, or anyone interested in concise, thought-provoking refreshers on a single subject. ...more"
ddc8340dabc8641b,The Help Yourself Cookbook for Kids: 60 Easy Plant-Based Recipes Kids Can Make to Stay Healthy and Save the Earth,28.77,3,Food and Drink,In stock (14 available),"Struggling to get your kids to eat their fruits and vegetables? Try letting them help themselves!Experts tell us the best way to teach kids healthy eating habits is to involve them in the process. This irresistibe cookbook presents 60 appealing recipes kids will beg to make themselves, in fun and charming illustrations they will love. Bursting with color, humor, cute anima Struggling to get your kids to eat their fruits and vegetables? Try letting them help themselves!Experts tell us the best way to teach kids healthy eating habits is to involve them in the process. This irresistibe cookbook presents 60 appealing recipes kids will beg to make themselves, in fun and charming illustrations they will love. Bursting with color, humor, cute animal characters, and cool facts (Did you know your brain actually shrinks when youâre dehydrated? Drink water, quick!), Help Yourself empowers children to take charge of their own nutrition â for now and for life! Recipes include: fun-to-munch hand-held snacks like Life Boatsbright fruit-flavored drinks like Tickled Pinkthe always-popular things on toast like Leprechaun Trackssalads they will actually eat like Tiger Stripescozy small meals like Tomato Tornadoand sweets like chocolatey Disappearing Dots, because everybody likes candy!Excerpt from the Intro: Since the day you were born, someone has been making you food and serving you meals (thatâs the life!). But wait a minute...whatâs that on the end of your arm? Why, itâs a hand! And it turns out you need little more than your own two hands and a few ingredients to help yourself to healthy foods...and help the world, while youâre at it! Because from the tip of your nose to the tip of an iceberg, the food we eat affects our bodies, our environment, and even strangers on the other side of the planet. It's amazing but true. ...more"
a86972014275e072,The First Hostage (J.B. Collins #2),25.85,3,Fiction,In stock (14 available),"âThe president of the United States . . . is missing.âWith these words, New York Times journalist J. B. Collins, reporting from the scene of a devastating attack by ISIS terrorists in Amman, Jordan, puts the entire world on high alert. The leaders of Israel and Palestine are critically injured, Jordanâs king is fighting for his life, and the U.S. president is missing and p âThe president of the United States . . . is missing.âWith these words, New York Times journalist J. B. Collins, reporting from the scene of a devastating attack by ISIS terrorists in Amman, Jordan, puts the entire world on high alert. The leaders of Israel and Palestine are critically injured, Jordanâs king is fighting for his life, and the U.S. president is missing and presumed captured.As the U.S. government faces a constitutional crisis and Jordan battles for its very existence, Collins must do his best to keep the world informed while working to convince the FBI that his stories are not responsible for the terror attack on the Jordanian capital. And ISIS still has chemical weapons . . .Struggling to clear his name, Collins and the Secret Service try frantically to locate and rescue the leader of the free world before ISISâs threats become a catastrophic reality. ...more"
6edacfd1f8ebb9eb,The Darkest Lie,35.35,5,Young Adult,In stock (14 available),"âThe mother I knew would never do those things.But maybe I never knew her after all.âClothes, jokes, coded messagesâ¦Cecilia Brooks and her mom shared everything. At least, CeCe thought they did. Six months ago, her mom killed herself after accusations of having sex with a student, and CeCeâs been the subject of whispers and taunts ever since. Now, at the start of her high âThe mother I knew would never do those things.But maybe I never knew her after all.âClothes, jokes, coded messagesâ¦Cecilia Brooks and her mom shared everything. At least, CeCe thought they did. Six months ago, her mom killed herself after accusations of having sex with a student, and CeCeâs been the subject of whispers and taunts ever since. Now, at the start of her high school senior year, between dealing with her grieving, distracted father, and the social nightmare that has become her life, CeCe just wants to fly under the radar. Instead, sheâs volunteering at the schoolâs crisis hotlineâthe same place her mother worked.As she counsels troubled strangers, CeCeâs lingering suspicions about her momâs death surface. With the help of Sam, a new student and newspaper intern, she starts to piece together fragmented clues that point to a twisted secret at the heart of her community. Soon, finding the truth isnât just a matter of restoring her motherâs reputation, itâs about saving livesâincluding CeCeâs ownâ¦ ...more"
dc6f688b82e42a5b,The Bane Chronicles (The Bane Chronicles #1-11),44.73,4,Fantasy,In stock (14 available),"Fans of The Mortal Instruments and The Infernal Devices can get to know warlock Magnus Bane like never before in this collection of New York Times bestselling tales, in print for the first time with an exclusive new story and illustrated material.This collection of eleven short stories illuminates the life of the enigmatic Magnus Bane, whose alluring personality, flamboyan Fans of The Mortal Instruments and The Infernal Devices can get to know warlock Magnus Bane like never before in this collection of New York Times bestselling tales, in print for the first time with an exclusive new story and illustrated material.This collection of eleven short stories illuminates the life of the enigmatic Magnus Bane, whose alluring personality, flamboyant style, and sharp wit populate the pages of the #1 New York Times bestselling series, The Mortal Instruments and The Infernal Devices.Originally released one-by-one as e-only short stories by Cassandra Clare, Maureen Johnson, and Sarah Rees Brennan, this compilation presents all ten together in print for the first time and includes a never-before-seen eleventh tale, as well as new illustrated material. ...more"
2c04320e110a14a3,Take Me with You,45.21,3,Fiction,In stock (14 available),"August Shroeder, a burned-out teacher, has been sober since his 19-year-old son died. Every year he's spent the summer on the road, but making it to Yellowstone this year means everything. The plan had been to travel there with his son, but now August is making the trip with Philip's ashes instead. An unexpected twist of fate lands August with two extra passengers for his August Shroeder, a burned-out teacher, has been sober since his 19-year-old son died. Every year he's spent the summer on the road, but making it to Yellowstone this year means everything. The plan had been to travel there with his son, but now August is making the trip with Philip's ashes instead. An unexpected twist of fate lands August with two extra passengers for his journey, two half-orphans with nowhere else to go.What none of them could have known was how transformative both the trip and the bonds that develop between them would prove, driving each to create a new destiny together. ...more"
ac8e3949d284e9a9,Superman Vol. 1: Before Truth (Superman by Gene Luen Yang #1),11.89,5,Sequential Art,In stock (14 available),"Superman is going through some changes. First, there's his new ""solar flare"" power, which releases tremendous amounts of energy but leaves him functionally human - fragile, vulnerable, prone to hangovers - for 24 hours.But an even bigger change is coming. A new company called Hordr has sprung up, and its business is secrets. If you have one that you want to keep hidden, Hr Superman is going through some changes. First, there's his new ""solar flare"" power, which releases tremendous amounts of energy but leaves him functionally human - fragile, vulnerable, prone to hangovers - for 24 hours.But an even bigger change is coming. A new company called Hordr has sprung up, and its business is secrets. If you have one that you want to keep hidden, Hrdr can control you - and no one has a bigger secret than Clark Kent.Now, Hordr is threatening to expose Clark's alter ego unless he does everything they command. Will Superman play into the hands of blackmailers to keep his loved ones out of danger? And if the truth that Superman has been hiding is exposed, will it set him free - or ruin his life?A new era for the Man of Steel begins here - crafted by National Book Award nominee Gene Luen Yang (American Born Chinese) and legendary artists John Romita Jr. (Kick-Ass, The Amazing Spider-Man) and Klaus Janson (BATMAN: THE DARK KNIGHT RETURNS). Collects issues #40-44 and the 8-page Superman story from DIVERGENCE: FCBD SPECIAL EDITION #1. ...more"
fe44cc816576c652,Still Life with Bread Crumbs,26.41,3,Fiction,In stock (14 available),"A superb love story from Anna Quindlen, the #1 New York Times bestselling author of Rise and Shine, Blessings, and A Short Guide to a Happy Life Still Life with Bread Crumbs begins with an imagined gunshot and ends with a new tin roof. Between the two is a wry and knowing portrait of Rebecca Winter, a photographer whose work made her an unlikely heroine for many women. Her A superb love story from Anna Quindlen, the #1 New York Times bestselling author of Rise and Shine, Blessings, and A Short Guide to a Happy Life Â Still Life with Bread Crumbs begins with an imagined gunshot and ends with a new tin roof. Between the two is a wry and knowing portrait of Rebecca Winter, a photographer whose work made her an unlikely heroine for many women. Her career is now descendent, her bank balance shaky, and she has fled the city for the middle of nowhere. There she discovers, in a tree stand with a roofer named Jim Bates, that what she sees through a camera lens is not all there is to life. Â  Brilliantly written, powerfully observed, Still Life with Bread Crumbs is a deeply moving and often very funny story of unexpected love, and a stunningly crafted journey into the life of a woman, her heart, her mind, her days, as she discovers that life is a story with many levels, a story that is longer and more exciting than she ever imagined. ...more"
95019eac1c0a052f,Steve Jobs,39.5,5,Default,In stock (14 available),"From best-selling author Walter Isaacson comes the landmark biography of Apple co-founder Steve Jobs.In Steve Jobs: The Exclusive Biography, Isaacson provides an extraordinary account of Jobs' professional and personal life. Drawn from three years of exclusive and unprecedented interviews Isaacson has conducted with Jobs as well as extensive interviews with Jobs' family me From best-selling author Walter Isaacson comes the landmark biography of Apple co-founder Steve Jobs.In Steve Jobs: The Exclusive Biography, Isaacson provides an extraordinary account of Jobs' professional and personal life. Drawn from three years of exclusive and unprecedented interviews Isaacson has conducted with Jobs as well as extensive interviews with Jobs' family members and key colleagues from Apple and its competitors, Steve Jobs: The Exclusive Biography is the definitive portrait of the greatest innovator of his generation. ...more"
3edcccc4f341fb1a,Sorting the Beef from the Bull: The Science of Food Fraud Forensics,44.74,4,Science,In stock (14 available),"Horse meat in our burgers, melamine in our infant formula, artificial colors in our fish and fruit--as our urban lifestyle takes us farther away from our food sources, there are increasing opportunities for dishonesty, duplicity, and profit-making shortcuts. Food adulteration, motivated by money, is an issue that has spanned the globe throughout human history. Whether it's Horse meat in our burgers, melamine in our infant formula, artificial colors in our fish and fruit--as our urban lifestyle takes us farther away from our food sources, there are increasing opportunities for dishonesty, duplicity, and profit-making shortcuts. Food adulteration, motivated by money, is an issue that has spanned the globe throughout human history. Whether it's a matter of making a good quality oil stretch a bit further by adding a little extra ""something"" or labeling a food falsely to appeal to current consumer trends--it's all food fraud. Consumers may pay the ultimate costs for these crimes, with their health and, in some cases, their lives. So how do we sort the beef from the bull (or horse, as the case may be)?Illustrious analytical chemist Richard Evershed and science writer Nicola Temple explain the scientific tools and techniques that have revealed the century's biggest food fraud scams. They explore the arms race between scientists and adulterators as better techniques for detection spur more creative and sophisticated means of adulteration, and review the up-and-coming techniques and devices that will help the industry and consumers fight food fraud in the future. Engagingly written, SORTING THE BEEF FROM THE BULL lifts the lid on the forensics involved, and brings to light the full story of a fascinating and underreported world of applied science. ...more"
394f6d30cafc3edb,"So Cute It Hurts!!, Vol. 6 (So Cute It Hurts!! #6)",35.43,4,Sequential Art,In stock (14 available),"The Kobayashi twins, Megumu and Mitsuru, were named after historical figures, but only Megumu has grown up with a taste for history. So when Mitsuru is in danger of losing his weekends to extra history classes, he convinces his sister to swap clothes with him and ace his tests! After all, how hard can it be for them to play each other?Megumu is considering a career as a ma The Kobayashi twins, Megumu and Mitsuru, were named after historical figures, but only Megumu has grown up with a taste for history. So when Mitsuru is in danger of losing his weekends to extra history classes, he convinces his sister to swap clothes with him and ace his tests! After all, how hard can it be for them to play each other?Megumu is considering a career as a manga artist, but as Mitsuru so helpfully points out, her drawing skills could use a lot of improvement. That doesnât dim her enthusiasm, and she vows to practice drawing every day. But her first sketching session in a park is interrupted by an intense young man who goes ballistic when he sees the portrait of Aoi in her sketchbook! Who is this stranger, and why does he want to destroy her boyfriend?! ...more"
f9705c362f070608,See America: A Celebration of Our National Parks & Treasured Sites,48.87,3,Travel,In stock (14 available),"To coincide with the 2016 centennial anniversary of the National Parks Service, the Creative Action Network has partnered with the National Parks Conservation Association to revive and reimagine the legacy of WPA travel posters. Artists from all over the world have participated in the creation of this new, crowdsourced collection of See America posters for a modern era. Fe To coincide with the 2016 centennial anniversary of the National Parks Service, the Creative Action Network has partnered with the National Parks Conservation Association to revive and reimagine the legacy of WPA travel posters. Artists from all over the world have participated in the creation of this new, crowdsourced collection of See America posters for a modern era. Featuring artwork for 75 national parks and monuments across all 50 states, this engaging keepsake volume celebrates the full range of our nation's landmarks and treasured wilderness. ...more"
86cbddb61ea78bb7,salt.,46.78,4,Poetry,In stock (14 available),"Salt is a journey through warmth and sharpness. This collection of poetry explores the realities of multiple identities, language, diasporic life & pain, the self, community, healing, celebration, and love."
85b2176b3b194030,Robin War,47.82,3,Sequential Art,In stock (14 available),"Itâs Robins vs. cops! Robins vs. Robins! Robins vs. Batman! Robins vs. the Court of Owlsâ½Collecting: Robin War 1-2, Grayson 15, Detective Comics 47, We Are Robin... 7, Robin: Son of Batman 7, Gotham Academy 13, Red Hood/Arsenal 7, & Teen Titans 15"
a6454e329f872b78,Rain Fish,23.57,3,Childrens,In stock (14 available),"Get to know the ârain fishâ that come to life during rainstorms in this gorgeous exploration of nature with vibrant collage artwork from the Caldecott Honorâwinning illustrator of Chicka Chicka Boom Boom.When blue sky turns gray and it rains all day, sometimes rain fish come out and play. They swim among discards and debris. Do you see them, too? Or is it just me?Through l Get to know the ârain fishâ that come to life during rainstorms in this gorgeous exploration of nature with vibrant collage artwork from the Caldecott Honorâwinning illustrator of Chicka Chicka Boom Boom.When blue sky turns gray and it rains all day, sometimes rain fish come out and play. They swim among discards and debris. Do you see them, too? Or is it just me?Through lyrical text and her incomparable mixed-media collage illustrations, Lois Ehlert introduces readers to ârain fishââthe varied, colorful, and unique little collections of materials that float along on streams of rain water during storms. From a scrap of newspaper with a seashell eye and feather smile to a piece of cardboard with an orange peel eye and a leaf for a fin, Ehlertâs rain fish come in all shapes and sizes.Complete with an authorâs note explaining how Ehlert collected the found materials she used to make the book over the course of a year, Rain Fish is a spirited celebration of imagination, creativity, and observing the world in your own wayâand it invites you to discover your own rain fish. ...more"
af58a74e4b2a23a0,Pet Sematary,10.56,3,Horror,In stock (14 available),"Sometimes dead is better....When the Creeds move into a beautiful old house in rural Maine, it all seems too good to be true: physician father, beautiful wife, charming little daughter, adorable infant son -- and now an idyllic home. As a family, they've got it all...right down to the friendly cat.But the nearby woods hide a blood-chilling truth -- more terrifying than dea Sometimes dead is better....When the Creeds move into a beautiful old house in rural Maine, it all seems too good to be true: physician father, beautiful wife, charming little daughter, adorable infant son -- and now an idyllic home. As a family, they've got it all...right down to the friendly cat.But the nearby woods hide a blood-chilling truth -- more terrifying than death itself...and hideously more powerful. ...more"
02b74068fa98d8a4,Old School (Diary of a Wimpy Kid #10),11.83,5,Humor,In stock (14 available),"In the latest installment of the phenomenally bestselling Diary of a Wimpy Kid series, author-illustrator Jeff Kinney brings the series back to its roots, as Greg starts a new school year and faces a challenge he never could've imagined. In the latest installment of the phenomenally bestselling Diary of a Wimpy Kid series, author-illustrator Jeff Kinney brings the series back to its roots, as Greg starts a new school year and faces a challenge he never could've imagined.Â  ...more"
cc82685d9f49bc2c,My Mrs. Brown,24.48,3,Fiction,In stock (14 available),"From William Norwich, the well-known fashion writer and editor, an unforgettable novel about a woman with a secret who travels to New York City on a determined quest to buy a special dress that represents everything she wants to say about that secretâ¦and herself.Sometimes a dress isnât just a dress.Emilia Brown is a woman of a certain age. She has spent a frugal, useful, a From William Norwich, the well-known fashion writer and editor, an unforgettable novel about a woman with a secret who travels to New York City on a determined quest to buy a special dress that represents everything she wants to say about that secretâ¦and herself.Sometimes a dress isnât just a dress.Emilia Brown is a woman of a certain age. She has spent a frugal, useful, and wholly restrained life in Ashville, a small town in Rhode Island. Overlooked especially by the industries of fashion and media, Mrs. Brown is one of todayâs silent generations of women whose quiet no-frills existences would make them seem invisible. She is a genteel woman who has known her share of personal sorrows and quietly carried on, who makes a modest living cleaning and running errands at the local beauty parlor, who delights in evening chats with her much younger neighbor, twenty-three-year-old Alice Danvers.When the grand dame of Ashville passes away, Mrs. Brown is called upon to inventory her estate and comes across a dress that changes everything. This isnât a Cinderella confection; itâs a simple yet exquisitely tailored Oscar de la Renta sheath and jacketâa suit that Mrs. Brown realizes, with startling clarity, will say everything she has ever wished to convey. She must have it. And so Mrs. Brown begins her odyssey to purchase the dress. For not only is the owning of the Oscar de la Renta a must, the intimidating trip to purchase it on Madison Avenue is essential as well. If the dress is to give Mrs. Brown a voice, then she must prepare by making the daunting journeyâboth to the emerald city and within herself.Timeless, poignant, and appealing, My Mrs. Brown is a novel for every mother in the world, every woman who ever wanted the perfect dress, and every child who wanted to give it to her. ...more"
b96fc7a0ea7d4b45,Made to Stick: Why Some Ideas Survive and Others Die,38.85,5,Business,In stock (14 available),"Mark Twain once observed, âA lie can get halfway around the world before the truth can even get its boots on.â His observation rings true: Urban legends, conspiracy theories, and bogus public-health scares circulate effortlessly. Meanwhile, people with important ideasâbusiness people, teachers, politicians, journalists, and othersâstruggle to make their ideas âstick.â Why Mark Twain once observed, âA lie can get halfway around the world before the truth can even get its boots on.â His observation rings true: Urban legends, conspiracy theories, and bogus public-health scares circulate effortlessly. Meanwhile, people with important ideasâbusiness people, teachers, politicians, journalists, and othersâstruggle to make their ideas âstick.â Why do some ideas thrive while others die? And how do we improve the chances of worthy ideas? In Made to Stick, accomplished educators and idea collectors Chip and Dan Heath tackle head-on these vexing questions. Inside, the brothers Heath reveal the anatomy of ideas that stick and explain ways to make ideas stickier, such as applying the âhuman scale principle,â using the âVelcro Theory of Memory,â and creating âcuriosity gaps.âIn this indispensable guide, we discover that sticky messages of all kindsâfrom the infamous âkidney theft ringâ hoax to a coachâs lessons on sportsmanship to a vision for a new product at Sonyâdraw their power from the same six traits.Made to Stick is a book that will transform the way you communicate ideas. Itâs a fast-paced tour of success stories (and failures)âthe Nobel Prize-winning scientist who drank a glass of bacteria to prove a point about stomach ulcers; the charities who make use of âthe Mother Teresa Effectâ; the elementary-school teacher whose simulation actually prevented racial prejudice. Provocative, eye-opening, and often surprisingly funny, Made to Stick shows us the vital principles of winning ideasâand tells us how we can apply these rules to making our own messages stick. ...more"
d512871626a5e588,Luckiest Girl Alive,49.83,3,Default,In stock (14 available),"HER PERFECT LIFE IS A PERFECT LIE.As a teenager at the prestigious Bradley School, Ani FaNelli endured a shocking, public humiliation that left her desperate to reinvent herself. Now, with a glamorous job, expensive wardrobe, and handsome blue blood fiancÃ©, sheâs this close to living the perfect life sheâs worked so hard to achieve.But Ani has a secret.Thereâs something el HER PERFECT LIFE IS A PERFECT LIE.As a teenager at the prestigious Bradley School, Ani FaNelli endured a shocking, public humiliation that left her desperate to reinvent herself. Now, with a glamorous job, expensive wardrobe, and handsome blue blood fiancÃ©, sheâs this close to living the perfect life sheâs worked so hard to achieve.But Ani has a secret.Thereâs something else buried in her past that still haunts her, something private and painful that threatens to bubble to the surface and destroy everything.With a singular voice and twists you wonât see coming, Luckiest Girl Alive explores the unbearable pressure that so many women feel to âhave it allâ and introduces a heroine whose sharp edges and cutthroat ambition have been protecting a scandalous truth, and a heart that's bigger than it first appears.The question remains: will breaking her silence destroy all that she has worked forâor, will it at long last, set Ani free? ...more"
24af96df0bafb925,Looking for Lovely: Collecting the Moments that Matter,29.14,5,Nonfiction,In stock (14 available),"âI want you to take every step of your life with excitement for where you are headed. And I want you to feel beautiful and confident as you do.âBut how? When the enemy whispers lies that you are not smart enough, pretty enough, or rich enough? Or you are too dumb, too loud, too quiet, too thin, too fat, too much or not enough? What if you donât have what it takes to be who âI want you to take every step of your life with excitement for where you are headed. And I want you to feel beautiful and confident as you do.âÂ But how? When the enemy whispers lies that you are not smart enough, pretty enough, or rich enough? Or you are too dumb, too loud, too quiet, too thin, too fat, too much or not enough? What if you donât have what it takes to be who you really want to be?Â In Looking for Lovely, Annie F. Downs shares personal stories, biblical truth, and examples of how others have courageously walked the path God paved for their lives by remembering all God had done, loving what was right in front of them, and seeing God in the everydayâwhether that be nature, friends, or the face they see in the mirror.Â Intensely personal, yet incredibly powerful, Looking for Lovely will spark transformative conversations and life changing patterns. No matter who we are and what path God has us on, we all need to look for lovely, fight to finish, and find beautiful in our every day! ...more"
17fb5a88180f9904,"Living Leadership by Insight: A Good Leader Achieves, a Great Leader Builds Monuments",46.91,4,Default,In stock (14 available),"Learning not shared is learning wasted. In my thirty-five years of experience in the oil and banking industries, including ascending levels of management and leadership responsibilities, I have gained what I believe to be valuable insight into many styles of leadership. Former President of the United States, Harry S. Truman, once said âItâs what you learn after you know it Learning not shared is learning wasted. In my thirty-five years of experience in the oil and banking industries, including ascending levels of management and leadership responsibilities, I have gained what I believe to be valuable insight into many styles of leadership. Former President of the United States, Harry S. Truman, once said âItâs what you learn after you know it all that really counts.â We must continue our education if we want to keep pace with progress. The learning process that begins with our parents and through the influence of others with whom we associate continues throughout life. The insight I have received into what is successful has been clearly revealed through years of experience. There have been failures and there have been successes and it has not been difficult to discern the reasons for either. Careful thought has led to the extraction of the traits and characteristics that provide a leader with the best chance of success and they are delineated in this book. We should all be teachers and mentors and strive to improve the lives of those with whom we become associated. Our legacy in life is to live on through the lives of those we have touched. This book will enlighten you about the successful strategies I have employed in a myriad of situations as a leader and manager. ...more"
1174156c4a0eccaa,Let It Out: A Journey Through Journaling,26.79,5,Nonfiction,In stock (14 available),"You want change. Maybe your career isnât what you thought it would be . . . or your relationships arenât what you had hoped. Perhaps you have a grand vision for your life but not the smallest clue on the steps to get there. Whether youâve read the entire self-help section of the bookstore in vain or feel completely stuck on where to begin, you wish you had someone to hold You want change. Maybe your career isnât what you thought it would be . . . or your relationships arenât what you had hoped. Perhaps you have a grand vision for your life but not the smallest clue on the steps to get there. Whether youâve read the entire self-help section of the bookstore in vain or feel completely stuck on where to begin, you wish you had someone to hold your hand and guide you.You do. And itâs only a blank page away.In Let It Out, millennial blogger, speaker, and podcast hostÂ Katie Dalebout shares the transformative practice that will rocket your life to the next levelâjournaling. Discovering in her darkest hours that a journal is the greatest tool in finding your purpose, healing yourself, and creating the life you most desire, Katie has assembled the remarkable tools and insights that will elevate your life and get you âunstuckââfor good.And donât worryâyou donât need to be a writer! Journaling is simply a method of coaching yourself through your âstuffâ and letting it out on the page, unclogging your mind from years of destructive thoughts. In doing so, you step into a position of unsurpassed clarity.Packed with journaling exercises, prompts, and techniques that can be done anywhere and in any order, this interactive guidebook offers you a new way to navigate your daily life, cope with stress, and create exciting, permanent change. Divided into seven sections covering everything from clearing clutter to finding presence to cultivating abundance to moving beyond fear, this book will be your new best friend and coach anytime you seek clarity or crave solace.Simply grab a pen, open your journal, and prepare to let it out.Â  ...more"
708345c9897fd7c5,Lady Midnight (The Dark Artifices #1),16.28,5,Default,In stock (14 available),"In a kingdom by the seaâ¦In a secret world where half-angel warriors are sworn to fight demons, parabatai is a sacred word.A parabatai is your partner in battle. A parabatai is your best friend. Parabatai can be everything to each otherâbut they can never fall in love.Emma Carstairs is a warrior, a Shadowhunter, and the best in her generation. She lives for battle. Shoulder In a kingdom by the seaâ¦In a secret world where half-angel warriors are sworn to fight demons, parabatai is a sacred word.A parabatai is your partner in battle. A parabatai is your best friend. Parabatai can be everything to each otherâbut they can never fall in love.Emma Carstairs is a warrior, a Shadowhunter, and the best in her generation. She lives for battle. Shoulder to shoulder with her parabatai, Julian Blackthorn, she patrols the streets of Los Angeles, where vampires party on the Sunset Strip, and faeriesâthe most powerful of supernatural creaturesâteeter on the edge of open war with Shadowhunters. When the bodies of humans and faeries turn up murdered in the same way Emmaâs parents were when she was a child, an uneasy alliance is formed. This is Emmaâs chance for revengeâand Julianâs chance to get back his brother Mark, who is being held prisoner by the faerie Courts. All Emma, Mark, and Julian have to do is solve the murders within two weeksâ¦and before the murderer targets them.Their search takes Emma from sea caves full of sorcery to a dark lottery where death is dispensed. And each clue she unravels uncovers more secrets. What has Julian been hiding from her all these years? Why does Shadowhunter Law forbid parabatai to fall in love? Who really killed her parentsâand can she bear to know the truth?The darkly magical world of Shadowhunters has captured the imaginations of millions of readers across the globe. Join the adventure in Lady Midnight, the long-awaited first volume of a new trilogy from Cassandra Clare. ...more"
b8a8ff84233f0570,I Know What I'm Doing -- and Other Lies I Tell Myself: Dispatches from a Life Under Construction,25.98,4,Humor,In stock (14 available),"New York Times bestselling author and stand-up comedian Jen Kirkman delivers a hilarious, candid memoir about marriage, divorce, sex, turning forty, and still not quite having life figured out.Jen Kirkman wants to be the voice in your head that says, Hey, youâre okay. Even if you sometimes think you arenât! And especially if other people try to tell you youâre not.In I Kno New York Times bestselling author and stand-up comedian Jen Kirkman delivers a hilarious, candid memoir about marriage, divorce, sex, turning forty, and still not quite having life figured out.Jen Kirkman wants to be the voice in your head that says, Hey, youâre okay. Even if you sometimes think you arenât! And especially if other people try to tell you youâre not.In I Know What Iâm Doingâand Other Lies I Tell Myself, Jen offers up all the gory details of a life permanently in progress. She reassures you that itâs okay to not have life completely figured out, even when you reach middle age (and find your first gray pubic hair!). She talks about making unusual or unpopular life decisions (such as cultivating a âfriend with benefitsâ or not going home for the holidays) because you donât necessarily want for yourself what everyone else seems to think you should. Itâs about renting when everyone says you should own, dating around when everyone thinks you should settle down, and traveling alone when everyone pities you for going to Paris without a man.From marriage to divorce and sex to mental health, I Know What Iâm Doingâand Other Lies I Tell Myself is about embracing the fact that life is a bit of a sh*t show and itâs definitely more than okay to stay true to yourself. ...more"
aeff7b87a8e83ebb,I Am Pilgrim (Pilgrim #1),10.6,4,Fiction,In stock (14 available),"A breakneck race against time...and an implacable enemy.An anonymous young woman murdered in a run-down hotel, all identifying characteristics dissolved by acid. A father publicly beheaded in the blistering heat of a Saudi Arabian public square. A notorious Syrian biotech expert found eyeless in a Damascus junkyard. Smoldering human remains on a remote mountainside in Afgh A breakneck race against time...and an implacable enemy.An anonymous young woman murdered in a run-down hotel, all identifying characteristics dissolved by acid. A father publicly beheaded in the blistering heat of a Saudi Arabian public square. A notorious Syrian biotech expert found eyeless in a Damascus junkyard. Smoldering human remains on a remote mountainside in Afghanistan. A flawless plot to commit an appalling crime against humanity. One path links them all, and only one man can make the journey.Pilgrim. ...more"
fbb21a2f71f4d981,"Hyperbole and a Half: Unfortunate Situations, Flawed Coping Mechanisms, Mayhem, and Other Things That Happened",14.75,5,Humor,In stock (14 available),"This is a book I wrote. Because I wrote it, I had to figure out what to put on the back cover to explain what it is. I tried to write a long, third-person summary that would imply how great the book is and also sound vaguely authoritative--like maybe someone who isnât me wrote it--but I soon discovered that Iâm not sneaky enough to pull it off convincingly. So I decided to This is a book I wrote. Because I wrote it, I had to figure out what to put on the back cover to explain what it is. I tried to write a long, third-person summary that would imply how great the book is and also sound vaguely authoritative--like maybe someone who isnât me wrote it--but I soon discovered that Iâm not sneaky enough to pull it off convincingly. So I decided to just make a list of things that are in the book:PicturesWordsStories about things that happened to meStories about things that happened to other people because of meEight billion dollars*Stories about dogsThe secret to eternal happiness**These are lies. Perhaps I have underestimated my sneakiness! ...more"
6b6cd77fbc91b7a6,"Hush, Hush (Hush, Hush #1)",47.02,3,Default,In stock (14 available),"A SACRED OATHA FALLEN ANGELA FORBIDDEN LOVERomance was not part of Nora Grey's plan. She's never been particularly attracted to the boys at her school, no matter how hard her best friend, Vee, pushes them at her. Not until Patch comes along. With his easy smile and eyes that seem to see inside her, Patch draws Nora to him against her better judgment.But after a series of t A SACRED OATHA FALLEN ANGELA FORBIDDEN LOVERomance was not part of Nora Grey's plan. She's never been particularly attracted to the boys at her school, no matter how hard her best friend, Vee, pushes them at her. Not until Patch comes along. With his easy smile and eyes that seem to see inside her, Patch draws Nora to him against her better judgment.But after a series of terrifying encounters, Nora's not sure whom to trust. Patch seems to be everywhere she is and seems to know more about her than her closest friends. She can't decide whether she should fall into his arms or run and hide. And when she tries to seek some answers, she finds herself near a truth that is way more unsettling than anything Patch makes her feel.For she is right in the middle of an ancient battle between the immortal and those that have fallen - and, when it comes to choosing sides, the wrong choice will cost Nora her life. ...more"
f201f263d8c23f97,Greek Mythic History,10.23,5,Default,In stock (14 available),"As far back as the fifth century BCE Pherecydes and others attempted to integrate city-state stories into a coherent mythic Greek pre-history. Science unavailable to ancient sources helped guide author Spencer Clevenger to critical insights and intriguing results. In ""Greek Mythic History,"" he weaves myths concerning gods, kings, and heroes into their intended time and pla As far back as the fifth century BCE Pherecydes and others attempted to integrate city-state stories into a coherent mythic Greek pre-history. Science unavailable to ancient sources helped guide author Spencer Clevenger to critical insights and intriguing results. In ""Greek Mythic History,"" he weaves myths concerning gods, kings, and heroes into their intended time and place and offers a concise retelling of Greek myths from a historic perspective. Capitalizing on modern discoveries, Clevenger tells the story in chronological order, starting with the creation of the cosmos and ending in the Dark Ages when poets began to write down their myths and stories. Neither history nor mythology, the stories depict what history might be if the myths were interpreted more literally.With maps and exhibits included, ""Greek Mythic History"" provides a comprehensive retelling of the various Hellenic myths in a logical historical sequence, and places nearly the entire canon into context. ...more"
eec424a84c9e4c68,God: The Most Unpleasant Character in All Fiction,30.03,5,Religion,In stock (14 available),"What words come to mind when we think of God? Merciful? Just? Compassionate? In fact, the Bible lays out Godâs primary qualities clearly: jealous, petty, unforgiving, bloodthirsty, vindictiveâand worse! Originally conceived as a joint presentation between influential thinker and bestselling author Richard Dawkins and former evangelical preacher Dan Barker, this unique book What words come to mind when we think of God? Merciful? Just? Compassionate? In fact, the Bible lays out Godâs primary qualities clearly: jealous, petty, unforgiving, bloodthirsty, vindictiveâand worse! Originally conceived as a joint presentation between influential thinker and bestselling author Richard Dawkins and former evangelical preacher Dan Barker, this unique book provides an investigation into what may be the most unpleasant character in all fiction. Barker combs through both the Old and New Testament (as well as thirteen different editions of the âGood Bookâ), presenting powerful evidence for why the Scripture shouldnât govern our everyday lives. This witty, well-researched book suggests that we should move past the Bible and clear a path to a kinder and more thoughtful world. ...more"
de4b403cb629a29f,Glory over Everything: Beyond The Kitchen House,45.84,3,Historical Fiction,In stock (14 available),"From the author of the New York Times bestseller and beloved book club favorite The Kitchen House, a novel of family and long-buried secrets along the treacherous Underground Railroad.Jamie Pyke, son of both a slave and master of Tall Oakes, has a deadly secret that compels him to take a treacherous journey through the Underground Railroad.Published in 2010, The Kitchen Ho From the author of the New York Times bestseller and beloved book club favorite The Kitchen House, a novel of family and long-buried secrets along the treacherous Underground Railroad.Jamie Pyke, son of both a slave and master of Tall Oakes, has a deadly secret that compels him to take a treacherous journey through the Underground Railroad.Published in 2010, The Kitchen House became a grassroots bestseller. Fans connected so deeply to the bookâs characters that the author, Kathleen Grissom, found herself being asked over and over âwhat happens next?â The wait is finally over.This new, stand-alone novel opens in 1830, and Jamie, who fled from the Virginian plantation he once called home, is passing in Philadelphia society as a wealthy white silversmith. After many years of striving, Jamie has achieved acclaim and security, only to discover that his aristocratic lover Caroline is pregnant. Before he can reveal his real identity to her, he learns that his beloved servant Pan has been captured and sold into slavery in the South. Panâs father, to whom Jamie owes a great debt, pleads for Jamieâs help, and Jamie agrees, knowing the journey will take him perilously close to Tall Oakes and the ruthless slave hunter who is still searching for him. Meanwhile, Carolineâs father learns and exposes Jamieâs secret, and Jamie loses his home, his business, and finally Caroline.Heartbroken and with nothing to lose, Jamie embarks on a trip to a North Carolina plantation where Pan is being held with a former Tall Oakes slave named Sukey, who is intent on getting Pan to the Underground Railroad. Soon the three of them are running through the Great Dismal Swamp, the notoriously deadly hiding place for escaped slaves. Though they have help from those in the Underground Railroad, not all of them will make it out alive. ...more"
9194ae88379dbf1a,Feathers: Displays of Brilliant Plumage,49.05,3,Art,In stock (14 available),"Exquisite images from award-winning National Geographic photographer Robert Clark offer a captivating perspective on the vast beauty and myriad functions of a seemingly simple thing: the bird feather. Each detailed close-up is paired with informative text about the utility and evolution of the feather it depicts, making this handsome marriage of art and science the ideal g Exquisite images from award-winning National Geographic photographer Robert Clark offer a captivating perspective on the vast beauty and myriad functions of a seemingly simple thing: the bird feather. Each detailed close-up is paired with informative text about the utility and evolution of the feather it depicts, making this handsome marriage of art and science the ideal gift for bird lovers, natural history buffs, and photography enthusiasts. ...more"
ac4dde0d1be05de0,"Far & Away: Places on the Brink of Change: Seven Continents, Twenty-Five Years",15.06,4,Nonfiction,In stock (14 available),"From the winner of the National Book Award and the National Books Criticsâ Circle Awardâand one of the most original thinkers of our timeâa riveting collection of essays about places in dramatic transition.Far and Away collects Andrew Solomonâs writings about places undergoing seismic shiftsâpolitical, cultural, and spiritual. Chronicling his stint on the barricades in Mos From the winner of the National Book Award and the National Books Criticsâ Circle Awardâand one of the most original thinkers of our timeâa riveting collection of essays about places in dramatic transition.Far and Away collects Andrew Solomonâs writings about places undergoing seismic shiftsâpolitical, cultural, and spiritual. Chronicling his stint on the barricades in Moscow in 1991, when he joined artists in resisting the coup whose failure ended the Soviet Union, his 2002 account of the rebirth of culture in Afghanistan following the fall of the Taliban, his insightful appraisal of a Myanmar seeped in contradictions as it slowly, fitfully pushes toward freedom, and many other stories of profound upheaval, this book provides a unique window onto the very idea of social change. With his signature brilliance and compassion, Solomon demonstrates both how history is altered by individuals, and how personal identities are altered when governments alter.A journalist and essayist of remarkable perception and prescience, Solomon captures the essence of these cultures. Ranging across seven continents and twenty-five years, Far and Away takes a magnificent journey into the heart of extraordinarily diverse experiences, yet Solomon finds a common humanity wherever he travels. Illuminating the development of his own genius, his stories are always intimate and often both funny and deeply moving. ...more"
a2bd4ca82d908442,Every Last Word,46.47,3,Default,In stock (14 available),"If you could read my mind, you wouldn't be smiling.Samantha McAllister looks just like the rest of the popular girls in her junior class. But hidden beneath the straightened hair and expertly applied makeup is a secret that her friends would never understand: Sam has Purely-Obsessional OCD and is consumed by a stream of dark thoughts and worries that she can't turn off. Se If you could read my mind, you wouldn't be smiling.Samantha McAllister looks just like the rest of the popular girls in her junior class. But hidden beneath the straightened hair and expertly applied makeup is a secret that her friends would never understand: Sam has Purely-Obsessional OCD and is consumed by a stream of dark thoughts and worries that she can't turn off. Second-guessing every move, thought, and word makes daily life a struggle, and it doesn't help that her lifelong friends will turn toxic at the first sign of a wrong outfit, wrong lunch, or wrong crush. Yet Sam knows she'd be truly crazy to leave the protection of the most popular girls in school. So when Sam meets Caroline, she has to keep her new friend with a refreshing sense of humor and no style a secret, right up there with Sam's weekly visits to her psychiatrist.Caroline introduces Sam to Poet's Corner, a hidden room and a tight-knit group of misfits who have been ignored by the school at large. Sam is drawn to them immediately, especially a guitar-playing guy with a talent for verse, and starts to discover a whole new side of herself. Slowly, she begins to feel more ""normal"" than she ever has as part of the popular crowd . . . until she finds a new reason to question her sanity and all she holds dear. ...more"
9eaf58b03a2779cc,Eligible (The Austen Project #4),27.09,3,Fiction,In stock (14 available),"A Modern Retelling of Pride and PrejudiceThis version of the Bennet familyâand Mr. Darcyâis one that you have and havenât met before: Liz is a magazine writer in her late thirties who, like her yoga instructor older sister, Jane, lives in New York City. When their father has a health scare, they return to their childhood home in Cincinnati to helpâand discover that the spr A Modern Retelling of Pride and PrejudiceThis version of the Bennet familyâand Mr. Darcyâis one that you have and havenât met before: Liz is a magazine writer in her late thirties who, like her yoga instructor older sister, Jane, lives in New York City. When their father has a health scare, they return to their childhood home in Cincinnati to helpâand discover that the sprawling Tudor they grew up in is crumbling and the family is in disarray.Youngest sisters Kitty and Lydia are too busy with their CrossFit workouts and Paleo diets to get jobs. Mary, the middle sister, is earning her third online masterâs degree and barely leaves her room, except for those mysterious Tuesday-night outings she wonât discuss. And Mrs. Bennet has one thing on her mind: how to marry off her daughters, especially as Janeâs fortieth birthday fast approaches.Enter Chip Bingley, a handsome new-in-town doctor who recently appeared on the juggernaut reality TV dating show Eligible. At a Fourth of July barbecue, Chip takes an immediate interest in Jane, but Chipâs friend neurosurgeon Fitzwilliam Darcy reveals himself to Liz to be much less charming. . . .And yet, first impressions can be deceiving. ...more"
1d6dd0c87d90fe92,Eight Hundred Grapes,14.39,4,Fiction,In stock (14 available),"There are secrets you share, and secrets you hideâ¦Growing up on her familyâs Sonoma vineyard, Georgia Ford learned some important secrets. The secret number of grapes it takes to make a bottle of wine: eight hundred. The secret ingredient in her motherâs lasagna: chocolate. The secret behind ending a fight: hold hands.But just a week before her wedding, thirty-year-old Geo There are secrets you share, and secrets you hideâ¦Growing up on her familyâs Sonoma vineyard, Georgia Ford learned some important secrets. The secret number of grapes it takes to make a bottle of wine: eight hundred. The secret ingredient in her motherâs lasagna: chocolate. The secret behind ending a fight: hold hands.But just a week before her wedding, thirty-year-old Georgia discovers her beloved fiancÃ© has been keeping a secret so explosive, it will change their lives forever.Georgia does what sheâs always done: she returns to the family vineyard, expecting the comfort of her long-married parents, and her brothers, and everything familiar. But it turns out her fiancÃ© is not the only one whoâs been keeping secretsâ¦ ...more"
3c6fe637a0180b01,Demigods & Magicians: Percy and Annabeth Meet the Kanes (Percy Jackson & Kane Chronicles Crossover #1-3),37.51,5,Fantasy,In stock (14 available),"Magic, monsters, and mayhem abound when Percy Jackson and Annabeth Chase meet Carter and Sadie Kane for the first time. Weird creatures are appearing in unexpected places, and the demigods and magicians have to team up to take them down. As they battle with Celestial Bronze and glowing hieroglyphs, the four heroes find that they have a lot in common--and more power than th Magic, monsters, and mayhem abound when Percy Jackson and Annabeth Chase meet Carter and Sadie Kane for the first time. Weird creatures are appearing in unexpected places, and the demigods and magicians have to team up to take them down. As they battle with Celestial Bronze and glowing hieroglyphs, the four heroes find that they have a lot in common--and more power than they ever thought possible. But will their combined forces be enough to foil an ancient enemy who is mixing Greek and Egyptian incantations for an evil purpose? Rick Riordan wields his usual storytelling magic in this adrenaline-fueled adventure. ...more"
94a958ea126cdcd5,Dear Mr. Knightley,11.21,5,Fiction,In stock (14 available),"Dear Mr. Knightley is a contemporary epistolary novel with a delightful dash of Jane Austen.Samantha Moore survived years of darkness in the foster care system by hiding behind her favorite characters in literature, even adopting their very words. Her fictional friends give her an identity, albeit a borrowed one. But most importantly, they protect her from revealing her tr Dear Mr. Knightley is a contemporary epistolary novel with a delightful dash of Jane Austen.Samantha Moore survived years of darkness in the foster care system by hiding behind her favorite characters in literature, even adopting their very words. Her fictional friends give her an identity, albeit a borrowed one. But most importantly, they protect her from revealing her true self and encountering more pain.After college, Samantha receives an extraordinary opportunity. The anonymous âMr. Knightleyâ offers her a full scholarship to earn her graduate degree at the prestigious Medill School of Journalism. The sole condition is that Sam write to Mr. Knightley regularly to keep him apprised of her progress.As Samâs true identity begins to reveal itself through her letters, her heart begins to soften to those around herâa damaged teenager and fellow inhabitant of Grace House, her classmates at Medill, and, most powerfully, successful novelist Alex Powell. But just as Sam finally begins to trust, she learns that Alex has secrets of his ownâsecrets that, for better or for worse, make it impossible for Sam to hide behind either her characters or her letters. ...more"
28cf0d1c51b491e5,Cometh the Hour (The Clifton Chronicles #6),25.01,3,Fiction,In stock (14 available),"Cometh the Hour opens with the reading of a suicide note, which has devastating consequences for Harry and Emma Clifton, Giles Barrington and Lady Virginia.Giles must decide if he should withdraw from politics and try to rescue Karin, the woman he loves, from behind the Iron Curtain. But is Karin truly in love with him, or is she a spy?Lady Virginia is facing bankruptcy, a Cometh the Hour opens with the reading of a suicide note, which has devastating consequences for Harry and Emma Clifton, Giles Barrington and Lady Virginia.Giles must decide if he should withdraw from politics and try to rescue Karin, the woman he loves, from behind the Iron Curtain. But is Karin truly in love with him, or is she a spy?Lady Virginia is facing bankruptcy, and can see no way out of her financial problems, until she is introduced to the hapless Cyrus T. Grant III from Baton Rouge, Louisiana, who's in England to see his horse run at Royal Ascot.Sebastian Clifton is now the Chief Executive of Farthings Bank and a workaholic, whose personal life is thrown into disarray when he falls for Priya, a beautiful Indian girl. But her parents have already chosen the man she is going to marry. Meanwhile, Sebastian's rivals Adrian Sloane and Desmond Mellor are still plotting to bring him and his chairman Hakim Bishara down, so they can take over Farthings.Harry Clifton remains determined to get Anatoly Babakov released from a gulag in Siberia, following the international success of his acclaimed book, Uncle Joe. But then something unexpected happens that none of them could have anticipated.Cometh the Hour is the penultimate book in the Clifton Chronicles and, like the five previous novels - which were all New York Times bestsellers - showcases Jeffrey Archer's extraordinary storytelling with his trademark twists. ...more"
33a3e0e3ffde0dcd,Code Name Verity (Code Name Verity #1),22.13,4,Add a comment,In stock (14 available),"I have two weeks. You'll shoot me at the end no matter what I do.That's what you do to enemy agents. It's what we do to enemy agents. But I look at all the dark and twisted roads ahead and cooperation is the easy way out. Possibly the only way out for a girl caught red-handed doing dirty work like mine - and I will do anything, anything to avoid SS-HauptsturmfÃ¼hrer von Lin I have two weeks. You'll shoot me at the end no matter what I do.That's what you do to enemy agents. It's what we do to enemy agents. But I look at all the dark and twisted roads ahead and cooperation is the easy way out. Possibly the only way out for a girl caught red-handed doing dirty work like mine - and I will do anything, anything to avoid SS-HauptsturmfÃ¼hrer von Linden interrogating me again.He has said that I can have as much paper as I need. All I have to do is cough up everything I can remember about the British War Effort. And I'm going to. But the story of how I came to be here starts with my friend Maddie. She is the pilot who flew me into France - an Allied Invasion of Two.We are a sensational team. ...more"
1e264c677d4ee4ae,City of Fallen Angels (The Mortal Instruments #4),11.23,4,Default,In stock (14 available),"The Mortal War is over, and sixteen-year-old Clary Fray is back home in New York, excited about all the possibilities before her. Sheâs training to become a Shadowhunter and to use her unique power. Her mother is getting married to the love of her life. Downworlders and Shadowhunters are at peace at last. Andâmost importantly of allâshe can finally call Jace her boyfriend. The Mortal War is over, and sixteen-year-old Clary Fray is back home in New York, excited about all the possibilities before her. Sheâs training to become a Shadowhunter and to use her unique power. Her mother is getting married to the love of her life. Downworlders and Shadowhunters are at peace at last. Andâmost importantly of allâshe can finally call Jace her boyfriend.But nothing comes without a price.Someone is murdering Shadowhunters, provoking tensions between Downworlders and Shadowhunters that could lead to a second, bloody war. Claryâs best friend, Simon, canât help herâhis mother just found out that heâs a vampire, and now heâs homeless. When Jace begins to pull away from her without explaining why, Clary is forced to delve into the heart of a mystery whose solution reveals her worst nightmare: she herself has set in motion a terrible chain of events that could lead to her losing everything she loves. Even Jace. ...more"
bfbb54bc8cdeed2b,Cell,20.29,4,Add a comment,In stock (14 available),"Witness Stephen King's triumphant, blood-spattered return to the genre that made him famous. Cell, the king of horror's homage to zombie films (the book is dedicated in part to George A. Romero) is his goriest, most horrific novel in years, not to mention the most intensely paced. Casting aside his love of elaborate character and town histories and penchant for delayed gra Witness Stephen King's triumphant, blood-spattered return to the genre that made him famous. Cell, the king of horror's homage to zombie films (the book is dedicated in part to George A. Romero) is his goriest, most horrific novel in years, not to mention the most intensely paced. Casting aside his love of elaborate character and town histories and penchant for delayed gratification, King yanks readers off their feet within the first few pages; dragging them into the fray and offering no chance catch their breath until the very last page. In Cell King taps into readers fears of technological warfare and terrorism. Mobile phones deliver the apocalypse to millions of unsuspecting humans by wiping their brains of any humanity, leaving only aggressive and destructive impulses behind. Those without cell phones, like illustrator Clayton Riddell and his small band of ""normies,"" must fight for survival, and their journey to find Clayton's estranged wife and young son rockets the book toward resolution. Fans that have followed King from the beginning will recognize and appreciate Cell as a departure--King's writing has not been so pure of heart and free of hang-ups in years (wrapping up his phenomenal Dark Tower series and receiving a medal from the National Book Foundation doesn't hurt either). ""Retirement"" clearly suits King, and lucky for us, having nothing left to prove frees him up to write frenzied, juiced-up horror-thrillers like Cell. Stay tuned for more from the hardest-working retiree in the business with Lisey's Story, coming in October 2006. --Daphne Durham ...more"
1b0fc9f777cad045,"Carry On, Warrior: Thoughts on Life Unarmed",31.85,3,Default,In stock (14 available),"An inspirational, sidesplittingly funny exploration of the power of living with love, forgiveness, and honesty.In Carry On, Warrior, Glennon Doyle Melton shares new stories and the best-loved material from Momastery.com She recounts her mistakes and triumphs with candor and humor, and gives language to our universal (yet often secret) experiences. She believes that by shed An inspirational, sidesplittingly funny exploration of the power of living with love, forgiveness, and honesty.In Carry On, Warrior, Glennon Doyle Melton shares new stories and the best-loved material from Momastery.com She recounts her mistakes and triumphs with candor and humor, and gives language to our universal (yet often secret) experiences. She believes that by shedding our armor, we can stop hiding, competing, striving for the mirage of perfection, and making motherhood, marriage, and friendship harder by pretending theyâre not hard. In this one woman trying to love herself and others, readers find a wise and witty friend who will inspire them to forgive their own imperfections, make the most of their gifts, and commit to small acts of love that will change the world. ...more"
16ef91b9d827859c,Buying In: The Secret Dialogue Between What We Buy and Who We Are,37.8,4,Nonfiction,In stock (14 available),"âFascinating â¦ A compelling blend of cultural anthropology and business journalism.â â Andrea Sachs, Time Magazine âAn often startling tour of new cultural terrain.â â Laura Miller, Salon âMarked by meticulous research and careful conclusions, this superbly readable book confirms New York Times journalist Walker as an expert on consumerism. â¦ [A] thoughtful and unhurried i âFascinating â¦ A compelling blend of cultural anthropology and business journalism.â â Andrea Sachs, Time Magazine âAn often startling tour of new cultural terrain.â â Laura Miller, Salon âMarked by meticulous research and careful conclusions, this superbly readable book confirms New York Times journalist Walker as an expert on consumerism. â¦ [A] thoughtful and unhurried investigation into consumerism that pushes the analysis to the maximumâ¦â â Publisherâs Weekly (starred review) Brands are dead. Advertising no longer works. Weaned on TiVo, the Internet, and other emerging technologies, the short-attention-span generation has become immune to marketing. Consumers are âin control.â Or so weâre told.In Buying In, New York Times Magazine âConsumedâ columnist Rob Walker argues that this accepted wisdom misses a much more important and lasting cultural shift. As technology has created avenues for advertising anywhere and everywhere, people are embracing brands more than ever beforeâcreating brands of their own and participating in marketing campaigns for their favorite brands in unprecedented ways. Increasingly, motivated consumers are pitching in to spread the gospel virally, whether by creating Internet video ads for Converse All Stars or becoming word-of-mouth âagentsâ touting products to friends and family on behalf of huge corporations. In the process, theyâweâhave begun to funnel cultural, political, and community activities through connections with brands. Walker explores this changing cultural landscapeâincluding a practice he calls âmurketing,â blending the terms murky and marketingâby introducing us to the creative marketers, entrepreneurs, artists, and community organizers who have found a way to thrive within it. Using profiles of brands old and new, including Timberland, American Apparel, Pabst Blue Ribbon, Red Bull, iPod, and Livestrong, Walker demonstrates the ways in which buyers adopt products, not just as consumer choices, but as conscious expressions of their identities. Part marketing primer, part work of cultural anthropology, Buying In reveals why now, more than ever, we are what we buyâand vice versa. Praise for Buying In âWalker â¦ makes a startling claim: Far from being immune to advertising, as many people think, American consumers are increasingly active participants in the marketing process. â¦ [He] leads readers through a series of lucid case studies to demonstrate that, in many cases, consumers actively participate in infusing a brand with meaning. â¦ Convincing.â â Jay Dixit, The Washington Post âWalker lays out his theory in well-written, entertaining detail.â â Seth Stevenson, Slate âBuying In delves into the attitudes of the global consumer in the age of plenty, and, well, we arenât too pretty. Walker carries the reader on a frenetically paced tour of senseless consumption spanning from Viking ranges to custom high-tops.â â Robert Blinn, Core77 âRob Walker is one smart shopper.â â Jen Trolio, ReadyMade âThe most trenchant psychoanalyst of our consumer selves is Rob Walker. This is a fresh and fascinating exploration of the places where material culture and identity intersect.â âMichael Pollan, author of In Defense of Food âThis book has vast social implications, far beyond the fields of marketing and branding. It obliterates our old paradigm of companies (the bad guys) corrupting our children (the innocents) via commercials. In this new world, media-literate young people freely and willingly co-opt the brands, and most companies are clueless bystanders desperate to keep up. I really don't know if this is good news or bad news, but I can say, with certainty, that this book is a must-read.ââPo Bronson, author of What Should I Do with My Life? âRob Walker is a gift. He shows that in our shattered, scattered world, powerful brands are existential, insinuating themselves into the human questions âWhat am I about?â and âHow do I connect?â His insight that brand influence is becoming both more pervasive and more hiddenâthat we are not so self-defined as we like to thinkâshould make us disturbed, and vigilant.ââJim Collins, author of Good to GreatâRob Walker is a terrific writerÂ who understands both human nature and the business world. His book is highly entertaining, but itâs also a deeply thoughtful look at the ways in which marketing meets the modern psyche.ââBethany McLean, editor at large, Fortune, and co-author of The Smartest Guys in the RoomâAre we living in an era of YouTube-empowered, brand-rejecting consumers? Rob Walker has the surprising answers, and you wonât want to miss this joyride through the front lines of consumer culture. A marketing must-read.ââChip Heath and Dan Heath, authors of Made to Stick âRob Walker brilliantly deconstructs the religion of consumption. Love his column, couldnât put his book down.ââPaco Underhill, author of Why We Buy ...more"
a80f66b254fe9eb3,Brain on Fire: My Month of Madness,49.32,5,Nonfiction,In stock (14 available),"An award-winning memoir and instant New York Times bestseller that goes far beyond its riveting medical mystery, Brain on Fire is the powerful account of one womanâs struggle to recapture her identity.When twenty-four-year-old Susannah Cahalan woke up alone in a hospital room, strapped to her bed and unable to move or speak, she had no memory of how sheâd gotten there. Day An award-winning memoir and instant New York Times bestseller that goes far beyond its riveting medical mystery, Brain on Fire is the powerful account of one womanâs struggle to recapture her identity.When twenty-four-year-old Susannah Cahalan woke up alone in a hospital room, strapped to her bed and unable to move or speak, she had no memory of how sheâd gotten there. Days earlier, she had been on the threshold of a new, adult life: at the beginning of her first serious relationship and a promising career at a major New York newspaper. Now she was labeled violent, psychotic, a flight risk. What happened?In a swift and breathtaking narrative, Cahalan tells the astonishing true story of her descent into madness, her familyâs inspiring faith in her, and the lifesaving diagnosis that nearly didnât happen. ...more"
9b65f676984c9f0c,Balloon Animals,17.03,3,Fiction,In stock (14 available),"BALLOON ANIMALS is a pilgrimage and road-trip of unusual dimensions.Follow me, Jonny Rowe, on a wild goose-chase from Ireland to the USA with my American grandfather's remains in my red birthday balloon. I use 'remains' in the loosest sense of the word: my grandfather, 45, puffed his last breaths of air into my birthday balloon before suffering a massive heart attack right BALLOON ANIMALS is a pilgrimage and road-trip of unusual dimensions.Follow me, Jonny Rowe, on a wild goose-chase from Ireland to the USA with my American grandfather's remains in my red birthday balloon. I use 'remains' in the loosest sense of the word: my grandfather, 45, puffed his last breaths of air into my birthday balloon before suffering a massive heart attack right there at my birthday party which becomes his deathday party.Feeling responsible for 45's death, and as a thank-you for filling Clinical Dad's void after leaving that questionable suicide note, I make it my quest to return 45 to his birthplace amongst the corn of Iowa, USA, suspended inside his soul-bubble. This journey might also help me with my identity-crisis ... I'm a genealogy student, by the way. And who knows, maybe I'll find love - I tend to find things when I'm not looking for them.Join me on a desperate race against time to unveil the truth as my birthday balloon begins to deflate and loose 45 forever to the wind ...more"
ffdc825785c0ede8,Art Ops Vol. 1,48.8,3,Sequential Art,In stock (14 available),"Reggie Riot is no oneâs idea of a cultural savior. The latchkey child of a busy single mother, heâs grown up to be a resentful slacker whose idea of high culture is getting stoned and admiring the graffiti in the alley where he scores his weed. His mother, however, is not your average working parent. Sheâs the head of a secret organization called Art Ops, whose mission i Reggie Riot is no oneâs idea of a cultural savior. The latchkey child of a busy single mother, heâs grown up to be a resentful slacker whose idea of high culture is getting stoned and admiring the graffiti in the alley where he scores his weed. Â  His mother, however, is not your average working parent. Sheâs the head of a secret organization called Art Ops, whose mission is protecting the artistic treasures of the worldâwhich have a lot more life in them than a casual observer might realize. Â  Reggie has always shunned his momâs high-culture scene, but a devastating encounter with the shadowy forces menacing the worldâs masterpieces has left him with a permanent expression of the chaotic power of art flowing through his very veins. Â  So when Art Ops itself suddenly vanishes without a trace, leaving its final rescueâLa Gioconda, the Mona Lisa herselfâout in the cold, itâs up to Reggie and his motley crewâincluding a masked super-powered operative who writes sitcom scripts on spec, a girls-just-wanna-have-fun â80s music-video icon, and a suburban clerk from a mall-punk clothing chainâto come to the rescue. Â  But do they have what it takes to stand up to the dark side of human creativity? Â  From writer Shaun Simon (co-author of The True Lives of the Fabulous Killjoys with My Chemical Romanceâs Gerard Way) and artists Michael Allred (co-creator of iZOMBIE) and Matt Brundage (The Spirit: The New Adventures) comes ART OPS VOL. 1: HOW TO START A RIOT, collecting issues #1-5 of the ongoing VERTIGO series and featuring a special sketchbook section from Allred and Brundage. ...more"
39861fc1c0845d15,All the Light We Cannot See,29.87,5,Historical,In stock (14 available),"WINNER OF THE PULITZER PRIZEFrom the highly acclaimed, multiple award-winning Anthony Doerr, the beautiful, stunningly ambitious instant New York Times bestseller about a blind French girl and a German boy whose paths collide in occupied France as both try to survive the devastation of World War II.Marie-Laure lives with her father in Paris near the Museum of Natural Histo WINNER OF THE PULITZER PRIZEFrom the highly acclaimed, multiple award-winning Anthony Doerr, the beautiful, stunningly ambitious instant New York Times bestseller about a blind French girl and a German boy whose paths collide in occupied France as both try to survive the devastation of World War II.Marie-Laure lives with her father in Paris near the Museum of Natural History, where he works as the master of its thousands of locks. When she is six, Marie-Laure goes blind and her father builds a perfect miniature of their neighborhood so she can memorize it by touch and navigate her way home. When she is twelve, the Nazis occupy Paris and father and daughter flee to the walled citadel of Saint-Malo, where Marie-Laureâs reclusive great-uncle lives in a tall house by the sea. With them they carry what might be the museumâs most valuable and dangerous jewel.In a mining town in Germany, the orphan Werner grows up with his younger sister, enchanted by a crude radio they find. Werner becomes an expert at building and fixing these crucial new instruments, a talent that wins him a place at a brutal academy for Hitler Youth, then a special assignment to track the resistance. More and more aware of the human cost of his intelligence, Werner travels through the heart of the war and, finally, into Saint-Malo, where his story and Marie-Laureâs converge.Doerrâs âstunning sense of physical detail and gorgeous metaphorsâ (San Francisco Chronicle) are dazzling. Deftly interweaving the lives of Marie-Laure and Werner, he illuminates the ways, against all odds, people try to be good to one another. Ten years in the writing, a National Book Award finalist, All the Light We Cannot See is a magnificent, deeply moving novel from a writer âwhose sentences never fail to thrillâ (Los Angeles Times). ...more"
4416c474713ec1f5,A Time of Torment (Charlie Parker #14),48.35,5,Mystery,In stock (14 available),"Jerome Burnel was once a hero. He intervened to prevent multiple killings and in doing so damned himself. His life was torn apart. He was imprisoned, brutalized.But in his final days, with the hunters circling, he tells his story to private detective Charlie Parker. He speaks of the girl who was marked for death but was saved, of the ones who tormented him, and an entity t Jerome Burnel was once a hero. He intervened to prevent multiple killings and in doing so damned himself. His life was torn apart. He was imprisoned, brutalized.But in his final days, with the hunters circling, he tells his story to private detective Charlie Parker. He speaks of the girl who was marked for death but was saved, of the ones who tormented him, and an entity that hides in a ruined stockade.Parker is not like other men. He died, and was reborn. He is ready to wage war.Now he will descend upon a strange, isolated community called the Cut, and face down a force of men who rule by terror, intimidation, and murder.All in the name of the being they serve.All in the name of the Dead King. ...more"
d5e0526e1ab682a3,A Distant Mirror: The Calamitous 14th Century,14.58,3,History,In stock (14 available),"Barbara W. Tuchman--the acclaimed author of the Pulitzer Prizeâwinning classic The Guns of August--once again marshals her gift for character, history, and sparkling prose to compose an astonishing portrait of medieval Europe.The fourteenth century reflects two contradictory images: on the one hand, a glittering age of crusades, cathedrals, and chivalry; on the other, a wo Barbara W. Tuchman--the acclaimed author of the Pulitzer Prizeâwinning classic The Guns of August--once again marshals her gift for character, history, and sparkling prose to compose an astonishing portrait of medieval Europe.The fourteenth century reflects two contradictory images: on the one hand, a glittering age of crusades, cathedrals, and chivalry; on the other, a world plunged into chaos and spiritual agony. In this revelatory work, Tuchman examines not only the great rhythms of history but the grain and texture of domestic life: what childhood was like; what marriage meant; how money, taxes, and war dominated the lives of serf, noble, and clergy alike. Granting her subjects their loyalties, treacheries, and guilty passions, Tuchman re-creates the lives of proud cardinals, university scholars, grocers and clerks, saints and mystics, lawyers and mercenaries, and, dominating all, the knight--in all his valor and âfurious follies,â a âterrible worm in an iron cocoon.â ...more"
6e8e5626ac4d279e,1491: New Revelations of the Americas Before Columbus,21.8,3,History,In stock (14 available),"In this groundbreaking work of science, history, and archaeology, Charles C. Mann radically alters our understanding of the Americas before the arrival of Columbus in 1492.Contrary to what so many Americans learn in school, the pre-Columbian Indians were not sparsely settled in a pristine wilderness; rather, there were huge numbers of Indians who actively molded and influe In this groundbreaking work of science, history, and archaeology, Charles C. Mann radically alters our understanding of the Americas before the arrival of Columbus in 1492.Â Contrary to what so many Americans learn in school, the pre-Columbian Indians were not sparsely settled in a pristine wilderness; rather, there were huge numbers of Indians who actively molded and influenced the land around them. The astonishing Aztec capital of Tenochtitlan had running water and immaculately clean streets, and was larger than any contemporary European city. Mexican cultures created corn in a specialized breeding process that it has been called manâs first feat of genetic engineering. Indeed, Indians were not living lightly on the land but were landscaping and manipulating their world in ways that we are only now beginning to understand. Challenging and surprising, this a transformative new look at a rich and fascinating world we only thought we knew. ...more"
ac5e0d3938caf686,"The Three Searches, Meaning, and the Story",13.33,3,Default,In stock (13 available),"Human societies have always been preoccupied with three main searches: the Search for Technology, the Search for Truth, and the Search for Meaning. Social structures; currents of action and thought; philosophies; and history, all are driven and honed by the Three Searches. And the most frequent and conscious of these searches is that for Meaning. The Story is indispensable Human societies have always been preoccupied with three main searches: the Search for Technology, the Search for Truth, and the Search for Meaning. Social structures; currents of action and thought; philosophies; and history, all are driven and honed by the Three Searches. And the most frequent and conscious of these searches is that for Meaning. The Story is indispensable for the Search for Meaning.In this second part of The Story in Three Parts, John H.T. Francis presents a philosophical essay on the central role of the Story in our lives and in our general understanding of the world. The Story is everywhere, in all that is of human meaning. It is in us and in our outside reality; it is even, in a certain sense, our outside reality in its unfolding.The Three Searches, Meaning, and the Story is a foundational essay in philosophy, which can be read independently from the other parts of The Story in Three Parts. ...more"
44d97b6707dae3f0,Rook,37.86,4,Add a comment,In stock (13 available),"History has a way of repeating itself. In the Sunken City that was once Paris, all who oppose the new revolution are being put to the blade. Except for those who disappear from their prison cells, a red-tipped rook feather left in their place. The mysterious Red Rook a savior of the innocent, and a criminal in the eyes of the government.Meanwhile, across the sea in the Com History has a way of repeating itself. In the Sunken City that was once Paris, all who oppose the new revolution are being put to the blade. Except for those who disappear from their prison cells, a red-tipped rook feather left in their place. The mysterious Red Rook a savior of the innocent, and a criminal in the eyes of the government.Meanwhile, across the sea in the Commonwealth, Sophia Bellamy's arranged marriage to the wealthy RenÃ© Hasard is the last chance to save her family from ruin. But when the search for the Red Rook comes straight to her doorstep, Sophia discovers that her fiancÃ© is not all he seems. Which is only fair, because neither is she. As the Red Rook grows bolder and the stakes grow ever higher, Sophia and RenÃ© find themselves locked in a tantalizing game of cat and mouse.Daring intrigue, delicious romance, and spine-tingling suspense fill the pages of this extraordinary tale from award-winning author Sharon Cameron. ...more"
077b635ff2afc578,Will You Won't You Want Me?,13.86,3,Womens Fiction,In stock (12 available),"Marjorie Plum never meant to peak in high school. She was Queen Bee. Now, 10 years later, she's lost her sparkle. At her bleakest moment, sheâs surprised by renewed interest from a questionable childhood crush, and the bickering with her cranky bossâat a potentially game-changing new jobâgrows increasingly like flirtatious banter. Suddenly, sheâs faced with a choice betwee Marjorie Plum never meant to peak in high school. She was Queen Bee. Now, 10 years later, she's lost her sparkle. At her bleakest moment, sheâs surprised by renewed interest from a questionable childhood crush, and the bickering with her cranky bossâat a potentially game-changing new jobâgrows increasingly like flirtatious banter. Suddenly, sheâs faced with a choice between the life she always dreamed of and one she never thought to imagine. With the help of a precocious 11-year-old tutee, who unknowingly becomes the Ghost of Marjorie Past, and a musician roommate, who looks like a pixie and talks like the Dalai Lama, Marjorie struggles with the ultimate question: Who does she want to be? Nora Zelevanskyâs Will You Wonât You Want Me? is a funny, often surprising, novel about growing up when you are already supposed to be grown. ...more"
4a7a25be293ad678,The Star-Touched Queen,32.3,5,Fantasy,In stock (12 available),"Fate and fortune. Power and passion. What does it take to be the queen of a kingdom when youâre only seventeen?Maya is cursed. With a horoscope that promises a marriage of death and destruction, she has earned only the scorn and fear of her fatherâs kingdom. Content to follow more scholarly pursuits, her whole world is torn apart when her father, the Raja, arranges a weddi Fate and fortune. Power and passion. What does it take to be the queen of a kingdom when youâre only seventeen?Maya is cursed. With a horoscope that promises a marriage of death and destruction, she has earned only the scorn and fear of her fatherâs kingdom. Content to follow more scholarly pursuits, her whole world is torn apart when her father, the Raja, arranges a wedding of political convenience to quell outside rebellions. Soon Maya becomes the queen of Akaran and wife of Amar. Neither roles are what she expected: As Akaranâs queen, she finds her voice and power. As Amarâs wife, she finds something else entirely: Compassion. Protection. Desireâ¦But Akaran has its own secretsâthousands of locked doors, gardens of glass, and a tree that bears memories instead of fruit. Soon, Maya suspects her life is in danger. Yet who, besides her husband, can she trust? With the fate of the human and Otherworldly realms hanging in the balance, Maya must unravel an ancient mystery that spans reincarnated lives to save those she loves the mostâ¦including herself. ...more"
ce1ae197ada2aec4,The Silent Sister (Riley MacPherson #1),46.29,5,Fiction,In stock (12 available),"In The Silent Sister, Riley MacPherson has spent her entire life believing that her older sister Lisa committed suicide as a teenager. Now, over twenty years later, her father has passed away and she's in New Bern, North Carolina cleaning out his house when she finds evidence to the contrary. Lisa is alive. Alive and living under a new identity. But why exactly was she on In The Silent Sister, Riley MacPherson has spent her entire life believing that her older sister Lisa committed suicide as a teenager. Now, over twenty years later, her father has passed away and she's in New Bern, North Carolina cleaning out his house when she finds evidence to the contrary. Lisa is alive. Alive and living under a new identity. But why exactly was she on the run all those years ago, and what secrets are being kept now? As Riley works to uncover the truth, her discoveries will put into question everything she thought she knew about her family. Riley must decide what the past means for her present, and what she will do with her newfound reality, in this engrossing mystery from international bestselling author Diane Chamberlain. ...more"
f732d7d18a91d2ba,The Epidemic (The Program 0.6),14.44,5,Young Adult,In stock (12 available),"Can one girl help others find closure by slipping into the identities of their loved ones? Find out in this riveting sequel to The Remedy and companion to the New York Times bestselling The Treatment and The Program.In a world before The Programâ¦Quinlan McKee has spent her life acting as other people. She was a closerâa person hired to play the role of the recently decease Can one girl help others find closure by slipping into the identities of their loved ones? Find out in this riveting sequel to The Remedy and companion to the New York Times bestselling The Treatment and The Program.In a world before The Programâ¦Quinlan McKee has spent her life acting as other people. She was a closerâa person hired to play the role of the recently deceased in order to give their families closure. Through this process, Quinn learned to read people and situations, even losing a bit of herself to do so. But she couldnât have guessed how her last case would bring down her entire world.The only person Quinn trusts is Deacon, her best friend and the love of her life. Except Deaconâs been keeping secrets of his one, so Quinn must set out alone to find Arthur Pritchard, the doctor whoâs been trying to control her life. The journey brings Quinn to Arthurâs daughter, Virginia, who tells Quinn the truth about Pritchardâs motives. The former closer will start to see that she is the first step in fighting an epidemic.But Quinlan doesnât want to be a cure. And with all the lies surrounding her, she realizes she has no one left to rely on but herselfâeven if she doesnât know who that is anymore. ...more"
64fd010bf8d15096,The Children,11.88,3,Add a comment,In stock (12 available),"From New York Times bestselling author Ann Leary comes the captivating story of a wealthy, but unconventional New England family, told from the perspective of a reclusive 29-year-old who has a secret (and famous) life on the Internet.Charlotte Maynard rarely leaves her motherâs home, the sprawling Connecticut lake house that belonged to her late stepfather, Whit Whitman, a From New York Times bestselling author Ann Leary comes the captivating story of a wealthy, but unconventional New England family, told from the perspective of a reclusive 29-year-old who has a secret (and famous) life on the Internet.Charlotte Maynard rarely leaves her motherâs home, the sprawling Connecticut lake house that belonged to her late stepfather, Whit Whitman, and the generations of Whitmans before him. While Charlotte and her sister, Sally, grew up at âLakeside,â their stepbrothers, Spin and Perry, were welcomed as weekend guests. Now the grown boys own the estate, which Joan occupies by their graceâand a provision in the family trust. When Spin, the youngest and favorite of all the children, brings his fiancÃ© home for the summer, the entire family is intrigued. The beautiful and accomplished Laurel Atwood breathes new life into this often comically rarefied world. But as the wedding draws near, and flaws surface in the familyâs polite veneer, an array of simmering resentments and unfortunate truths is exposed.With remarkable wit and insight, Ann Leary pulls back the curtain on one blended family, as they are forced to grapple with the assets and liabilities â both material and psychological â left behind by their wonderfully flawed patriarch. ...more"
f40fea200e0c644f,Snatched: How A Drug Queen Went Undercover for the DEA and Was Kidnapped By Colombian Guerillas,21.21,3,Nonfiction,In stock (12 available),"Snatched is the electric tale, by the New York Times bestselling author of Blow, Bruce Porter, that tells the true story of a woman caught between two worlds, with her life dangling in the balance.Raised an aristocrat in Colombia and educated in European schools, Pilar transfixes everyone with her charm and her guile. She also falls for dangerous men and finds herself draw Snatched is the electric tale, by the New York Times bestselling author of Blow, Bruce Porter, that tells the true story of a woman caught between two worlds, with her life dangling in the balance.Raised an aristocrat in Colombia and educated in European schools, Pilar transfixes everyone with her charm and her guile. She also falls for dangerous men and finds herself drawn into the highest levels of the cocaine trade.After two failed marriages and a harrowing escape from the drug life, she settles down to a quiet existence in Florida with her children--until her second husband tries to cut short his prison term by giving her name over to members of a new task force being formed by the DEA. They induce Pilar, now a middle-aged woman, to infiltrate the Cali cartel as the head of a vast money laundering sting. Named ""Operation Princess,"" the scheme leads to the seizure of tens of millions of dollars, along with some $500 million worth of cocaine and the exposure of hundreds of high-level traffickers, becoming one of the most daring and successful stings in DEA history. But Pilar plays her part too well. Her success as a money launderer gets her kidnapped and then ransomed by a band of guerrillas in South America--and the US government refuses to negotiate. It's left to her low-level handlers in the DEA to get her back, before it's too late and her kidnappers discover they have a federal agent in their clutches. ...more"
ebf81a62e4798fd1,Raspberry Pi Electronics Projects for the Evil Genius,49.67,4,Default,In stock (12 available),"10 brand new DIY projects for your Raspberry Pi!This fully illustrated TAB guide shows how to construct and program all kinds of fun and innovative gadgets with your Raspberry Pi. ""Raspberry Pi Electronics Projects for the Evil Genius"" features 10 complete projects that showcase cool RasPi applications in computing, communications, robotics, photography, and video. Each in 10 brand new DIY projects for your Raspberry Pi!This fully illustrated TAB guide shows how to construct and program all kinds of fun and innovative gadgets with your Raspberry Pi. ""Raspberry Pi Electronics Projects for the Evil Genius"" features 10 complete projects that showcase cool RasPi applications in computing, communications, robotics, photography, and video. Each inexpensive Evil Genius project includes a detailed list of materials, sources for parts, schematics, and clear, step-by-step assembly and programming instructions. This entertaining, easy-to-follow book gets you up-and-running quickly on C, Java, and Python, and covers ""all"" RasPi versions, including the latest A+, B+, and B model 2 units.Learn how to: . Explore the capabilities and features of your Raspberry Pi. Display scrolling text and graphics on an RGB LED matrix screen. Handle RasPi-to-RasPi communications using MQTT. Incorporate interesting software defined radio (SDR) features. Build your own super computer from eight RasPi model B+s. Make a robotic car from Legos and control it with your RasPi. Configure the RasPi to control a basic robotic arm through the I2C bus. Assemble and program complex 3DOF and 6DOF robotic arms. Construct a hi-res point-and-shoot and a digital single lens reflex (DSLR) camera. Engineer a complete infrared video surveillance system using the Pi Noir camera"" ...more"
b8d7b3f5c7a95d65,Psycho: Sanitarium (Psycho #1.5),36.97,5,Horror,In stock (12 available),"The original Psycho novel by Robert Bloch was published in 1959 and became an instant hit, leading to the smash movie only a year later, which brought Norman Bates's terrifying story into the public consciousness, where it still remains (proven by the success of the tv series, Bates Motel). It took Bloch 23 years to write another Psycho novel, revealing that Norman had bee The original Psycho novel by Robert Bloch was published in 1959 and became an instant hit, leading to the smash movie only a year later, which brought Norman Bates's terrifying story into the public consciousness, where it still remains (proven by the success of the tv series, Bates Motel). It took Bloch 23 years to write another Psycho novel, revealing that Norman had been in a mental institution the entire time. In that sequel, Norman quickly escapes the sanitarium and goes on a killing spree in Hollywood.But what happened in that asylum during those two decades? Until now, no one has known.It's 1960. Norman Bates is in the State Hospital for the Criminally Insane and it's up to Dr. Felix Reed to bring him out of his catatonic state.But Norman and Dr. Reed have obstacles in twisted fellow patients and staff members who think of the institution as a prison rather than a place of healing. And the greatest obstacle is the building itself, once a private sanitarium, rumored to be haunted. A wild card appears in the persona of Robert Newman, Norman's twin brother, taken away at birth after the attending doctor pronounced him brain damaged. As Robert and Norman grow to know each other, Norman senses a darkness in Robert, even deeper than that which has lurked in Norman himself.Soon, murders begin to occur and a shocking chain of events plunge us even deeper into the deranged madness inside the walls of Psycho: Sanitarium. ...more"
abdd91e96515a617,Poisonous (Max Revere Novels #3),26.8,3,Mystery,In stock (12 available),"Teen-aged Internet bully Ivy Lake fell off a cliff and few people cared ... except her mentally-challenged eighteen-year-old step-brother, Tommy. He loved her in spite of her cruelty. He's distraught and doesn't understand why his blended family is falling apart. After a year, the police still have no answers: Ivy could have jumped, could have been pushed, or it could have Teen-aged Internet bully Ivy Lake fell off a cliff and few people cared ... except her mentally-challenged eighteen-year-old step-brother, Tommy. He loved her in spite of her cruelty. He's distraught and doesn't understand why his blended family is falling apart. After a year, the police still have no answers: Ivy could have jumped, could have been pushed, or it could have been an accident. With too many suspects and not enough evidence, the investigation has grown cold.Tommy thinks that if someone can figure out what happened to his step-sister, everything will go back to normal, so he writes to investigative reporter Maxine Revere. This isnât the type of case Max normally takes on, but the heartbreak and simple honesty in Tommy's letter pulls her in. She travels to Corte Madera, California, with her assistant David Kane and is at first pleased that the police are cooperative. But the more Max learns about Tommy and his dysfunctional family, the more she thinks sheâs taken on an impossible task: this may be the one case she canât solve.If Ivy was murdered, it was exceptionally well-planned and that kind of killer could be hiding in plain sight ... planning the next act of violence. Max believes the truth is always better than lies, that the truth is the only thing that matters to gain justice for victims and their families. But for the first time, she wonders if this time, the truth will kill. ...more"
81ef44fcc5f454df,One with You (Crossfire #5),15.71,4,Add a comment,In stock (12 available),"Gideon Cross. Falling in love with him was the easiest thing I've ever done. It happened instantly. Completely. Irrevocably.Marrying him was a dream come true. Staying married to him is the fight of my life. Love transforms. Ours is both a refuge from the storm and the most violent of tempests. Two damaged souls entwined as one.We have bared our deepest, ugliest secrets to Gideon Cross. Falling in love with him was the easiest thing I've ever done. It happened instantly. Completely. Irrevocably.Marrying him was a dream come true. Staying married to him is the fight of my life. Love transforms. Ours is both a refuge from the storm and the most violent of tempests. Two damaged souls entwined as one.We have bared our deepest, ugliest secrets to one another. Gideon is the mirror that reflects all my flaws ... and all the beauty I couldn't see. He has given me everything. Now, I must prove I can be the rock, the shelter for him that he is for me. Together, we could stand against those who work so viciously to come between us.But our greatest battle may lie within the very vows that give us strength. Committing to love was only the beginning. Fighting for it will either set us free ... or break us apart.Heartbreakingly and seductively poignant, One with You is the breathlessly awaited finale to the CrossfireÂ® saga, the searing love story that has captivated millions of readers worldwide. ...more"
c039f5aceb093537,Most Wanted,35.28,3,Mystery,In stock (12 available),"Lisa Scottoline delivers another searing, powerful blockbuster novel that explores hot-button issues within the framework of an intricately plotted thriller. When a woman and her husband, desperate for a baby, find themselves unable to conceive, they decide to take further steps. Since it is the husband who is infertile, the heroine decides to use a donor. And all seems to Lisa Scottoline delivers another searing, powerful blockbuster novel that explores hot-button issues within the framework of an intricately plotted thriller. When a woman and her husband, desperate for a baby, find themselves unable to conceive, they decide to take further steps. Since it is the husband who is infertile, the heroine decides to use a donor. And all seems to be well. Three months pass and she is happily pregnant. But a shocking revelation occurs when she discovers that a man arrested for a series of brutal murders is her donor - the biological father of the child she is carrying. Delving deeper to uncover the truth, the heroine must face her worst fears, and confront a terrifying truth. Most Wanted is sure to be Lisa Scottoline's most discussed, bestselling novel yet. ...more"
c6a29d6df8de968c,Furiously Happy: A Funny Book About Horrible Things,41.46,4,Nonfiction,In stock (12 available),"In LET'S PRETEND THIS NEVER HAPPENED, Jenny Lawson baffled readers with stories about growing up the daughter of a taxidermist. In her new book, FURIOUSLY HAPPY, Jenny explores her lifelong battle with mental illness. A hysterical, ridiculous book about crippling depression and anxiety? That sounds like a terrible idea. And terrible ideas are what Jenny does best.According In LET'S PRETEND THIS NEVER HAPPENED, Jenny Lawson baffled readers with stories about growing up the daughter of a taxidermist. In her new book, FURIOUSLY HAPPY, Jenny explores her lifelong battle with mental illness. A hysterical, ridiculous book about crippling depression and anxiety? That sounds like a terrible idea. And terrible ideas are what Jenny does best.According to Jenny: ""Some people might think that being 'furiously happy' is just an excuse to be stupid and irresponsible and invite a herd of kangaroos over to your house without telling your husband first because you suspect he would say no since he's never particularly liked kangaroos. And that would be ridiculous because no one would invite a herd of kangaroos into their house. Two is the limit. I speak from personal experience. My husband says that none is the new limit. I say he should have been clearer about that before I rented all those kangaroos.""""Most of my favorite people are dangerously fucked-up but you'd never guess because we've learned to bare it so honestly that it becomes the new normal. Like John Hughes wrote in The Breakfast Club, 'We're all pretty bizarre. Some of us are just better at hiding it.' Except go back and cross out the word 'hiding.'""Jenny's first book, LET'S PRETEND THIS NEVER HAPPENED, was ostensibly about family, but deep down it was about celebrating your own weirdness. FURIOUSLY HAPPY is a book about mental illness, but under the surface it's about embracing joy in fantastic and outrageous ways-and who doesn't need a bit more of that? ...more"
76319fe9d8b465a3,Everyday Italian: 125 Simple and Delicious Recipes,20.1,5,Food and Drink,In stock (12 available),"In her hit Food Network show Everyday Italian, Giada De Laurentiis shows you how to cook delicious, beautiful food in a flash. And here, in her long-awaited first book, she does the sameâhelps you put a fabulous dinner on the table tonight, for friends or just for the kids, with a minimum of fuss and a maximum of flavor. She makes it all look easy, because it is. Everyday In her hit Food Network show Everyday Italian, Giada De Laurentiis shows you how to cook delicious, beautiful food in a flash. And here, in her long-awaited first book, she does the sameâhelps you put a fabulous dinner on the table tonight, for friends or just for the kids, with a minimum of fuss and a maximum of flavor. She makes it all look easy, because it is. Everyday Italian is true to its title: the fresh, simple recipes are incredibly quick and accessible, and also utterly mouth-wateringâperfect for everyday cooking. And the book is focused on the real-life considerations of what you actually have in your refrigerator and pantry (no mail-order ingredients here) and what youâre in the mood forâwhether a simply sauced pasta or a hearty family-friendly roast, these great recipes cover every contingency. So, for example, youâll find dishes that you can make solely from pantry ingredients, or those that transform lowly leftovers into exquisite entrÃ©es (including brilliant ideas for leftover pasta), and those that satisfy your yearning to have something sweet baking in the oven. There are 7 ways to make red sauce more interesting, 6 different preparations of the classic cutlet, 5 perfect pestos, 4 creative uses for prosciutto, 3 variations on basic polenta, 2 great steaks, and 1 sublime chocolate tiramisÃ¹âplus 100 other recipes that turn everyday ingredients into speedy but special dinners.Whatâs more, Everyday Italian is organized according to what type of food you want tonightâwhether a soul-warming stew for Sunday supper, a quick sautÃ© for a weeknight, or a baked pasta for potluck. These categories will help you figure out what to cook in an instant, with such choices as fresh-from-the-pantry appetizers, sauceless pastas, everyday roasts, and stuffed vegetablesâwhatever youâre in the mood for, youâll be able to find a simple, delicious recipe for it here. Thatâs the beauty of Italian home cooking, and thatâs what Giada De Laurentiis offers hereâthe essential recipes to make a great Italian dinner. Tonight. ...more"
df7e628bad5782b4,Dirty (Dive Bar #1),40.83,4,Romance,In stock (12 available),"The last thing Vaughan Hewson expects to find when he returns to his childhood home is a broken hearted bride in his shower, let alone the drama and chaos that comes with her.Lydia Green doesn't know whether to burn down the church or sit and cry in a corner. Discovering the love of your life is having an affair on your wedding day is bad enough. Finding out it's with his The last thing Vaughan Hewson expects to find when he returns to his childhood home is a broken hearted bride in his shower, let alone the drama and chaos that comes with her.Lydia Green doesn't know whether to burn down the church or sit and cry in a corner. Discovering the love of your life is having an affair on your wedding day is bad enough. Finding out it's with his best man is another thing all together. She narrowly escapes tying the knot and meets Vaughan only hours later.Vaughan is the exact opposite of the picture perfect, respected businessman she thought she'd marry. This former musician-turned-bartender is rough around the edges and unsettled. But she already tried Mr. Right and discovered he's all wrong-maybe it's time to give Mr. Right Now a chance.After all, what's wrong with getting dirty? ...more"
63343e287971bb0c,A Paris Apartment,39.01,4,Historical Fiction,In stock (12 available),"Bienvenue Ã  Paris!When April Vogt's boss tells her about an apartment in the ninth arrondissement that has been discovered after being shuttered for the past seventy years, the Sotheby's continental furniture specialist does not hear the words âdustâ or âratsâ or âdecrepit.â She hears Paris. She hears escape.Once in France, April quickly learns the apartment is not merely Bienvenue Ã  Paris!When April Vogt's boss tells her about an apartment in the ninth arrondissement that has been discovered after being shuttered for the past seventy years, the Sotheby's continental furniture specialist does not hear the words âdustâ or âratsâ or âdecrepit.â She hears Paris. She hears escape.Once in France, April quickly learns the apartment is not merely some rich hoarder's repository. Beneath the cobwebs and stale perfumed air is a goldmine, and not because of the actual gold (or painted ostrich eggs or mounted rhinoceros horns or bronze bathtub). First, there's a portrait by one of the masters of the Belle Epoque, Giovanni Boldini. And then there are letters and journals written by the very woman in the painting, Marthe deÂ Florian. These documentsÂ reveal that she was more than a renowned courtesan with enviable decolletage. Suddenly April's quest is no longer about the bureaux plats and Louis-style armchairs that will fetch millions at auction. It's about discovering the story behind this charismatic woman.It's about discovering two women, actually.With the help of a salty (and annoyingly sexy)Â Parisian solicitor and the courtesan's private diaries, April tries to uncover the manyÂ secrets buried in the apartment. As she digs into Marthe's life, April can't help but take a deeper look into her own. Having left behind in the States a cheating husband, a family crisis about to erupt, and a career she's been using as the crutch to simply get by, she feels compelled to sort out her own life too. When theÂ things she left bubbling back home begin to boil over, and Parisian delicacies beyond flaky pÃ¢tisseries tempt her better judgment,Â April knows that both she and Marthe deserve happy finales.Whether accompanied by croissants or champagne, this delectable debut novel depicts the Paris of the BelleÂ Epoque and the present day with vibrant and stunning allure. Based on historical events, MichelleÂ Gable's A Paris Apartment will entertain and inspire, as readers embrace the struggles and successes of two very unforgettable women. ...more"
985991708c47003e,"The Sleep Revolution: Transforming Your Life, One Night at a Time",11.68,4,Nonfiction,In stock (11 available),"We are in the midst of a sleep deprivation crisis, writes Arianna Huffington, the co-founder and editor in chief of The Huffington Post. And this has profound consequences â on our health, our job performance, our relationships and our happiness. What is needed, she boldly asserts, is nothing short of a sleep revolution. Only by renewing our relationship with sleep can we We are in the midst of a sleep deprivation crisis, writes Arianna Huffington, the co-founder and editor in chief of The Huffington Post. And this has profound consequences â on our health, our job performance, our relationships and our happiness. What is needed, she boldly asserts, is nothing short of a sleep revolution.Â  Only by renewing our relationship with sleep can we take back control of our lives. In her bestsellerÂ Thrive,Â Arianna wrote aboutÂ our need to redefine success through well-being, wisdom, wonder, and giving.Â Her discussion of the importance of sleep as a gateway to this more fulfilling way of livingÂ struck such a powerful chord that she realized theÂ mystery andÂ transformativeÂ power of sleep called for a fuller investigation. The result is a sweeping, scientifically rigorous, and deeply personal exploration of sleep from all angles, fromÂ the history of sleep, to the role of dreams in our lives,Â to the consequences of sleep deprivation, andÂ the newÂ golden age of sleep science that is revealingÂ the vital role sleep plays inÂ our every waking moment andÂ every aspect of our health âÂ fromÂ weight gain,Â diabetes,Â and heart disease to cancerÂ and Alzheimerâs.Â Â  InÂ The Sleep Revolution, Arianna shows how our cultural dismissal of sleep as time wasted compromises our health and our decision-making and undermines our work lives,Â our personal lives --Â and even our sex lives.Â She explores all the latest science on what exactly is going on while we sleep and dream.Â Â She takes on the dangerous sleeping pill industry, and all the ways our addiction to technology disrupts our sleep. She alsoÂ offers a range of recommendations and tips from leading scientists on how we can get better and more restorative sleep, and harness its incredible power. In today's fast-paced, always-connected,Â perpetually-harriedÂ and sleep-deprived world, our need for a good nightâs sleep is more important â and elusive -- than ever.Â The Sleep RevolutionÂ both sounds the alarm on our worldwide sleep crisis and provides a detailed road map to the great sleep awakening that can help Â  transform our lives, our communities, and our world. ...more"
1c584f82a7a1c4f0,The Art of Startup Fundraising,21.0,3,Business,In stock (11 available),"The Art of Startup Fundraising takes a fresh look at raising money for startups, with a focus on the changing face of startup finance. New regulations are making the old go-to advice less relevant, as startup money is increasingly moving online. These new waters are all but unchartedâand founders need an accessible guide. This book helps you navigate the online world of st The Art of Startup Fundraising takes a fresh look at raising money for startups, with a focus on the changing face of startup finance. New regulations are making the old go-to advice less relevant, as startup money is increasingly moving online. These new waters are all but unchartedâand founders need an accessible guide. This book helps you navigate the online world of startup fundraising with easy-to-follow explanations and expert perspective on the new digital world of finance. You'll find tips and tricks on raising money and investing in startups from early stage to growth stage, and develop a clear strategy based on the new realities surrounding today's startup landscape.The finance world is in a massive state of flux. Changes are occurring at an increasing pace in all sectors, but few more intensely than the startup sphere. When the paradigm changes, your processes must change with it. This book shows you how startup funding works, with expert coaching toward the new rules on the field.-Learn how the JOBS Act impacts the fundraising model-Gain insight on startups from early stage to growth stage-Find the money you need to get your venture going-Craft your pitch and optimize the strategy-Build momentum-Identify the right investors-Avoid the common mistakesDon't rely on the ""how we did it"" tales from superstar startups, as these stories are unique and applied to exceptional scenarios. The game has changed, and playing by the old rules only gets you left behind. Whether you're founding a startup or looking to invest, The Art of Startup Fundraising provides the up-to-the-minute guidance you need.PRAISE FOR THE ART OF STARTUP FUNDRAISING:âThe Art of Startup Fundraising is a must read for anyone who even considers starting a business. Fundraising is hard. This book gives you the roadmap to get where you are going. Alejandro Cremades speaks with wisdom and from experience.â - Tim Draper , Founder of Draper Associates, DFJ, and Draper University.""The Art of Startup Fundraising should be a mandatory reading for entrepreneurs that are looking to raise capital. This book will enable Alejandro to help many more early stage companies answer the tough questions when fundraising."" - Marco Landi, Former Chief Operating Officer at Apple and Chairman at Atlantis Ventures""Raising capital is often the most daunting and least understood aspects of starting a new business and there are few people more experienced than Alejandro Cremades to act as a guide. The Art of Startup Fundraising unlocks key secrets of fundraising for newly minted entrepreneurs."" - Jeff Stibel, Chairman of BrainGate, Inc. and Vice Chairman of Dun & Bradstreet, Inc.; New York Times bestselling author of Breakpoint and Wired for Thought.""This book provides a clear, concise tour of the fundraising game. With his crowdfunding and entrepreneurial expertise in full display, Cremades does a terrific job making a complicated process simple and accessible."" - Jeff Bussgang, General Partner at Flybridge Capital Partners and Senior Lecturer at Harvard Business SchoolâEntrepreneurs need to be amazing at recruiting, selling and fundraising. The Art of Startup Fundraising provides the essential toolkit for mastering a core skill for any entrepreneur.â - Gil Penchina, serial entrepreneur and prolific angel investorâFor many entrepreneurs finding the right investor for their venture can be a daunting task. Alejandro's experience with equity crowdfunding gives a unique perspective on the fundraising game. The Art of Startup Fundraising is very insightful for entrepreneurs looking to close a round of financing and changing the world.â - Anyndya Ghose, Professor at NYU Stern School of BusinessâThere is no perfect approach to raising investment for a startup, but there is a certain tribal knowledge out there, that most of us had to learn through several failed attempts. The Art of Startup Fundraising captures every bit of advice (and then some!) that I would give to any entrepreneur looking for funding.â - Paul Murphy, Partner at Betaworks and CoFounder of PlaydotsâAlejandro's The Art of Startup Fundraising is a must read for any entrepreneur. Clear and concise, he outlines in today's startup community the steps to successfully fundraise. This is the golden era for entrepreneurs, any good idea with proof of concept can get access to money. Know your options!â - Angelo J. Robles, Founder and CEO of Family Office AssociationâIt doesn't matter how great of a business you can build. If you can't raise money, you're toast. Master this book.â - Ilya Pozin, Forbes Contributor and CoFounder of Pluto TV and CoFounder of Coplex""The Art of Startup Fundraising translates art into science. By sharing proven formulas, strategies, and case studies that work, Alejandro Cremades provides a needed service to future entrepreneurs."" - Josh Cohen, Managing Partner at City Light CapitalâThis ought to be a reading requirement for all entrepreneurs when building a business and raising capital. This is a very well written and informative book, written by a man who is a testament to dedication and creativity when confronted with the challenges of being an entrepreneur and raising capital.â - Carter Caldwell, serial entrepreneur and Principal at Cross Atlantic Capital PartnersâAlejandro is on the bleeding edge of equity crowdfunding today. When he talks about fundraising, startups listen.â - Andrew Ackerman, Managing Director at Dreamit VenturesâRaising capital can be tough. Alejandro provides a step-by-step guidebook to all entrepreneurs that rather spend their time thinking about changing the world instead of thinking of how to raise funds.â - Tobias P. Schirmer, Managing Partner of JOIN Capital ""A superb book on fundraising. Alejandro's guidance should arm entrepreneurs with the necessary tools to close with success a meaningful round of financing."" - Ellen Weber, Executive Director at Robin Hood VenturesâThe Art of Startup Fundraising is a practical and comprehensive resource for entrepreneurs to use again and again. It captures what startups need to do to be successful in the rapidly evolving financing world, while also providing tips on the fundamentals of building businesses that donât change over time.â - Marianne Hudson, Executive Director at Angel Capital AssociationâRaising money is hard. But start-up founders all over the world can make it exponentially easier by educating themselves on the process of raising equity capital before they dive into it. The practical, hands-on advice from Alejandro Cremades in this book provides a solid foundation in that self-education process. Delivered in an approachable format with a key lesson to take-away every few pages, âThe Art of Startup Fundraisingâ is essential reading for entrepreneurs everywhere.â - Allen Taylor, Managing Director at Endeavor ...more"
05a61a3bd8ca4149,Playing with Fire,13.71,3,Mystery,In stock (11 available),"A beautiful violinist is haunted by a very old piece of music she finds in a strange antique shop in Rome.The first time Julia Ansdell picks up The Incendio Waltz, she knows itâs a strikingly unusual composition. But while playing the piece, Julia blacks out and awakens to find her young daughter implicated in acts of surprising violence. And when she travels to Venice to A beautiful violinist is haunted by a very old piece of music she finds in a strange antique shop in Rome.The first time Julia Ansdell picks up The Incendio Waltz, she knows itâs a strikingly unusual composition. But while playing the piece, Julia blacks out and awakens to find her young daughter implicated in acts of surprising violence. And when she travels to Venice to find the previous owner of the music, she uncovers a dark secret that involves dangerously powerful peopleâa family who would stop at nothing to keep Julia from bringing the truth to light. ...more"
b783ce08802cd1d1,Off the Hook (Fishing for Trouble #1),47.67,3,Romance,In stock (11 available),"Welcome to The Buoys, a West Coast haven where love comes in with the tide. Perfect for readers of Jill Shalvis and Susan Mallery, the Fishing for Trouble series features three unforgettable brothersâeach of whom is a great catch.Major league pitcher Liam O'Donnell knows his best days are probably behind him, but that doesn't mean he's ready to retire and become a fishing Welcome to The Buoys, a West Coast haven where love comes in with the tide. Perfect for readers of Jill Shalvis and Susan Mallery, the Fishing for Trouble series features three unforgettable brothersâeach of whom is a great catch.Major league pitcher Liam O'Donnell knows his best days are probably behind him, but that doesn't mean he's ready to retire and become a fishing guide. Still, after all the time he's spent chasing his dreams, he owes it to his brothers to pull his weight around the lodge. The Buoys is their father's legacy, and they can't let some developer take it from them. The one snag Liam isn't counting on is a blast from the past: his ex-wife.The moment Kate Hadley steps out of the seaplane, she knows this assignment is going to be trickier than she thought. She has to persuade the owners to sellâand one of them is Liam O'Donnell. Ten years ago, she made the biggest mistake of her life when she married Liam during a fling in Vegas. Now he's her only lifeline in the middle of nowhere. Kate's trying to keep things cool, but Liam just reminds her of the scorching few nights they spent togetherâand tempts her to make new memories that are just as steamy as the old. ...more"
28b2df9fadc9f07e,"Mother, Can You Not?",16.89,5,Nonfiction,In stock (11 available),"Based on the wildly popular Instagram account @CrazyJewishMom, Kate Siegel's essay collection about life with the woman who redefined the term ""helicopter mom"" There is nothing more wonderful than a motherâs love. There is also nothing more annoying. Who else can proudly insist that youâre perfect while simultaneously making you question every career, fashion, andrelation Based on the wildly popular Instagram account @CrazyJewishMom, Kate Siegel's essay collection about life with the woman who redefined the term ""helicopter mom"" Â  There is nothing more wonderful than a motherâs love. There is also nothing more annoying. Who else can proudly insist that youâre perfect while simultaneously making you question every career, fashion, andÂ relationshipÂ decision you have ever made? Â  No one understands the delicate mother-daughter dynamic better than Kate Siegelâher own mother drove her so crazy that she decided to broadcast their hilarious conversations on Instagram. Soon, hundreds of thousandsÂ of people were following their daily text exchanges, eager to see what outrageous thing Kateâs mom would do next. Now, inÂ Mother, Can You NOT?, Kate pays tribute to the woman who invented the concept of drone parenting.Â  From embarrassing moments (like crashing Kate's gynecological exams) to outrageous storiesÂ (like the time she made Kate steal a cat from the pound) toÂ hilarious celebrations (including but not limited to parties for Kate's menstrual cycles),Â Mother, Can you NOT?Â lovingly lampoons the lengths to which our mothers will go to better our lives (even if it feels like theyâre ruining them in the process). ...more"
20dc4f1ac5d4fd9c,Keep Me Posted,20.46,4,Womens Fiction,In stock (11 available),"Two sisters share the surprising highs and cringe-worthy lows of social media fame, when their most private thoughts become incredibly public in this fresh and funny debut novel. Sisters Cassie and Sid Sunday have not done a bang-up job of keeping in touch. In their defense, it hasnât been easy: life veered in sharply different directions for the once-close sisters. Today, Two sisters share the surprising highs and cringe-worthy lows of social media fame, when their most private thoughts become incredibly public in this fresh and funny debut novel. Sisters Cassie and Sid Sunday have not done a bang-up job of keeping in touch. In their defense, it hasnât been easy: life veered in sharply different directions for the once-close sisters. Today, beautiful and big-hearted Sid lives an expatâs life of leisure in far-off Singapore, while harried, iPhone-clutching Cassie canât seem to make it work as a wife and a mom to twin toddlers in Manhattan. Â  It doesn't help that Sid spurns all social media while Cassie is addicted to Facebook. So when Sid issues a challenge to reconnect the old-fashioned wayâthrough real, handwritten lettersâCassie figures, why not? Â  The experiment exceeds both of their expectations, and the letters become a kind of mutual confessional that have real and soul-satisfying effects. And they just might have the power to help Cassie save her marriage, and give Sid the strength to get her life back on track. Â  But first, one of Cassieâs infamous lapses in judgment comes back to bite her, and all of the letters wind up the one place youâd never, ever want to see them: the Internet... ...more"
b5953ca1f8a0b8d7,Grey (Fifty Shades #4),48.49,4,Womens Fiction,In stock (11 available),"See the world of Fifty Shades of Grey anew through the eyes of Christian Grey.In Christian's own words, and through his thoughts, reflections, and dreams, E L James offers a fresh perspective on the love story that has enthralled millions of readers around the world.Christian Grey exercises control in all things; his world is neat, disciplined, and utterly emptyâuntil the See the world of Fifty Shades of Grey anew through the eyes of Christian Grey.In Christian's own words, and through his thoughts, reflections, and dreams, E L James offers a fresh perspective on the love story that has enthralled millions of readers around the world.Christian Grey exercises control in all things; his world is neat, disciplined, and utterly emptyâuntil the day that Anastasia Steele falls into his office, in a tangle of shapely limbs and tumbling brown hair.Â He tries to forget her, but instead is swept up in a storm of emotion he cannot comprehend and cannot resist.Â Unlike any woman he has known before, shy, unworldly Ana seems to see right through himâpast the business prodigy and the penthouse lifestyle to Christianâs cold,Â wounded heart.Â Â Will being with Ana dispel the horrors of his childhood that haunt Christian every night? Or will his dark sexual desires, his compulsion to control, and the self-loathing that fills his soul drive this girl away and destroy the fragile hope she offers him?This book is intended for mature audiences. ...more"
f608c903c451f387,Daredevils,16.34,3,Fiction,In stock (11 available),"From the winner of 2014âs PEN Robert W. Bingham Prize, an unforgettable debut novel about Loretta, a teenager married off as a âsister wife,â who makes a break for freedomAt the heart of this exciting debut novel, set in Arizona and Idaho in the mid-1970s, is fifteen-year-old Loretta, who slips out of her bedroom every evening to meet her so-called gentile boyfriend. Her s From the winner of 2014âs PEN Robert W. Bingham Prize, an unforgettable debut novel about Loretta, a teenager married off as a âsister wife,â who makes a break for freedomÂ At the heart of this exciting debut novel, set in Arizona and Idaho in the mid-1970s, is fifteen-year-old Loretta, who slips out of her bedroom every evening to meet her so-called gentile boyfriend. Her strict Mormon parents catch her returning one night, and promptly marry her off to Dean Harder, a devout yet materialistic fundamentalist who already has a wife and a brood of kids. The Harders relocate to his native Idaho, where Deanâs teenage nephew Jason falls hard for Loretta. A Zeppelin and Tolkien fan, Jason worships Evel Knievel and longs to leave his close-minded community. He and Loretta make a break for it. They drive all night, stay in hotels, and relish their dizzying burst of teenage freedom as they seek to recover Deanâs cache of âMormon gold.â But someone Loretta left behind is on their trail...Â A riveting story of desire and escape, Daredevils boasts memorable set pieces and a rich cast of secondary characters. Thereâs Deanâs other wife, Ruth, who as a child in the 1950s was separated from her parents during the notorious Short Creek raid, when federal agents descended on a Mormon fundamentalist community. Thereâs Jasonâs best friend, Boyd, part Native American and caught up in the activist spirit of the time, who comes along for the ride, with disastrous results. And Vestalâs ultimate creation is a superbly sleazy chatterboxâa man who might or might not be Evel Knievel himselfâwho works his charms on Loretta at a casino in Elko, Nevada.A lifelong journalist whose Spokesman column is a fixture in Spokane, WA, Shawn has honed his fiction over many years, publishing in journals like McSweeney's and Tin House. His stunning first collection, Godforsaken Idaho, burrowed into history as it engaged with masculinity and crime, faith and apostasy, and the West that he knows so well. Daredevils shows what he can do on a broader canvas--a fascinating, wide-angle portrait of a time and place that's both a classic coming of age tale and a plunge into the myths of America, sacred and profane. ...more"
2587c54f5530dafc,Cravings: Recipes for What You Want to Eat,20.5,3,Food and Drink,In stock (11 available),"Though she is best known as a supermodel and Sports Illustrated swimsuit covergirl, all Chrissy Teigen really wants to do is talk about dinnerâthe good, the greasy, the good-for-you, and the goof-ups. Stylish but brash, witty and big-hearted, Chrissy cooks beautifully, but with the spirit of the amateur. In this book, she shows us how to make cooking part of a stylish life Though she is best known as a supermodel and Sports Illustrated swimsuit covergirl, all Chrissy Teigen really wants to do is talk about dinnerâthe good, the greasy, the good-for-you, and the goof-ups. Stylish but brash, witty and big-hearted, Chrissy cooks beautifully, but with the spirit of the amateur. In this book, she shows us how to make cooking part of a stylish lifestyle and how to look good doing itâ¦or at least how to laugh at ourselves if we donât.âThe thing that makes me happiest isnât when people stop me in the street to say they saw me in a magazine, but when they say they were inspired to cook because of what I posted on Instagram,â Chrissy Teigen says. Despite being a professional Beautiful Person, Teigen took cooking classes, runs a popular food blog, and loves connecting her fans with food through her widely followed Twitter and Instagram accounts. In this book, she brings her passion for cooking to the forefront. Through 100 recipes that range from her momâs Thai classics to her own creations and dishes taught to her by her chef friends, Chrissy will show us how easy it can be to make cooking accessible and fun. ...more"
816180220e8cb419,Born for This: How to Find the Work You Were Meant to Do,21.59,5,Business,In stock (11 available),"To the outside observer, it seems like theyâve won the career lotteryâthat by some stroke of luck or circumstance, theyâve found the one thing they love so much that it doesnât even feel like work, and theyâre getting paid well to do it. In reality, their good fortune has nothing to do with chance. Thereâs a method for finding your perfect job, and Chris Guillebeau, the be To the outside observer, it seems like theyâve won the career lotteryâthat by some stroke of luck or circumstance, theyâve found the one thing they love so much that it doesnât even feel like work, and theyâre getting paid well to do it. In reality, their good fortune has nothing to do with chance. Thereâs a method for finding your perfect job, and Chris Guillebeau, the bestselling author of The $100 Startup, has created a practical guide for how to do itâwhethe rwithin a traditional company or business, or by striking out on your own. Finding the work you were âborn to doâ isnât just about discovering your passion. Doing what brings you joy is great, but if you arenât earning a living, itâs a hobby, not a career. And those who jump out of bed excited to go to work every morning donât just have jobs that turn their passions into paychecks. They have jobs where they also can lose themselves for hours in the flow of meaningful work. This intersection of joy, money, and flow is what Guillebeau will help you find in this book. Through inspiring stories of those who have successfully landed their dream career, as well as actionable tools, exercises, and thought experiments, heâll guide you through todayâs vast menu of career options to discover the work perfectly suited to your unique interests, skills, and experiences.Youâll learn how to:â¢ Hack the job of your dreams within a traditional organization by making it work for youâ¢ Find not only your ideal work but also your ideal working conditionsâ¢ Create plans that will allow you to take smarter career risks and âbeat the houseâ every timeâ¢ Start a profitable âside hustleâ and earn extra cashÂ on top of your primary stream of incomeâ¢ Escape the prison of working for someone else and build a mini-empire as an entrepreneurâ¢ Become a rock star at any creative endeavor by creating a loyal base of fans and followersWhichever path you choose, this book will show you how to find that one job or career that feels so right, itâs like you were born to do it. ...more"
2c34f9432069b52b,Arena,21.36,4,Science Fiction,In stock (11 available),"A fast-paced and gripping near-future science fiction debut about the gritty world of competitive gaming...Every week, Kali Ling fights to the death on national TV. Sheâs died hundreds of times. And it never gets easier... The RAGE tournamentsâthe Virtual Gaming Leagueâs elite competition where the best gamers in the world compete in a no-holds-barred fight to the digital A fast-paced and gripping near-future science fiction debut about the gritty world of competitive gaming...Â Every week, Kali Ling fights to the death on national TV. Sheâs died hundreds of times. And it never gets easier...Â  The RAGE tournamentsâthe Virtual Gaming Leagueâs elite competition where the best gamers in the world compete in a no-holds-barred fight to the digital death. Every bloody kill is broadcast to millions. Every player is a modern gladiatorâleading a life of ultimate fame, responsible only for entertaining the masses. Â  And though their weapons and armor are digital, the pain is real. Â  Chosen to be the first female captain in RAGE tournament history, Kali Ling is at the top of the worldâuntil one of her teammates overdoses. Now, she must confront the truth about the tournament. Because it is much more than a gameâand even in the real world, not everything is as it seems. Â  The VGL hides dark secrets. And the only way to change the rules is to fight from the inside... ...more"
bb967277222e689c,Adultery,20.88,5,Default,In stock (11 available),"I want to change. I need to change. I'm gradually losing touch with myself. Adultery, the provocative new novel by Paulo Coelho, best-selling author of The Alchemist and Eleven Minutes, explores the question of what it means to live life fully and happily, finding the balance between life's routine and the desire for something new."
2b69dec0193511d9,A Mother's Reckoning: Living in the Aftermath of Tragedy,19.53,3,Nonfiction,In stock (11 available),"On April 20, 1999, Eric Harris and Dylan Klebold walked into Columbine High School in Littleton, Colorado. Over the course of minutes, they would kill twelve students and a teacher and wound twenty-four others before taking their own lives.For the last sixteen years, Sue Klebold, Dylanâs mother, has lived with the indescribable grief and shame of that day. How could her ch On April 20, 1999, Eric Harris and Dylan Klebold walked into Columbine High School in Littleton, Colorado. Over the course of minutes, they would kill twelve students and a teacher and wound twenty-four others before taking their own lives.Â For the last sixteen years, Sue Klebold, Dylanâs mother, has lived with the indescribable grief and shame of that day. How could her child, the promising young man she had loved and raised, be responsible for such horror? And how, as his mother, had she not known something was wrong? Were there subtle signs she had missed? What, if anything, could she have done differently?Â These are questions that Klebold has grappled with every day since the Columbine tragedy. InÂ A Motherâs Reckoning, she chronicles with unflinching honesty her journey as a mother trying to come to terms with the incomprehensible. In the hope that the insights and understanding she has gained may help other families recognize when a child is in distress, she tells her story in full, drawing upon her personal journals, the videos and writings that Dylan left behind, and on countless interviews with mental health experts.Â Filled with hard-won wisdom and compassion,Â A Motherâs ReckoningÂ is a powerful and haunting book that sheds light on one of the most pressing issues of our time. And with fresh wounds from the recent Newtown and Charleston shootings, never has the need for understanding been more urgent.Â Author profits from the book will be donated to research and to charitable foundations focusing on mental health issues ...more"
40c4bf520c17de54,A Gentleman's Position (Society of Gentlemen #3),14.75,5,Romance,In stock (11 available),"Power, privilege, and the rigid rules of class leave two hearts yearning for connection in the sizzling new Society of Gentlemen novel from K. J. Charles. Among his eccentric though strictly principled group of friends, Lord Richard Vane is the confidant on whom everyone depends for advice, moral rectitude, and discreet assistance. Yet when Richard has a problem, he turns Power, privilege, and the rigid rules of class leave two hearts yearning for connection in the sizzling new Society of Gentlemen novel from K. J. Charles.Â  Among his eccentric though strictly principled group of friends, Lord Richard Vane is the confidant on whom everyone depends for advice, moral rectitude, and discreet assistance. Yet when Richard has a problem, he turns to his valet, a fixer of unparalleled geniusâand the object of Richardâs deepest desires. If there is one rule a gentleman must follow, it is never to dally with servants. But when David is close enough to touch, the rules of class collide with the basest sort of animal instinct: overpowering lust. Â  For David Cyprian, burglary and blackmail are as much in a dayâs work as bootblackingâanything for the man heâs devoted to. But the one thing he wants for himself is the one thing Richard refuses to give: his heart. With the tension between them growing to be unbearable, Davidâs seemingly incorruptible master has left him no choice. Putting his finely honed skills of seduction and manipulation to good use, he will convince Richard to forget all about his well-meaning objections and give in to sweet, sinful temptation. Â Includes a special message from the editor, as well as an excerpt from another Loveswept title. ...more"
a9d7b75461084a26,11/22/63,48.48,3,Fiction,In stock (11 available),"Life can turn on a dimeâor stumble into the extraordinary, as it does for Jake Epping, a high school English teacher in Lisbon Falls, Maine. While grading essays by his GED students, Jake reads a gruesome, enthralling piece penned by janitor Harry Dunning: fifty years ago, Harry somehow survived his fatherâs sledgehammer slaughter of his entire family. Jake is blown away.. Life can turn on a dimeâor stumble into the extraordinary, as it does for Jake Epping, a high school English teacher in Lisbon Falls, Maine. While grading essays by his GED students, Jake reads a gruesome, enthralling piece penned by janitor Harry Dunning: fifty years ago, Harry somehow survived his fatherâs sledgehammer slaughter of his entire family. Jake is blown away...but an even more bizarre secret comes to light when Jakeâs friend Al, owner of the local diner, enlists Jake to take over the mission that has become his obsessionâto prevent the Kennedy assassination. How? By stepping through a portal in the dinerâs storeroom, and into the era of Ike and Elvis, of big American cars, sock hops, and cigarette smoke... Finding himself in warmhearted Jodie, Texas, Jake begins a new life. But all turns in the road lead to a troubled loner named Lee Harvey Oswald. The course of history is about to be rewritten...and become heart-stoppingly suspenseful. ...more"
96aa539bfd4c07e2,10-Day Green Smoothie Cleanse: Lose Up to 15 Pounds in 10 Days!,49.71,5,Health,In stock (10 available),"The 10-Day Green Smoothie Cleanse will jump-start your weight loss, increase your energy level, clear your mind, and improve your overall health. Made up of supernutrients from leafy greens and fruits, green smoothies are filling and healthy and you will enjoy drinking them. Your body will also thank you for drinking them as your health and energy improve to levels you nev The 10-Day Green Smoothie Cleanse will jump-start your weight loss, increase your energy level, clear your mind, and improve your overall health. Made up of supernutrients from leafy greens and fruits, green smoothies are filling and healthy and you will enjoy drinking them. Your body will also thank you for drinking them as your health and energy improve to levels you never thought possible. In ten days, you can expect to lose weight, reduce cravings, clear your mind, and improve digestion. It is an experience that could change your life if you stick with it! This book provides a shopping list, recipes, and detailed instructions for the 10-day cleanse, along with suggestions for getting the best results. It also offers advice on how to continue to lose weight and maintain good health afterwards. Are you ready to look slimmer, healthier, and sexier than you have in years? Then get ready to begin the 10-Day Green Smoothie Cleanse! If you successfully complete the 10-Day Green Smoothie Cleanse, you willâ¦ - Lose 10â15 pounds in 10 days - Get rid of stubborn body fat, including belly fat - Drop pounds and inches fast, without grueling workouts - Learn to live a healthier lifestyle of detoxing and healthy eating - Help your body naturally crave healthy foods so you never have to diet again - Receive over 100 green smoothie recipes for various health conditions and goals JJ Smith is the author of the #1 national bestseller and USA Today bestseller Lose Weight Without Dieting or Working Out! JJ Smith is a nutritionist and certified weight-loss expert who has been featured on The Steve Harvey Show, The Montel Williams Show, and The Jamie Foxx Show and on the NBC, FOX, and CW Network television stations, as well as in the pages of Glamour, Essence, and Ladies Home Journal. Since reclaiming her health, losing weight, and discovering a âsecond youthâ in her forties, JJ has become the voice of inspiration to those who want to lose weight, be healthy, and get their sexy back! ...more"
ab60e6f5a63e1cfb,Without Shame,48.27,5,Add a comment,In stock (9 available),"East Pakistan, 1968: In Sariyahâs village, shame is a virtue she never mastered. As a child, she learned to read in secret, kept talismans against her fatherâs orders, and questioned everything, even Allah. Now she is practicing how to be a âwoman with shame,â torn between promises to her family and to herself. She yearns to join a movement with her fellow Bengalis, who ar East Pakistan, 1968: In Sariyahâs village, shame is a virtue she never mastered. As a child, she learned to read in secret, kept talismans against her fatherâs orders, and questioned everything, even Allah. Now she is practicing how to be a âwoman with shame,â torn between promises to her family and to herself. She yearns to join a movement with her fellow Bengalis, who are gripping onto their language and cultural identity against colonial powers â but she is continuously sucked into the narrow visions of her father.In the midst of a desperate movement for Bengali freedom, a presumptuous American has come to teach English. Rodney Creed - self-interested, naive, entitled - comes with the bright optimism of a college graduate, too eager to sense the rumbling ground beneath him...until he meets Sariyah. Rodney believes he is there to teach, but he will learn painful, irreversible things.Without Shame is a love story at its core â but not in the traditional sense. Itâs about love of oneâs country, culture, God, and language. Itâs about the power of identity to shine through when other forces threaten to overshadow it. ...more"
4b50fb1359ebf35d,The New Brand You: Your New Image Makes the Sale for You,44.05,5,Default,In stock (9 available),"You want people to recognize you, like you, and trust you, so they buy from you. You may have already branded yourself with this in mind but perhaps youâre not getting the desired results. Many people think that branding is about cool logos, fancy websites and social media popularity. But this line of thought causes potential successes to fail.So what does work? In The New You want people to recognize you, like you, and trust you, so they buy from you. You may have already branded yourself with this in mind but perhaps youâre not getting the desired results. Many people think that branding is about cool logos, fancy websites and social media popularity. But this line of thought causes potential successes to fail.So what does work? In The New Brand You, Julie Broad, MBA, bestselling author, popular speaker, and award winning entrepreneur, shares the secrets of creating a trusted brand.Youâll learn what is critical in reinventing your personal brand, and why you may never have to tweet, pin or post to do it. Did you know that â¦?â¢ Your brand is first of all about the feelings, thoughts and experiences of your customers and clients.â¢ There are at least 42 common communication mistakes that dilute your message, and only two things you have to do to have a brand with big impact.â¢ Online, you are who Google says you are â¦The New Brand You is your detailed guidebook to successfully recreating your brand and attracting your ideal clients. ...more"
65cfc9f242c2984a,"The Moosewood Cookbook: Recipes from Moosewood Restaurant, Ithaca, New York",12.34,4,Food and Drink,In stock (9 available),"Among the most influential cookbooks of our time, the Moosewood Cookbook is such a powerful symbol that the publishers were tempted not to tamper with it. But times have changed, and knowledge about the foods we eat and their nutritional value has increased. So, after many inquiries and requests, the author has revised many of her recipes to be lighter and healthier. Illus Among the most influential cookbooks of our time, the Moosewood Cookbook is such a powerful symbol that the publishers were tempted not to tamper with it. But times have changed, and knowledge about the foods we eat and their nutritional value has increased. So, after many inquiries and requests, the author has revised many of her recipes to be lighter and healthier. Illustrated. ...more"
3f25a2fedae191cc,The Book of Mormon,24.57,3,Religion,In stock (9 available),"The Book of Mormon is a volume of scripture comparable to the Bible. It is a record of God's dealings with the ancient inhabitants of the Americas and contains, as does the Bible, the fullness of the everlasting gospel.The book was written by many ancient prophets by the spirit of prophecy and revelation. Their words, written on gold plates, were quoted and abridged by a p The Book of Mormon is a volume of scripture comparable to the Bible. It is a record of God's dealings with the ancient inhabitants of the Americas and contains, as does the Bible, the fullness of the everlasting gospel.The book was written by many ancient prophets by the spirit of prophecy and revelation. Their words, written on gold plates, were quoted and abridged by a prophet-historian named Mormon. The record gives an account of two great civilizations. One came from Jerusalem in 600 B.C., and afterward separated into two nations, known as the Nephites and the Lamanites. The other came much earlier when the Lord confounded the tongues at the Tower of Babel. This group is known as the Jaredites. After thousands of years, all were destroyed except the Lamanites, and they are among the ancestors of the American Indians. The crowning event recorded in the Book of Mormon is the personal ministry of the Lord Jesus Christ among the Nephites soon after his resurrection. It puts forth the doctrines of the gospel, outlines the plan of salvation, and tells men what they must do to gain peace in this life and eternal salvation in the life to come. After Mormon completed his writings, he delivered the account to his son Moroni, who added a few words of his own and hid up the plates in the hill Cumorah. On September 21, 1823, the same Moroni, then a glorified, resurrected being, appeared to the Prophet Joseph Smith and instructed him relative to the ancient record and its destined translation into the English language. In due course the plates were delivered to Joseph Smith, who translated them by the gift and power of God. The record is now published in many languages as a new and additional witness that Jesus Christ is the Son of the living God and that all who will come unto him and obey the laws and ordinances of his gospel may be saved. Concerning this record the Prophet Joseph Smith said: ""I told the brethren that the Book of Mormon was the most correct of any book on earth, and the keystone of our religion, and a man would get nearer to God by abiding by its precepts, than by any other book."" In addition to Joseph Smith, the Lord provided for eleven others to see the gold plates for themselves and to be special witnesses of the truth and divinity of the Book of Mormon. Their written testimonies are included herewith as ""The Testimony of Three Witnesses"" and ""The Testimony of Eight Witnesses."" We invite all men everywhere to read the Book of Mormon, to ponder in their hearts the message it contains, and the to ask God, the Eternal Father, in the name of Christ if the book is true. Those who pursue this course and ask in faith will gain a testimony of its truth and divinity by the power of the Holy Ghost. (See Moroni 10:3-5.) ...more"
ee6c67859d70186b,"NaNo What Now? Finding your editing process, revising your NaNoWriMo book and building a writing career through publishing and beyond",10.41,4,Default,In stock (9 available),"Youâve just completed a novel during the National Novel Writing Month challenge! Or maybe you completed part of one. Or signed up with really good intentions and then only wrote a couple of words. Either way, youâre staring at 30 days worth of words and wonderingâ¦ What now? How exactly do you start a revision and discover your editing process? How do you know if youâre rea Youâve just completed a novel during the National Novel Writing Month challenge! Or maybe you completed part of one. Or signed up with really good intentions and then only wrote a couple of words. Either way, youâre staring at 30 days worth of words and wonderingâ¦ What now? How exactly do you start a revision and discover your editing process? How do you know if youâre ready to hire an editor? How do you motivate yourself when faced with draft dread or editing blocks? How can you translate what youâve accomplished so far into a professional writing career? From tips for finding beta readers, exploration of traditional vs. self-publishing, and strategies to motivate yourself to keep writing regularly post-NaNoWriMo, NaNo What Now? is a quick and easy-to-read unofficial guide to the next steps. In a sea of general writing advice, NaNo ML and multi-year veteran Hillary DePiano offers practical and specific solutions tailored to the unique nature of the NaNoWriMo challenge and holds your hand through the rest of the journey. Itâs time to finish what you started and make your book the best it can be. ...more"
97187f5cf0385da3,"Fruits Basket, Vol. 9 (Fruits Basket #9)",33.95,4,Sequential Art,In stock (9 available),"Finally - summer has arrived! While Tohru struggles through bipolar days of hope and anxiety, what will happen when Yuki comes face-to-face with the new member of the student council? Meanwhile, who is that Uo-chan's hanging out with? Is she c-r-a-z-y in love? In a bonus feature, Hana-chan's past is finally disclosed!"
7e9068872228c474,Dress Your Family in Corduroy and Denim,43.68,3,Humor,In stock (9 available),"David Sedaris returns to his deliriously twisted domain: hilarious childhood dramas infused with melancholy; the gulf of misunderstanding that exists between people of different nations or members of the same family; and the poignant divide between one's best hopes and most common deeds. The family characters his readers love are all here, as well as the unique terrain the David Sedaris returns to his deliriously twisted domain: hilarious childhood dramas infused with melancholy; the gulf of misunderstanding that exists between people of different nations or members of the same family; and the poignant divide between one's best hopes and most common deeds. The family characters his readers love are all here, as well as the unique terrain they inhabit, strewn with comic landmines. 'The Rooster' is back, and getting married in the funniest wedding ever described. David attends a slumber party and gets the upper hand in a unique version of strip poker. 'Rubber or plastic?' The strangest questions can tear people apart. A skinny guy from Spain, wearing a bishop's hat and accompanied by six to eight men, invades your house and pretends to kick you. Is this any way to spend Christmas? With this new book, Sedaris's prose reaches breathtaking new heights and marks off a territory that is unmistakably his own. Read it and weep tears of humane laughter. ...more"
d6d9ffea95f2f8bf,Art and Fear: Observations on the Perils (and Rewards) of Artmaking,48.63,4,Art,In stock (9 available),"""This is a book about making art. Ordinary art. Ordinary art means something like: all art not made by Mozart. After all, art is rarely made by Mozart-like people; essentiallyâstatistically speakingâthere aren't any people like that. Geniuses get made once-a-century or so, yet good art gets made all the time, so to equate the making of art with the workings of genius remov ""This is a book about making art. Ordinary art. Ordinary art means something like: all art not made by Mozart. After all, art is rarely made by Mozart-like people; essentiallyâstatistically speakingâthere aren't any people like that. Geniuses get made once-a-century or so, yet good art gets made all the time, so to equate the making of art with the workings of genius removes this intimately human activity to a strangely unreachable and unknowable place. For all practical purposes making art can be examined in great detail without ever getting entangled in the very remote problems of genius.""â-from the IntroductionArt & Fear explores the way art gets made, the reasons it often doesn't get made, and the nature of the difficulties that cause so many artists to give up along the way. The book's co-authors, David Bayles and Ted Orland, are themselves both working artists, grappling daily with the problems of making art in the real world. Their insights and observations, drawn from personal experience, provide an incisive view into the world of art as it is expeienced by artmakers themselves.This is not your typical self-help book. This is a book written by artists, for artists -â it's about what it feels like when artists sit down at their easel or keyboard, in their studio or performance space, trying to do the work they need to do. First published in 1994, Art & Fear quickly became an underground classic. Word-of-mouth response aloneânow enhanced by internet postingâhas placed it among the best-selling books on artmaking and creativity nationally.Art & Fear has attracted a remarkably diverse audience, ranging from beginning to accomplished artists in every medium, and including an exceptional concentration among students and teachers. The original Capra Press edition of Art & Fear sold 80,000 copies.An excerpt:Today, more than it was however many years ago, art is hard because you have to keep after it so consistently. On so many different fronts. For so little external reward. Artists become veteran artists only by making peace not just with themselves, but with a huge range of issues. You have to find your work... ...more"
e77033ce559947f7,"Zero to One: Notes on Startups, or How to Build the Future",34.06,3,Nonfiction,In stock (8 available),"If you want to build a better future, you must believe in secrets.The great secret of our time is that there are still uncharted frontiers to explore and new inventions to create. In Zero to One , legendary entrepreneur and investor Peter Thiel shows how we can find singular ways to create those new things. Thiel begins with the contrarian premise that we live in an age o If you want to build a better future, you must believe in secrets.The great secret of our time is that there are still uncharted frontiers to explore and new inventions to create. In Zero to One , legendary entrepreneur and investor Peter Thiel shows how we can find singular ways to create those new things. Thiel begins with the contrarian premise that we live in an age of technological stagnation, even if weâre too distracted by shiny mobile devices to notice. Information technology has improved rapidly, but there is no reason why progress should be limited to computers or Silicon Valley. Progress can be achieved in any industry or area of business. It comes from the most important skill that every leader must master: learning to think for yourself.Doing what someone else already knows how to do takes the world from 1 to n, adding more of something familiar. But when you do something new, you go from 0 to 1. The next Bill Gates will not build an operating system. The next Larry Page or Sergey Brin wonât make a search engine. Tomorrowâs champions will not win by competing ruthlessly in todayâs marketplace. They will escape competition altogether, because their businesses will be unique. Zero to One presents at once an optimistic view of the future of progress in America and a new way of thinking about innovation: it starts by learning to ask the questions that lead you to find value in unexpected places. ...more"
e0bdd79c7304ee8d,The Unlikely Pilgrimage of Harold Fry (Harold Fry #1),43.62,5,Default,In stock (8 available),"Harold Fry is convinced that he must deliver a letter to an old friend in order to save her, meeting various characters along the way and reminiscing about the events of his past and people he has known, as he tries to find peace and acceptance.Recently retired, sweet, emotionally numb Harold Fry is jolted out of his passivity by a letter from Queenie Hennessy, an old frie Harold Fry is convinced that he must deliver a letter to an old friend in order to save her, meeting various characters along the way and reminiscing about the events of his past and people he has known, as he tries to find peace and acceptance.Recently retired, sweet, emotionally numb Harold Fry is jolted out of his passivity by a letter from Queenie Hennessy, an old friend, who he hasn't heard from in twenty years. She has written to say she is in hospice and wanted to say goodbye. Leaving his tense, bitter wife Maureen to her chores, Harold intends a quick walk to the corner mailbox to post his reply but instead, inspired by a chance encounter, he becomes convinced he must deliver his message in person to Queenie--who is 600 miles away--because as long as he keeps walking, Harold believes that Queenie will not die. So without hiking boots, rain gear, map or cell phone, one of the most endearing characters in current fiction begins his unlikely pilgrimage across the English countryside. Along the way, strangers stir up memories--flashbacks, often painful, from when his marriage was filled with promise and then not, of his inadequacy as a father, and of his shortcomings as a husband. Ironically, his wife Maureen, shocked by her husband's sudden absence, begins to long for his presence. Is it possible for Harold and Maureen to bridge the distance between them? And will Queenie be alive to see Harold arrive at her door? ...more"
3eec766dda26fa64,The New Drawing on the Right Side of the Brain,43.02,3,Art,In stock (8 available),"When Drawing on the Right Side of the Brain was first published in 1979, it hit the New York Times bestseller list within two weeks and stayed there for more than a year. In 1989, when Dr. Betty Edwards revised the book, it went straight to the Times list again. Now Dr. Edwards celebrates the twentieth anniversary of her classic book with a second revised edition.Over the When Drawing on the Right Side of the Brain was first published in 1979, it hit the New York Times bestseller list within two weeks and stayed there for more than a year. In 1989, when Dr. Betty Edwards revised the book, it went straight to the Times list again. Now Dr. Edwards celebrates the twentieth anniversary of her classic book with a second revised edition.Over the last decade, Dr. Edwards has refined her material through teaching hundreds of workshops and seminars. Truly The New Drawing on the Right Side of the Brain, this edition includes:the very latest developments in brain researchnew material on using drawing techniques in the corporate world and in educationinstruction on self-expression through drawingan updated section on using colordetailed information on using the five basic skills of drawing for problem solving ...more"
5a0d2e9284004266,"The Midnight Assassin: Panic, Scandal, and the Hunt for America's First Serial Killer",28.45,4,Nonfiction,In stock (8 available),"A sweeping narrative history of a terrifying serial killer--America's first--who stalked Austin, Texas in 1885In the late 1800s, the city of Austin, Texas was on the cusp of emerging from an isolated western outpost into a truly cosmopolitan metropolis. But beginning in December 1884, Austin was terrorized by someone equally as vicious and, in some ways, far more diabolica A sweeping narrative history of a terrifying serial killer--America's first--who stalked Austin, Texas in 1885In the late 1800s, the city of Austin, Texas was on the cusp of emerging from an isolated western outpost into a truly cosmopolitan metropolis. But beginning in December 1884, Austin was terrorized by someone equally as vicious and, in some ways, far more diabolical than London's infamous Jack the Ripper. For almost exactly one year, the Midnight Assassin crisscrossed the entire city, striking on moonlit nights, using axes, knives, and long steel rods to rip apart women from every race and class. At the time the concept of a serial killer was unthinkable, but the murders continued, the killer became more brazen, and the citizens' panic reached a fever pitch.Before it was all over, at least a dozen men would be arrested in connection with the murders, and the crimes would expose what a newspaper described as ""the most extensive and profound scandal ever known in Austin."" And yes, when Jack the Ripper began his attacks in 1888, London police investigators did wonder if the killer from Austin had crossed the ocean to terrorize their own city.With vivid historical detail and novelistic flair, Texas Monthly journalist Skip Hollandsworth brings this terrifying saga to life. ...more"
a2475a245c9907c4,Smarter Faster Better: The Secrets of Being Productive in Life and Business,38.89,5,Nonfiction,In stock (8 available),"A new book that explores the science of productivity, and why, in todayâs world, managing how you thinkârather than what you thinkâcan transform your life."
bee6e93e9976f4fa,Shadows of the Past (Logan Point #1),39.67,5,Christian Fiction,In stock (8 available),"Psychology professor and criminal profiler Taylor Martin prides herself on being able to solve any crime, except the one she wants most desperately to solve--the disappearance of her father twenty years ago. When she finally has a lead on his whereabouts, Taylor returns home to Logan Point, Mississippi, to investigate. But as she is stalking the truth about the past, someo Psychology professor and criminal profiler Taylor Martin prides herself on being able to solve any crime, except the one she wants most desperately to solve--the disappearance of her father twenty years ago. When she finally has a lead on his whereabouts, Taylor returns home to Logan Point, Mississippi, to investigate. But as she is stalking the truth about the past, someone is stalking her.Nick Sinclair pens mystery novels for a living, but the biggest mystery to him is how he can ever get over the death of his wife--a tragedy he believes he could have prevented. With his estranged brother the only family he has left, Nick sets out to find him. But when he crosses paths with Taylor, all he seems to find is trouble. ...more"
aeb51dfbe8aeec59,Roller Girl,14.1,5,Sequential Art,In stock (8 available),"For fans of Raina Telgemeierâs Smile, a heartwarming graphic novel about friendship and surviving junior high through the power of roller derby. Twelve-year-old Astrid has always done everything with her best friend Nicole. So when Astrid signs up for roller derby camp, she assumes Nicole will too. But Nicole signs up for dance camp with a new friend instead, and so begins For fans of Raina Telgemeierâs Smile, a heartwarming graphic novel about friendship and surviving junior high through the power of roller derby. Twelve-year-old Astrid has always done everything with her best friend Nicole. So when Astrid signs up for roller derby camp, she assumes Nicole will too. But Nicole signs up for dance camp with a new friend instead, and so begins the toughest summer of Astrid's life. There are bumps and bruises as Astrid learns who she is without Nicole...and what it takes to be a strong, tough roller girl. ...more"
52fc458ffc756faf,Rising Strong,21.82,3,Nonfiction,In stock (8 available),"The physics of vulnerability is simple: If we are brave enough often enough, we will fall. The author of the #1 New York Times bestsellers Daring Greatly and The Gifts of Imperfection tells us what it takes to get back up, and how owning our stories of disappointment, failure, and heartbreak gives us the power to write a daring new ending. Struggle, BrenÃ© Brown writes, can The physics of vulnerability is simple: If we are brave enough often enough, we will fall. The author of the #1 New York Times bestsellers Daring Greatly and The Gifts of Imperfection tells us what it takes to get back up, and how owning our stories of disappointment, failure, and heartbreak gives us the power to write a daring new ending. Struggle, BrenÃ© Brown writes, can be our greatest call to courage, and rising strong our clearest path to deeper meaning, wisdom, and hope. ...more"
4a823d80aa30dbb0,Please Kill Me: The Uncensored Oral History of Punk,31.19,4,Music,In stock (8 available),"A Time Out and Daily News Top Ten Book of the Year upon its initial release, Please Kill Me is the first oral history of the most nihilist of all pop movements. Iggy Pop, Danny Fields, Dee Dee and Joey Ramone, Malcom McLaren, Jim Carroll, and scores of other famous and infamous punk figures lend their voices to this definitive account of that outrageous, explosive era. Fro A Time Out and Daily News Top Ten Book of the Year upon its initial release, Please Kill Me is the first oral history of the most nihilist of all pop movements. Iggy Pop, Danny Fields, Dee Dee and Joey Ramone, Malcom McLaren, Jim Carroll, and scores of other famous and infamous punk figures lend their voices to this definitive account of that outrageous, explosive era. From its origins in the twilight years of Andy Warholâs New York reign to its last gasps as eighties corporate rock, the phenomenon known as punk is scrutinized, eulogized, and idealized by the people who were there and who made it happen. ...more"
9a7291b89bd5445c,My Life Next Door (My Life Next Door ),36.39,5,Young Adult,In stock (8 available),"""One thing my mother never knew, and would disapprove of most of all, was that I watched the Garretts. All the time.""The Garretts are everything the Reeds are not. Loud, messy, affectionate. And every day from her rooftop perch, Samantha Reed wishes she was one of them . . . until one summer evening, Jase Garrett climbs up next to her and changes everything.As the two fall ""One thing my mother never knew, and would disapprove of most of all, was that I watched the Garretts. All the time.""The Garretts are everything the Reeds are not. Loud, messy, affectionate. And every day from her rooftop perch, Samantha Reed wishes she was one of them . . . until one summer evening, Jase Garrett climbs up next to her and changes everything.As the two fall fiercely for each other, stumbling through the awkwardness and awesomeness of first love, Jase's family embraces Samantha - even as she keeps him a secret from her own. Then something unthinkable happens, and the bottom drops out of Samantha's world. She's suddenly faced with an impossible decision. Which perfect family will save her? Or is it time she saved herself?A transporting debut about family, friendship, first romance, and how to be true to one person you love without betraying another. ...more"
4729afff3bea0f0a,Man's Search for Meaning,29.48,3,Nonfiction,In stock (8 available),"Psychiatrist Viktor Frankl's memoir has riveted generations of readers with its descriptions of life in Nazi death camps and its lessons for spiritual survival. Between 1942 and 1945, Frankl labored in four different camps, including Auschwitz, while his parents, brother, and pregnant wife perished. Based on his own experience and the experiences of others he treated later Psychiatrist Viktor Frankl's memoir has riveted generations of readers with its descriptions of life in Nazi death camps and its lessons for spiritual survival. Between 1942 and 1945, Frankl labored in four different camps, including Auschwitz, while his parents, brother, and pregnant wife perished. Based on his own experience and the experiences of others he treated later in his practice, Frankl argues that we cannot avoid suffering, but we can choose how to cope with it, find meaning in it, and move forward with renewed purpose. Frankl's theory--known as logotherapy, from the Greek word logos (""meaning"")--holds that our primary drive in life is not pleasure, as Freud maintained, but the discovery and pursuit of what we personally find meaningful.At the time of Frankl's death in 1997, Man's Search for Meaning had sold more than 10 million copies in twenty-four languages. A 1991 reader survey for the Library of Congress that asked readers to name a ""book that made a difference in your life"" found Man's Search for Meaning among the ten most influential books in America. ...more"
044534b0b28b4e87,Living Forward: A Proven Plan to Stop Drifting and Get the Life You Want,12.55,3,Nonfiction,In stock (8 available),"Each of us has but one life to live on this earth. What we do with it is our choice. Are we drifting through it as spectators, reacting to our circumstances when necessary and wondering just how we got to this point anyway? Or are we directing it, maximizing the joy and potential of every day, living with a purpose or mission in mind? Too many of us are doing the former--a Each of us has but one life to live on this earth. What we do with it is our choice. Are we drifting through it as spectators, reacting to our circumstances when necessary and wondering just how we got to this point anyway? Or are we directing it, maximizing the joy and potential of every day, living with a purpose or mission in mind? Too many of us are doing the former--and our lives are slipping away one day at a time. But what if we treated life like the gift that it is? What if we lived each day as though it were part of a bigger picture, a ""plan""? That's what ""New York Times ""bestselling author Michael Hyatt and executive coach Daniel Harkavy show us how to do: to design a life with the end in mind, determining in advance the outcomes we desire and path to get there. In this step-by-step guide, they share proven principles that help readers create a simple but effective life plan so that they can get from where they are now to where they really want to be--in every area of life. ...more"
c44c5e1425475206,Les Fleurs du Mal,29.04,5,Poetry,In stock (8 available),Presents the first American translation of the complete text of Baudelaire's 1857 masterwork and includes the complete original French texts for easy comparison.
39eefec3a8498dde,Kill 'Em and Leave: Searching for James Brown and the American Soul,45.05,5,Music,In stock (8 available),"National Book Award winner James McBride goes in search of the ârealâ James Brown after receiving a tip that promises to uncover the man behind the myth. His surprising journey illuminates not only our understanding of this immensely troubled, misunderstood, and complicated soul genius but the ways in which our cultural heritage has been shaped by Brownâs legacy. Kill âEm National Book Award winner James McBride goes in search of the ârealâ James Brown after receiving a tip that promises to uncover the man behind the myth. His surprising journey illuminates not only our understanding of this immensely troubled, misunderstood, and complicated soul genius but the ways in which our cultural heritage has been shaped by Brownâs legacy. Â Kill âEm and Leave is more than a book about James Brown. Brownâs rough-and-tumble life, through McBrideâs lens, is an unsettling metaphor for American life: the tension between North and South, black and white, rich and poor. McBrideâs travels take him to forgotten corners of Brownâs never-before-revealed history: the country town where Brownâs family and thousands of others were displaced by Americaâs largest nuclear power bomb-making facility; a South Carolina field where a long-forgotten cousin recounts, in the dead of night, a fuller history of Brownâs sharecropping childhood, which until now has been a mystery. McBride seeks out the American expatriate in England who co-created the James Brown sound, visits the trusted right-hand manager who worked with Brown for forty-one years, and interviews Brownâs most influential nonmusical creation, his âadopted son,â the Reverend Al Sharpton. He describes the stirring visit of Michael Jackson to the Augusta, Georgia, funeral home where the King of Pop sat up all night with the body of his musical godfather, spends hours talking with Brownâs first wife, and lays bare the Dickensian legal contest over James Brownâs estate, a fight that has consumed careers; prevented any money from reaching the poor schoolchildren in Georgia and South Carolina, as instructed in his will; cost Brownâs estate millions in legal fees; and left James Brownâs body to lie for more than eight years in a gilded coffin in his daughterâs yard in South Carolina. Â  James McBride is one of the most distinctive and electric literary voices in America today, andÂ part of the pleasure of his narrative is being in his presence, coming to understand Brown through McBrideâs own insights as a black musician with Southern roots.Â Kill âEm and Leave is a song unearthing and celebrating James Brownâs great legacy: the cultural landscape of America today.Praise for Kill âEm and Leave âThe definitive look at one of the greatest, most important entertainers, The Godfather, Da Number One Soul Brother, Mr. Please, Please HimselfâJAMES BROWN.ââSpike Lee âPlease, please, please: Can anybody tell us who and what was James Brown? At last, the real deal: James McBride on James Brown is the matchup weâve been waiting for, a musician who came up hard in Brooklyn with JB hooks lodged in his brain, a monster ear for the truth, and the chops to write it. This is no celeb bio but a compelling personal questâso very timely, angry, hilarious, and as irresistible as any James Brown beat.ââGerri Hirshey, author of Nowhere to Run: The Story of Soul Music âAn unconventional and fascinating portrait of Soul Brother No. 1 and the significance of his rise and fall in American culture.â âKirkus Reviews ...more"
bd26e8a79a856c31,John Vassos: Industrial Design for Modern Life,20.22,4,Default,In stock (8 available),"What should a television look like? How should a dial on a radio feel to the touch? These were questions John Vassos asked when the Radio Corporation of America (RCA) asked him to design the first mass-produced television receiver, the TRK-12, which had its spectacular premier at the 1939 New York Worldâs Fair. Vassos emigrated from Greece and arrived in the United States What should a television look like? How should a dial on a radio feel to the touch? These were questions John Vassos asked when the Radio Corporation of America (RCA) asked him to design the first mass-produced television receiver, the TRK-12, which had its spectacular premier at the 1939 New York Worldâs Fair. Vassos emigrated from Greece and arrived in the United States in 1918. His career spans the evolution of central forms of mass media in the twentieth century and offers a template for understanding their success. This is Vassosâs legacyâshaping the way we interact with our media technologies. Other industrial designers may be more celebrated, but none were more focused on making radio and television attractive and accessible to millions of Americans.In John Vassos: Industrial Design for Modern Life, Danielle Shapiro is the first to examine the life and work of RCAâs key consultant designer through the rise of radio and television and into the computer era. Vassos conceived a vision for the look of new technologies still with us today. A founder of the Industrial Designers Society of America, he was instrumental in the development of a self-conscious industrial design profession during the late 1920s and 1930s and into the postwar period. Drawing on unpublished records and correspondence, Shapiro creates a portrait of a designer whose early artistic work in books like Phobia and Contempo critiqued the commercialization of modern life but whose later design work sought to accommodate it.Replete with rich behind-the-product stories of Americaâs design culture in the 1930s through the 1950s, this volume also chronicles the emergence of what was to become the nationâs largest media company and provides a fascinating glimpse into its early corporate culture. In our current era of watching TV on an iPod or a smartphone, Shapiro stimulates broad discussions of the meaning of technological design for mass media in daily life. ...more"
0bfdef63285d3019,Hystopia: A Novel,21.96,4,Fiction,In stock (8 available),"By the early 1970s, President John F. Kennedy has survived several assassination attempts and--martyred, heroic--is now in his third term. Twenty-two-year-old Eugene Allen returns home from his tour of duty in Vietnam and begins to write a war novel--a book echoing Catch-22 and Slaughterhouse-Five--about veterans who have their battlefield experiences ""enfolded,"" wiped fro By the early 1970s, President John F. Kennedy has survived several assassination attempts and--martyred, heroic--is now in his third term. Twenty-two-year-old Eugene Allen returns home from his tour of duty in Vietnam and begins to write a war novel--a book echoing Catch-22 and Slaughterhouse-Five--about veterans who have their battlefield experiences ""enfolded,"" wiped from their memories through drugs and therapy. In Eugene's fictive universe, veterans too damaged to be enfolded stalk the American heartland, reenacting atrocities on civilians and evading the Psych Corps, a federal agency dedicated to upholding the mental hygiene of the nation by any means necessary.This alternative America, in which a veteran tries to reimagine a damaged world, is the subject of Hystopia, the long-awaited first novel by David Means. The critic James Wood has written that Means's language ""offers an exquisitely precise and sensuous register of an often crazy American reality."" Means brings this talent to bear on the national trauma of the Vietnam era in a work that is outlandish, ruefully funny, and shockingly violent. Written in conversation with some of the greatest war narratives from the Iliad to the Rolling Stones' ""Gimme Shelter,"" Hystopia is a unique and visionary novel. ...more"
8a150fd8ff5d7686,History of Beauty,10.29,4,Art,In stock (8 available),"Now in paperback, Umberto Ecoâs groundbreaking and much-acclaimed first illustrated book has been a critical success since its first publication in 2004. What is beauty? Umberto Eco, among Italyâs finest and most important contemporary thinkers, explores the nature, the meaning, and the very history of the idea of beauty in Western culture. The profound and subtle text is Now in paperback, Umberto Ecoâs groundbreaking and much-acclaimed first illustrated book has been a critical success since its first publication in 2004. What is beauty? Umberto Eco, among Italyâs finest and most important contemporary thinkers, explores the nature, the meaning, and the very history of the idea of beauty in Western culture. The profound and subtle text is lavishly illustrated with abundant examples of sublime painting and sculpture and lengthy quotations from writers and philosophers. This is the first paperback edition of History of Beauty, making this intellectual and philosophical journey with one of the worldâs most acclaimed thinkers available in a more compact and affordable format.From the Trade Paperback edition ...more"
4dbd54d9e36c9566,Death by Leisure: A Cautionary Tale,37.51,4,Default,In stock (8 available),"The hilariously intrepid young author of War Reporting for Cowards returns from Iraq only to dive head-first into another absurd, terrifying world: the American leisure class. Like Hunter Thompson crossed with one of David Brooksâs bobos in paradise, Ayres embeds himself in LAâs âliesuretocracyâ: an over-the-top world of caviar facials, billionaire charity balls, souped-up The hilariously intrepid young author of War Reporting for Cowards returns from Iraq only to dive head-first into another absurd, terrifying world: the American leisure class. Like Hunter Thompson crossed with one of David Brooksâs bobos in paradise, Ayres embeds himself in LAâs âliesuretocracyâ: an over-the-top world of caviar facials, billionaire charity balls, souped-up SUVs, and monster home loans . . . not to mention $1,000-a-night brothels and million-dollar poker tournaments. Ayresâs highly leveraged lifestyle lands him a surreal night with a supermodel, a date at Michael Jacksonâs birthday party in Neverland Ranch (Ayres bribes the organizers five grand to get in), and a wife courtesy of Craigslist. But disaster is never far away. In the bookâs brutal final section, Ayres is forced to confront the excesses of his generation at a scene of apocalyptic destruction: the Katrina-ravaged South. Told with a blend of offbeat irreverence, genuine pathos, and incisive social commentary, Death by Leisure is a savage and darkly humorous odyssey that taps directly into the contemporary psyche. ...more"
7f5157bf53065d36,Brilliant Beacons: A History of the American Lighthouse,11.45,3,History,In stock (8 available),"Set against the backdrop of an expanding nation,Brilliant Beaconstraces the evolution of America's lighthouse system from its earliest days, highlighting the political, military, and technological battles fought to illuminate the nation's hardscrabble coastlines. Beginning with ""Boston Light,""Americaâs first lighthouse, Dolin shows how the story of America, from colony to Set against the backdrop of an expanding nation,Â Brilliant BeaconsÂ traces the evolution of America's lighthouse system from its earliest days, highlighting the political, military, and technological battles fought to illuminate the nation's hardscrabble coastlines. Beginning with ""Boston Light,""Â Americaâs first lighthouse, Dolin shows how the story of America, from colony to regional backwater, toÂ fledging nation, and eventually to global industrial power, can be illustrated through its lighthouses.Even in the colonial era, the question of how best to solve the collective problem of lighting our ports, reefs, and coasts through a patchwork of private interests and independent localities telegraphed the great American debate over federalism and the role of a centralized government. As the nation expanded, throughout the nineteenth and early twentieth centuries, so too did the coastlines in need of illumination, from New England to the Gulf of Mexico, the Great Lakes, the Pacific Coast all the way to Alaska. In Dolin's hands we see how each of these beacons tell itsÂ own story of political squabbling, technological advancement, engineering marvel, and individual derring-do.In rollicking detail, Dolin treats readers to a memorable cast of characters, from the penny-pinching Treasury official Stephen Pleasonton, who hamstrung the country's efforts to adopt the revolutionary Fresnel lens, to the indomitableÂ Katherine Walker, who presided so heroically over New York HarborÂ as keeper at Robbins Reef LighthouseÂ that she was hailed as a genuine New York City folk hero upon her death in 1931. He also animates American military history from the Revolution to the Civil War andÂ presentsÂ tales both humorous and harrowing of soldiers, saboteurs, Civil War battles, ruthless egg collectors, and, most important, the lighthouseÂ keepers themselves, men and women who often performed astonishing acts of heroism in carrying outÂ their duties.In the modern world of GPS and satellite-monitored shipping lanes, Brilliant Beacons forms a poignant elegy for the bygone days of the lighthouse, a symbol of American ingenuity that served as both a warning and a sign of hope for generations of mariners; and it also shows how these sentinels have endured, retaining their vibrancy to the present day. Containing over 150 photographs and illustrations, Brilliant BeaconsÂ vividly reframes America's history. ...more"
fef91502cbacf23a,"A Murder Over a Girl: Justice, Gender, Junior High",13.2,3,Nonfiction,In stock (8 available),"A psychologist's gripping, troubling, and moving exploration of the brutal murder of a possibly transgender middle school student by an eighth grade classmateOn Feb. 12, 2008, at E. O. Green Junior High in Oxnard, CA, 14-year-old Brandon McInerney shot and killed his classmate, Larry King, who had recently begun to call himself ""Leticia"" and wear makeup and jewelry to scho A psychologist's gripping, troubling, and moving exploration of the brutal murder of a possibly transgender middle school student by an eighth grade classmateOn Feb. 12, 2008, at E. O. Green Junior High in Oxnard, CA, 14-year-old Brandon McInerney shot and killed his classmate, Larry King, who had recently begun to call himself ""Leticia"" and wear makeup and jewelry to school.Profoundly shaken by the news, and unsettled by media coverage that sidestepped the issues of gender identity and of race integral to the case, psychologist Ken Corbett traveled to LA to attend the trial. As visions of victim and perpetrator were woven and unwoven in the theater of the courtroom, a haunting picture emerged not only of the two young teenagers, but also of spectators altered by an atrocity and of a community that had unwittingly gestated a murder. Drawing on firsthand observations, extensive interviews and research, as well as on his decades of academic work on gender and sexuality, Corbett holds each murky facet of this case up to the light, exploring the fault lines of memory and the lacunae of uncertainty behind facts. Deeply compassionate, and brimming with wit and acute insight, A Murder Over a Girl is a riveting and stranger-than-fiction drama of the human psyche. ...more"
f16c2edb2a603f92,"""Most Blessed of the Patriarchs"": Thomas Jefferson and the Empire of the Imagination",44.48,5,History,In stock (8 available),"Thomas Jefferson is often portrayed as a hopelessly enigmatic figureâa riddleâa man so riven with contradictions that he is almost impossible to know. Lauded as the most articulate voice of American freedom and equality, even as he held peopleâincluding his own familyâin bondage, Jefferson is variably described as a hypocrite, an atheist, or a simple-minded proponent of li Thomas Jefferson is often portrayed as a hopelessly enigmatic figureâa riddleâa man so riven with contradictions that he is almost impossible to know. Lauded as the most articulate voice of American freedom and equality, even as he held peopleâincluding his own familyâin bondage, Jefferson is variably described as a hypocrite, an atheist, or a simple-minded proponent of limited government who expected all Americans to be farmers forever.Now, Annette Gordon-Reed teams up with America's leading Jefferson scholar, Peter S. Onuf, to present an absorbing and revealing character study that dispels the many clichÃ©s that have accrued over the years about our third president. Challenging the widely prevalent belief that Jefferson remains so opaque as to be unknowable, the authorsâthrough their careful analysis, painstaking research, and vivid proseâcreate a portrait of Jefferson, as he might have painted himself, one ""comprised of equal parts sun and shadow"" (Jane Kamensky).Tracing Jefferson's philosophical development from youth to old age, the authors explore what they call the ""empire"" of Jefferson's imaginationâan expansive state of mind born of his origins in a slave society, his intellectual influences, and the vaulting ambition that propelled him into public life as a modern avatar of the Enlightenment who, at the same time, likened himself to a figure of oldâ""the most blessed of the patriarchs."" Indeed, Jefferson saw himself as a ""patriarch,"" not just to his country and mountain-like home at Monticello but also to his family, the white half that he loved so publicly, as well as to the black side that he claimed to love, a contradiction of extraordinary historical magnitude.Divided into three sections, ""Most Blessed of the Patriarchs"" reveals a striking personal dimension to his life. Part I,Â ""Patriarch,"" explores Jeffersons's origins in Virgina; Part II, "" 'Traveller,' "" covers his five-year sojourn to Paris; and Part III, ""Enthusiast,"" delves insightfully into the Virginian's views on Christianity, slavery, and race. We see not just his ideas and vision of America but come to know him in an almost familial way, such as through the importance of music in his life.""Most Blessed of the Patriarchs"" fundamentally challenges much of what weâve come to accept about Jefferson, neither hypocrite nor saint, atheist nor fundamentalist. Gordon-Reed and Onuf, through a close reading of Jeffersonâs own words, reintroduce us all to our most influential founding father: a man more gifted than most, but complicated in just the ways we all are. ...more"
88ec621893e595d0,You Are a Badass: How to Stop Doubting Your Greatness and Start Living an Awesome Life,12.08,3,Self Help,In stock (7 available),"Bestselling author, speaker, and success coach Jen Sincero cuts through the din of the self-help genre with her own verbal meat cleaver. Full of blunt humor, sage advice, and the occasional swear word, You are a Badass offers its readers new opportunities for growth through 35 chapters of exercises, suggestions, and hilariously inspiring stories.From ""Fear is for Suckers"" Bestselling author, speaker, and success coach Jen Sincero cuts through the din of the self-help genre with her own verbal meat cleaver. Full of blunt humor, sage advice, and the occasional swear word, You are a Badass offers its readers new opportunities for growth through 35 chapters of exercises, suggestions, and hilariously inspiring stories.From ""Fear is for Suckers"" to ""Your Brain is Your Bitch"" these chapters provide enlightening lessons: How to stop doubting your greatness, how to love what you don't love about yourself, and how to tap into source energy to live a bigger life than you've ever imagined. ...more"
9735c969c652dd89,What Happened on Beale Street (Secrets of the South Mysteries #2),25.37,5,Mystery,In stock (7 available),"What Happened on Beale Street is an exciting addition to the Secrets of the South Mysteries from bestselling author Mary Ellis. These standalone, complex crime dramas follow a private investigator's quest to make the world a better place...solving one case at a time.A cryptic plea for help from a childhood friend sends cousins Nate and Nicki Price from New Orleans to Memph What Happened on Beale Street is an exciting addition to the Secrets of the South Mysteries from bestselling author Mary Ellis. These standalone, complex crime dramas follow a private investigator's quest to make the world a better place...solving one case at a time.A cryptic plea for help from a childhood friend sends cousins Nate and Nicki Price from New Orleans to Memphis, the home of scrumptious barbecue and soulful blues music. When they arrive at Danny Andre's last known address, they discover signs of a struggle and a lifestyle not in keeping with the former choirboy they fondly remember.Danny's sister, Isabelle, reluctantly accepts their help. She and Nate aren't on the best of terms due to a complicated past, yet they will have to get beyond that if they want to save Danny.On top of Danny's alarming disappearance and his troubled relationship with Isabelle, Nate also has to rein in his favorite cousin's overzealousness as a new and eager PI. Confronted with a possible murder, mystery, and mayhem in the land of the Delta blues, Nate must rely on his faith and investigative experience to keep one or more of them from getting killed. ...more"
a94350ee74deaa07,Under the Tuscan Sun,37.33,3,Travel,In stock (7 available),"A CLASSIC FROM THE BESTSELLING AUTHOR OF UNDER MAGNOLIAFrances Mayesâwidely published poet, gourmet cook, and travel writerâopens the door to a wondrous new world when she buys and restores an abandoned villa in the spectacular Tuscan countryside. In evocative language, she brings the reader along as she discovers the beauty and simplicity of life in Italy. Mayes also crea A CLASSIC FROM THE BESTSELLING AUTHOR OF UNDER MAGNOLIAFrances Mayesâwidely published poet, gourmet cook, and travel writerâopens the door to a wondrous new world when she buys and restores an abandoned villa in the spectacular Tuscan countryside. In evocative language, she brings the reader along as she discovers the beauty and simplicity of life in Italy. Mayes also creates dozens of delicious seasonal recipes from her traditional kitchen and simple garden, all of which she includes in the book. Doing for Tuscany what M.F.K. Fisher and Peter Mayle did for Provence, Mayes writes about the tastes and pleasures of a foreign country with gusto and passion. ...more"
0ff9d10864db8364,The Whale,35.96,4,Childrens,In stock (7 available),"A wordless epic sea adventureThere is a legend that a Great Spotted Whale lives in the ocean, although a sighting fifty years ago was never corroborated. Now two young whale watchers each set out to find the whale, one armed with sound-recording equipment, the other with a camera. When their boats collide, they pool their resources to capture incontrovertible proof that th A wordless epic sea adventureThere is a legend that a Great Spotted Whale lives in the ocean, although a sighting fifty years ago was never corroborated. Now two young whale watchers each set out to find the whale, one armed with sound-recording equipment, the other with a camera. When their boats collide, they pool their resources to capture incontrovertible proof that the mythical whale exists. The eventual sighting is a magical moment, especially when the children discover that it was their own grandparents who first glimpsed the whale fifty years ago. The Murrowsâ spectacular wordless adventure is brought to life with stunning graphite drawings that convey the drama and haunting beauty of the ocean and capture the majesty of the awe-inspiring whale. ...more"
9147c5251cc99eb1,The Story of Art,41.14,4,Art,In stock (7 available),"This text is the 16th revised and updated edition of this introduction to art, from the earliest cave paintings to experimental art. Eight new artists from the modern period have been introduced. They are: Corot, Kollwitz, Nolde, de Chirico, Brancussi, Magritte, Nicolson and Morandi. A sequence of new endings have been added, and the captions are now fuller, including the This text is the 16th revised and updated edition of this introduction to art, from the earliest cave paintings to experimental art. Eight new artists from the modern period have been introduced. They are: Corot, Kollwitz, Nolde, de Chirico, Brancussi, Magritte, Nicolson and Morandi. A sequence of new endings have been added, and the captions are now fuller, including the medium and dimension of the works illustrated. Six fold-outs present selected large-scale works. They are: Van Eyck's Ghent Altarpiece, Leonardo's Last Supper, Botticelli's Birth of Venus, Jackson Pollock's One (Number 31, 1950), Van der Weyden's Descent from the Cross and Michelangelo's Sistine Chapel ceiling. ...more"
0345872b14f9e774,The Origin of Species,10.01,4,Science,In stock (7 available),"The publication of Darwinâs The Origin of Species in 1859 marked a dramatic turning point in scientific thought. The volume had taken Darwin more than twenty years to publish, in part because he envisioned the storm of controversy it was certain to unleash. Indeed, selling out its first edition on its first day, The Origin of Species revolutionized science, philosophy, and The publication of Darwinâs The Origin of Species in 1859 marked a dramatic turning point in scientific thought. The volume had taken Darwin more than twenty years to publish, in part because he envisioned the storm of controversy it was certain to unleash. Indeed, selling out its first edition on its first day, The Origin of Species revolutionized science, philosophy, and theology.Darwinâs reasoned, documented arguments carefully advance his theory of natural selection and his assertion that species were not created all at once by a divine hand but started with a few simple forms that mutated and adapted over time. Whether commenting on his own poor health, discussing his experiments to test instinct in bees, or relating a conversation about a South American burrowing rodent, Darwinâs monumental achievement is surprisingly personal and delightfully readable. Its profound ideas remain controversial even today, making it the most influential book in the natural sciences ever writtenâan important work not just to its time but to the history of humankind. ...more"
a8dbf1c6b41b885a,The Great Gatsby,36.05,4,Default,In stock (7 available),"THE GREAT GATSBY, F. Scott Fitzgeraldâs third book, stands as the supreme achievement of his career. This exemplary novel of the Jazz Age has been acclaimed by generations of readers. The story of the fabulously wealthy Jay Gatsby and his love for the beautiful Daisy Buchanan, of lavish parties on Long Island at a time when The New York Times noted âgin was the national dr THE GREAT GATSBY, F. Scott Fitzgeraldâs third book, stands as the supreme achievement of his career. This exemplary novel of the Jazz Age has been acclaimed by generations of readers. The story of the fabulously wealthy Jay Gatsby and his love for the beautiful Daisy Buchanan, of lavish parties on Long Island at a time when The New York Times noted âgin was the national drink and sex the national obsession,â it is an exquisitely crafted tale of America in the 1920s.The Great Gatsby is one of the great classics of twentieth-century literature. ...more"
f935412970c9f58f,The Good Girl,49.03,3,Default,In stock (7 available),"""I've been following her for the past few days. I know where she buys her groceries, where she works. I don't know the color of her eyes or what they look like when she's scared. But I will."" One night, Mia Dennett enters a bar to meet her on-again, off-again boyfriend. But when he doesn't show, she unwisely leaves with an enigmatic stranger. At first Colin Thatcher seems ""I've been following her for the past few days. I know where she buys her groceries, where she works. I don't know the color of her eyes or what they look like when she's scared. But I will."" One night, Mia Dennett enters a bar to meet her on-again, off-again boyfriend. But when he doesn't show, she unwisely leaves with an enigmatic stranger. At first Colin Thatcher seems like a safe one-night stand. But following Colin home will turn out to be the worst mistake of Mia's life. When Colin decides to hide Mia in a secluded cabin in rural Minnesota instead of delivering her to his employers, Mia's mother, Eve, and detective Gabe Hoffman will stop at nothing to find them. But no one could have predicted the emotional entanglements that eventually cause this family's world to shatter. An addictively suspenseful and tautly written thriller, The Good Girl is a propulsive debut that reveals how even in the perfect family, nothing is as it seems. ...more"
7a10353c9c54cf7c,The Drowning Girls,35.67,3,Add a comment,In stock (7 available),"Critically acclaimed author of The Mourning Hours and The Fragile World, Paula Treick DeBoard returns with a tale of dark secrets, shocking lies and a dangerous obsession that will change one neighborhood forever.Liz McGinnis never imagined herself living in a luxurious gated community like The Palms. Ever since she and her family moved in, she's felt like an outsider amon Critically acclaimed author of The Mourning Hours and The Fragile World, Paula Treick DeBoard returns with a tale of dark secrets, shocking lies and a dangerous obsession that will change one neighborhood forever.Liz McGinnis never imagined herself living in a luxurious gated community like The Palms. Ever since she and her family moved in, she's felt like an outsider amongst the Stepford-like wives and their obnoxiously spoiled children. Still, she's determined to make it workâif not for herself, then for her husband, Phil, who landed them this lavish home in the first place, and for her daughter, Danielle, who's about to enter high school. Yet underneath the glossy veneer of The Palms, life is far from idyllic. In a place where reputation is everything, Liz soon discovers that even the friendliest residents can't be trustedâand almost everyone has secrets they'd do anything to protect. So when the gorgeous girl next door befriends Danielle, Liz can't help but find sophisticated Kelsey's interest in her shy and slightly nerdy daughter a bit suspicious. But while Kelsey quickly becomes a fixture in the McGinnis home, Liz's relationships with both Danielle and Phil grow strained. Now even her own family seems to be hiding things, and it's not long before their dream of living the high life quickly spirals out of controlâ¦ ...more"
24933c712f0bca2f,The Constant Princess (The Tudor Court #1),16.62,3,Historical Fiction,In stock (7 available),"""I am Catalina, Princess of Spain, daughter of the two greatest monarchs the world has ever known...and I will be Queen of England.""Thus, bestselling author Philippa Gregory introduces one of her most unforgettable heroines: Katherine of Aragon. Known to history as the Queen who was pushed off her throne by Anne Boleyn, here is a Katherine the world has forgotten: the ench ""I am Catalina, Princess of Spain, daughter of the two greatest monarchs the world has ever known...and I will be Queen of England.""Thus, bestselling author Philippa Gregory introduces one of her most unforgettable heroines: Katherine of Aragon. Known to history as the Queen who was pushed off her throne by Anne Boleyn, here is a Katherine the world has forgotten: the enchanting princess that all England loved. First married to Henry VIII's older brother, Arthur, Katherine's passion turns their arranged marriage into a love match; but when Arthur dies, the merciless English court and her ambitious parents -- the crusading King and Queen of Spain -- have to find a new role for the widow. Ultimately, it is Katherine herself who takes control of her own life by telling the most audacious lie in English history, leading her to the very pinnacle of power in England.Set in the rich beauty of Moorish Spain and the glamour of the Tudor court, The Constant Princess presents a woman whose constancy helps her endure betrayal, poverty, and despair, until the inevitable moment when she steps into the role she has prepared for all her life: Henry VIII's Queen, Regent, and commander of the English army in their greatest victory against Scotland. ...more"
d250657f0ebc5d73,The Bourne Identity (Jason Bourne #1),42.78,4,Fiction,In stock (7 available),"Who is Jason Bourne? Is he an assassin, a terrorist, a thief? Why has he got four million dollars in a Swiss bank account? Why has someone tried to murder him?...Jason Bourne does not know the answer to any of these questions. Suffering from amnesia, he does not even know that he is Jason Bourne. What manner of man is he? What are his secrets? Who has he killed?"
5fbd03b1ac0a0e69,The 7 Habits of Highly Effective People: Powerful Lessons in Personal Change,33.17,4,Default,In stock (7 available),"In The 7 Habits of Highly Effective People, author Stephen R. Covey presents a holistic, integrated, principle-centered approach for solving personal and professional problems. With penetrating insights and pointed anecdotes, Covey reveals a step-by-step pathway for living with fairness, integrity, service, and human dignity -- principles that give us the security to adapt In The 7 Habits of Highly Effective People, author Stephen R. Covey presents a holistic, integrated, principle-centered approach for solving personal and professional problems. With penetrating insights and pointed anecdotes, Covey reveals a step-by-step pathway for living with fairness, integrity, service, and human dignity -- principles that give us the security to adapt to change and the wisdom and power to take advantage of the opportunities that change creates. ...more"
ba047a636b7d3793,Team of Rivals: The Political Genius of Abraham Lincoln,20.12,5,Add a comment,In stock (7 available),"The life and times of Abraham Lincoln have been analyzed and dissected in countless books. Do we need another Lincoln biography? In Team of Rivals, esteemed historian Doris Kearns Goodwin proves that we do. Though she can't help but cover some familiar territory, her perspective is focused enough to offer fresh insights into Lincoln's leadership style and his deep understa The life and times of Abraham Lincoln have been analyzed and dissected in countless books. Do we need another Lincoln biography? In Team of Rivals, esteemed historian Doris Kearns Goodwin proves that we do. Though she can't help but cover some familiar territory, her perspective is focused enough to offer fresh insights into Lincoln's leadership style and his deep understanding of human behavior and motivation. Goodwin makes the case for Lincoln's political genius by examining his relationships with three men he selected for his cabinet, all of whom were opponents for the Republican nomination in 1860: William H. Seward, Salmon P. Chase, and Edward Bates. These men, all accomplished, nationally known, and presidential, originally disdained Lincoln for his backwoods upbringing and lack of experience, and were shocked and humiliated at losing to this relatively obscure Illinois lawyer. Yet Lincoln not only convinced them to join his administration--Seward as secretary of state, Chase as secretary of the treasury, and Bates as attorney general--he ultimately gained their admiration and respect as well. How he soothed egos, turned rivals into allies, and dealt with many challenges to his leadership, all for the sake of the greater good, is largely what Goodwin's fine book is about. Had he not possessed the wisdom and confidence to select and work with the best people, she argues, he could not have led the nation through one of its darkest periods. Ten years in the making, this engaging work reveals why ""Lincoln's road to success was longer, more tortuous, and far less likely"" than the other men, and why, when opportunity beckoned, Lincoln was ""the best prepared to answer the call."" This multiple biography further provides valuable background and insights into the contributions and talents of Seward, Chase, and Bates. Lincoln may have been ""the indispensable ingredient of the Civil War,"" but these three men were invaluable to Lincoln and they played key roles in keeping the nation intact. --Shawn Carkonen Team of Rivals doesn't just tell the story of Abraham Lincoln. It is a multiple biography of the entire team of personal and political competitors that he put together to lead the country through its greatest crisis. Here, Doris Kearns Goodwin profiles five of the key players in her book, four of whom contended for the 1860 Republican presidential nomination and all of whom later worked together in Lincoln's cabinet.1. Edwin M. StantonStanton treated Lincoln with utter contempt at their initial acquaintance when the two men were involved in a celebrated law case in the summer of 1855. Unimaginable as it might seem after Stanton's demeaning behavior, Lincoln offered him ""the most powerful civilian post within his gift""--the post of secretary of war--at their next encounter six years later. On his first day in office as Simon Cameron's replacement, the energetic, hardworking Stanton instituted ""an entirely new regime"" in the War Department. After nearly a year of disappointment with Cameron, Lincoln had found in Stanton the leader the War Department desperately needed. Lincoln's choice of Stanton revealed his singular ability to transcend personal vendetta, humiliation, or bitterness. As for Stanton, despite his initial contempt for the man he once described as a ""long armed Ape,"" he not only accepted the offer but came to respect and love Lincoln more than any person outside of his immediate family. He was beside himself with grief for weeks after the president's death.2. Salmon P. ChaseChase, an Ohioan, had been both senator and governor, had played a central role in the formation of the national Republican Party, and had shown an unflagging commitment to the cause of the black man. No individual felt he deserved the presidency as a natural result of his past contributions more than Chase himself, but he refused to engage in the practical methods by which nominations are won. He had virtually no campaign and he failed to conciliate his many enemies in Ohio itself. As a result, he alone among the candidates came to the convention without the united support of his own state. Chase never ceased to underestimate Lincoln, nor to resent the fact that he had lost the presidency to a man he considered his inferior. His frustration with his position as secretary of the treasury was alleviated only by his his dogged hope that he, rather than Lincoln, would be the Republican nominee in 1864, and he steadfastly worked to that end. The president put up with Chase's machinations and haughty yet fundamentally insecure nature because he recognized his superlative accomplishments at treasury. Eventually, however, Chase threatened to split the Republican Party by continuing to fill key positions with partisans who supported his presidential hopes. When Lincoln stepped in, Chase tendered his resignation as he had three times before, but this time Lincoln stunned Chase by calling his bluff and accepting the offer.3. Abraham Lincoln When Lincoln won the Republican presidential nomination in 1860 he seemed to have come from nowhere--a backwoods lawyer who had served one undistinguished term in the House of Representatives and lost two consecutive contests for the U.S. Senate. Contemporaries attributed his surprising nomination to chance, to his moderate position on slavery, and to the fact that he hailed from the battleground state of Illinois. But Lincoln's triumph, particularly when viewed against the efforts of his rivals, owed much to a remarkable, unsuspected political acuity and an emotional strength forged in the crucible of hardship and defeat. That Lincoln, after winning the presidency, made the unprecedented decision to incorporate his eminent rivals into his political family, the cabinet, was evidence of an uncanny self-confidence and an indication of what would prove to others a most unexpected greatness.4. William H. Seward A celebrated senator from New York for more than a decade and governor of his state for two terms before going to Washington, Seward was certain he was going to receive his party's nomination for president in 1860. The weekend before the convention in Chicago opened he had already composed a first draft of the valedictory speech he expected to make to the Senate, assuming that he would resign his position as soon as the decision in Chicago was made. His mortification at not having received the nomination never fully abated, and when he was offered his cabinet post as secretary of state he intended to have a major role in choosing the remaining cabinet members, conferring upon himself a position in the new government more commanding than that of Lincoln himself. He quickly realized the futility of his plan to relegate the president to a figurehead role. Though the feisty New Yorker would continue to debate numerous issues with Lincoln in the years ahead, exactly as Lincoln had hoped and needed him to do, Seward would become his closest friend, advisor, and ally in the administration. More than any other cabinet member Seward appreciated Lincoln's peerless skill in balancing factions both within his administration and in the country at large.5. Edward Bates A widely respected elder statesman, a delegate to the convention that framed the Missouri Constitution, and a former Missouri congressman whose opinions on national matters were still widely sought, Bates's ambitions for political success were gradually displaced by love for his wife and large family, and he withdrew from public life in the late 1840s. For the next 20 years he was asked repeatedly to run or once again accept high government posts but he consistently declined. However in early 1860, with letters and newspaper editorials advocating his candidacy crowding in upon him, he decided to try for the highest office in the land. After losing to Lincoln he vowed, in his diary, to decline a cabinet position if one were to be offered, but with the country ""in trouble and danger"" he felt it was his duty to accept when Lincoln asked him to be attorney general. Though Bates initially viewed Lincoln as a well-meaning but incompetent administrator, he eventually concluded that the president was an unmatched leader, ""very near being a 'perfect man.'"" ...more"
bd087cf6a846db75,"Sit, Stay, Love",20.9,3,Romance,In stock (7 available),"Take one abrasive professional athlete, a quirky out-of-work schoolteacher, and an overweight geriatric dog, and you're ready for a lesson in love...Tippy style.Pro baseball pitcher Cal Crawford is not a dog guy. When he inherits his deceased mother's elderly dog, Tippy, he's quick to call on a pet-sitting service.Gina isn't thrilled to be a dog sitter when her aspirations Take one abrasive professional athlete, a quirky out-of-work schoolteacher, and an overweight geriatric dog, and you're ready for a lesson in love...Tippy style.Pro baseball pitcher Cal Crawford is not a dog guy. When he inherits his deceased mother's elderly dog, Tippy, he's quick to call on a pet-sitting service.Gina isn't thrilled to be a dog sitter when her aspirations lie in the classroom. Furthermore, she can't abide the unfriendly Cal, a man with all the charm of a wet towel. But with no other prospects and a deep love for all things canine, she takes the job caring for Tippy.As Gina travels through Cal's world with Tippy in tow, she begins to see Cal in a different light. Gina longs to show Cal the God-given blessings in his life that have nothing to do with baseball or fame. When her longing blooms into attraction, Gina does her best to suppress it. But Cal is falling in love with her too...Discover the charming story of Tippy, the dog who brought a family together. ...more"
7ffebdd1d5148aef,Sister Dear,40.2,4,Fiction,In stock (7 available),"All Allie Marshall wants is a fresh start. But when dark secrets refuse to stay buried, will her chance at a new life be shattered forever?Convicted of a crime she didnât commit, Allie watched a decade of her life vanish â time that can never be recovered. Now, out on parole, Allie is determined to clear her name, rebuild her life, and reconnect with the daughter she barel All Allie Marshall wants is a fresh start.Â  But when dark secrets refuse to stay buried, will her chance at a new life be shattered forever?Convicted of a crime she didnât commit, Allie watched a decade of her life vanish â time that can never be recovered. Now, out on parole, Allie is determined to clear her name, rebuild her life, and reconnect with the daughter she barely knows.But Allieâs return home shatters the quaint, coastal community of Brunswick, Georgia. Even her own daughter Caroline, now a teenager, bristles at Allieâs claims of innocence. Refusing defeat, a stronger, smarter Allie launches a battle for the truth, digging deeply into the past even if it threatens her parole status, personal safety, and the already-fragile bond with family.As her commitment to finding the truth intensifies, what Allie ultimately uncovers is far worse than she imagined. Her own sister has been hiding a dark secretâone that holds the key to Allieâs freedom. ...more"
924438fc6cbec836,"Naturally Lean: 125 Nourishing Gluten-Free, Plant-Based Recipes--All Under 300 Calories",11.38,5,Food and Drink,In stock (7 available),"When you're hungry for a filling meal, it's easy to go for the unhealthy stuff. Many times, even gluten-free and vegan cuisines can be loaded with sneaky fillers and not-so-good-for-you ingredients. Allyson Kramer proves that low-cal doesn't have to mean low-satisfaction; these gluten-free, plant-based recipes are high in nutrients, have less than 300 calories per servingâ When you're hungry for a filling meal, it's easy to go for the unhealthy stuff. Many times, even gluten-free and vegan cuisines can be loaded with sneaky fillers and not-so-good-for-you ingredients. Allyson Kramer proves that low-cal doesn't have to mean low-satisfaction; these gluten-free, plant-based recipes are high in nutrients, have less than 300 calories per servingâand they taste amazing. Dig into Cheesy BBQ Kale Chips, Cinnamon Plum Streusel, Avocado Chick'n Salad, and so much more. There are no fillers, no added or refined sugars, and no processed ingredients you can't pronounce. Whether it's breakfast, lunch, snacks, small plates, entrees, or beverages, you'll find a hearty, healthy recipe for every craving. Â  ...more"
725cd8d23d78cdca,Meternity,43.58,3,Womens Fiction,In stock (7 available),"The novel your book club must discuss!Meghann Foye was interviewed on The TODAY Show and The View regarding her new book Meternity.""A fresh, contemporary take on love and work, marriage and motherhood, Meternity is guaranteed to surprise and delight!"" Ã¢""Emily Giffin, #1 New York Times bestselling author of Something Borrowed and First Comes LoveLike everyone in New York me The novel your book club must discuss!Meghann Foye was interviewed on The TODAY Show and The View regarding her new book Meternity.""A fresh, contemporary take on love and work, marriage and motherhood, Meternity is guaranteed to surprise and delight!"" Ã¢â¬""Emily Giffin, #1 New York Times bestselling author of Something Borrowed and First Comes LoveLike everyone in New York media, editor Liz Buckley runs on cupcakes, caffeine and cocktails. But at thirty-one, she's plateaued at Paddy Cakes, a glossy baby magazine that flogs thousand-dollar strollers to entitled, hypercompetitive spawn-havers.Liz has spent years working a gazillion hours a week picking up the slack for coworkers with kids, and she's tired of it. So one day when her stress-related nausea is mistaken for morning sickness by her bossesÃ¢â¬""boom! Liz is promoted to the mommy track. She decides to run with it and plans to use her paid time off to figure out her life: work, love and otherwise. It'll be her ""meternity"" leave.By day, Liz rocks a foam-rubber belly under fab maternity outfits. By night, she dumps the bump for karaoke nights and boozy dinners out. But how long can she keep up her charadeÃ¢â¬Â¦and hide it from the guy who might just be The One?As her ""due date"" approaches, Liz is exhaustedÃ¢â¬""and exhilaratedÃ¢â¬""by the ruse, the guilt and the feelings brought on by a totally fictional belly-tenantÃ¢â¬Â¦about happiness, success, family and the nature of love. ...more"
dac4b5847454fd9b,Memoirs of a Geisha,49.67,3,Fiction,In stock (7 available),"A literary sensation and runaway bestseller, this brilliant debut novel presents with seamless authenticity and exquisite lyricism the true confessions of one of Japan's most celebrated geisha.In Memoirs of a Geisha, we enter a world where appearances are paramount; where a girl's virginity is auctioned to the highest bidder; where women are trained to beguile the most pow A literary sensation and runaway bestseller, this brilliant debut novel presents with seamless authenticity and exquisite lyricism the true confessions of one of Japan's most celebrated geisha.In Memoirs of a Geisha, we enter a world where appearances are paramount; where a girl's virginity is auctioned to the highest bidder; where women are trained to beguile the most powerful men; and where love is scorned as illusion. It is a unique and triumphant work of fiction - at once romantic, erotic, suspenseful - and completely unforgettable. ...more"
40cdcbb7692fd408,Life of Pi,13.22,4,Default,In stock (7 available),"Life of Pi is a fantasy adventure novel by Yann Martel published in 2001. The protagonist, Piscine Molitor ""Pi"" Patel, a Tamil boy from Pondicherry, explores issues of spirituality and practicality from an early age. He survives 227 days after a shipwreck while stranded on a boat in the Pacific Ocean with a Bengal tiger named Richard Parker."
4c82371b8cd02d4d,King's Folly (The Kinsman Chronicles #1),39.61,5,Fantasy,In stock (7 available),"The gods are angry.Volcanic eruptions, sinkholes, ground shakers--everything points to their unhappiness. At least that is what the king of Armania believes. His son, Prince Wilek, thinks his father's superstitions are nonsense, though he remains the ever dutiful heir apparent to the throne.When a messenger arrives and claims that the town of Farway has been swallowed by t The gods are angry.Volcanic eruptions, sinkholes, ground shakers--everything points to their unhappiness. At least that is what the king of Armania believes. His son, Prince Wilek, thinks his father's superstitions are nonsense, though he remains the ever dutiful heir apparent to the throne.When a messenger arrives and claims that the town of Farway has been swallowed by the earth, the king sends Wilek to investigate. But what Wilek discovers is more cataclysmic than one lost city. Even as the ground shifts beneath his feet, Wilek sets out on a desperate journey to save his people and his world. But can he do it before the entire land crumbles? ...more"
2a9fcb3382d351c8,How to Cook Everything Vegetarian: Simple Meatless Recipes for Great Food (How to Cook Everything),46.01,4,Food and Drink,In stock (7 available),"The ultimate one-stop vegetarian cookbook-from the author of the classic How to Cook EverythingHailed as ""a more hip Joy of Cooking"" by the Washington Post, Mark Bittman's award-winning book How to Cook Everything has become the bible for a new generation of home cooks, and the series has more than 1 million copies in print. Now, with How to Cook Everything: Vegetarian, Bi The ultimate one-stop vegetarian cookbook-from the author of the classic How to Cook EverythingHailed as ""a more hip Joy of Cooking"" by the Washington Post, Mark Bittman's award-winning book How to Cook Everything has become the bible for a new generation of home cooks, and the series has more than 1 million copies in print. Now, with How to Cook Everything: Vegetarian, Bittman has written the definitive guide to meatless meals-a book that will appeal to everyone who wants to cook simple but delicious meatless dishes, from health-conscious omnivores to passionate vegetarians.How to Cook Everything: Vegetarian includes more than 2,000 recipes and variations-far more than any other vegetarian cookbook. As always, Bittman's recipes are refreshingly straightforward, resolutely unfussy, and unfailingly delicious-producing dishes that home cooks can prepare with ease and serve with confidence. The book covers the whole spectrum of meatless cooking-including salads, soups, eggs and dairy, vegetables and fruit, pasta, grains, legumes, tofu and other meat substitutes, breads, condiments, desserts, and beverages. Special icons identify recipes that can be made in 30 minutes or less and in advance, as well as those that are vegan. Illustrated throughout with handsome line illustrations and brimming with Bittman's lucid, opinionated advice on everything from selecting vegetables to preparing pad Thai, How to Cook Everything: Vegetarian truly makes meatless cooking more accessible than ever.Praise for How to Cook Everything Vegetarian""Mark Bittman's category lock on definitive, massive food tomes continues with this well-thought-out ode to the garden and beyond. Combining deep research, tasty information, and delicious easy-to-cook recipes is Mark's forte and everything I want to cook is in here, from chickpea fries to cheese soufflÃ©s.""âMario Batali, chef, author, and entrepreneur""How do you make an avid meat eater (like me) fall in love with vegetarian cooking? Make Mark Bittman's How to Cook Everything Vegetarian part of your culinary library.""âBobby Flay, chef/owner of Mesa Grill and Bar Americain and author of the Mesa Grill Cookbook""Recipes that taste this good aren't supposed to be so healthy. Mark Bittman makes being a vegetarian fun.""âDr. Mehmet Oz, Professor of Surgery, New York-Presbyterian/Columbia Medical Center and coauthor of You: The Owner's Manual ...more"
c00bc29a678a6efb,Good in Bed (Cannie Shapiro #1),37.05,5,Add a comment,In stock (7 available),"For twenty-eight years, things have been tripping along nicely for Cannie Shapiro. Sure, her mother has come charging out of the closet, and her father has long since dropped out of her world. But she loves her friends, her rat terrier, Nifkin, and her job as pop culture reporter for The Philadelphia Examiner. She's even made a tenuous peace with her plus-size body. But For twenty-eight years, things have been tripping along nicely for Cannie Shapiro. Sure, her mother has come charging out of the closet, and her father has long since dropped out of her world. But she loves her friends, her rat terrier, Nifkin, and her job as pop culture reporter for The Philadelphia Examiner. She's even made a tenuous peace with her plus-size body. But the day she opens up a national women's magazine and sees the words ""Loving a Larger Woman"" above her ex-boyfriend's byline, Cannie is plunged into misery...and the most amazing year of her life. From Philadelphia to Hollywood and back home again, she charts a new course for herself: mourning her losses, facing her past, and figuring out who she is and who she can become.Librarian's note: please see this edition for an alternative cover. ...more"
2e40333991f56f45,For the Love: Fighting for Grace in a World of Impossible Standards,45.13,3,Nonfiction,In stock (7 available),"The popular writer, blogger, and television personality reveals with humor and style how Jesus' extravagant grace is the key to dealing with life's biggest challenge: people.The majority of our joys, struggles, thrills, and heartbreaks relate to people, beginning first with ourselves and then the people we came from, married, birthed, live by, live for, go to church with, The popular writer, blogger, and television personality reveals with humor and style how Jesus' extravagant grace is the key to dealing with life's biggest challenge: people.The majority of our joys, struggles, thrills, and heartbreaks relate to people, beginning first with ourselves and then the people we came from, married, birthed, live by, live for, go to church with, don't like, don't understand, fear, struggle with, compare ourselves to, and judge. People are the best and worst thing about the human life.Jen Hatmaker knows this all too well, and so she reveals how to practice kindness, grace, truthfulness, vision, and love to ourselves and those around us. By doing this, For the Love leads our generation to reimagine Jesus' grace as a way of life, and it does it in a funny yet profound manner that Christian readers will love. Along the way, Hatmaker shows readers how to reclaim their prophetic voices and become Good News again to a hurting, polarized world. ...more"
4fa75fc6829431ca,Every Heart a Doorway (Every Heart A Doorway #1),12.16,5,Fantasy,In stock (7 available),"Eleanor Westâs Home for Wayward ChildrenNo SolicitationsNo VisitorsNo QuestsChildren have always disappeared under the right conditions; slipping through the shadows under a bed or at the back of a wardrobe, tumbling down rabbit holes and into old wells, and emerging somewhere... else.But magical lands have little need for used-up miracle children.Nancy tumbled once, but n Eleanor Westâs Home for Wayward ChildrenNo SolicitationsNo VisitorsNo QuestsChildren have always disappeared under the right conditions; slipping through the shadows under a bed or at the back of a wardrobe, tumbling down rabbit holes and into old wells, and emerging somewhere... else.But magical lands have little need for used-up miracle children.Nancy tumbled once, but now sheâs back. The things sheâs experienced... they change a person. The children under Miss Westâs care understand all too well. And each of them is seeking a way back to their own fantasy world.But Nancyâs arrival marks a change at the Home. Thereâs a darkness just around each corner, and when tragedy strikes, itâs up to Nancy and her new-found schoolmates to get to the heart of the matter.No matter the cost. ...more"
4e980425468708da,Delivering the Truth (Quaker Midwife Mystery #1),20.89,4,Mystery,In stock (7 available),"Quaker midwife Rose Carroll hears secrets and keeps confidences as she attends births of the rich and poor alike in an 1888 Massachusetts mill town. When the townâs world-famed carriage industry is threatened by the work of an arsonist, and a carriage factory ownerâs adult son is stabbed to death with Rose's own knitting needle, she is drawn into solving the mystery. Thing Quaker midwife Rose Carroll hears secrets and keeps conÂ­fiÂ­dences as she attends births of the rich and poor alike in an 1888 Massachusetts mill town. When the townâs world-famed carÂ­riage indusÂ­try is threatÂ­ened by the work of an arsonÂ­ist, and a carÂ­riage facÂ­tory ownerâs adult son is stabbed to death with Rose's own knitting needle, she is drawn into solvÂ­ing the mysÂ­tery. Things get dicey after the same ownerâs misÂ­tress is also murÂ­dered, leavÂ­ing her one-week-old baby withÂ­out a mother. The Quaker poet and abolitionist John Greenleaf Whittier helps Rose by lending words of advice and support. While strugÂ­gling with being less than the perÂ­fect Friend, Rose draws on her strengths as a counselor and probÂ­lem solver to bring two murÂ­derÂ­ers to justice before they destroy the townâs carriage industry and the people who run it. ...more"
4807043b8218e9ce,Counted With the Stars (Out from Egypt #1),17.97,5,Christian Fiction,In stock (7 available),"A Story of Love, Desperation, and Hope During a Great Biblical EpochSold into slavery by her father and forsaken by the man she was supposed to marry, young Egyptian Kiya must serve a mistress who takes pleasure in her humiliation. When terrifying plagues strike Egypt, Kiya is in the middle of it all.To save her older brother and escape the bonds of slavery, Kiya flees wit A Story of Love, Desperation, and Hope During a Great Biblical EpochSold into slavery by her father and forsaken by the man she was supposed to marry, young Egyptian Kiya must serve a mistress who takes pleasure in her humiliation. When terrifying plagues strike Egypt, Kiya is in the middle of it all.To save her older brother and escape the bonds of slavery, Kiya flees with the Hebrews during the Great Exodus. She finds herself utterly dependent on a fearsome God she's only just beginning to learn about, and in love with a man who despises her people. With everything she's ever known swept away, will Kiya turn back toward Egypt or surrender her life and her future to Yahweh? ...more"
5b546a46a86a9d8c,Benjamin Franklin: An American Life,48.19,3,Biography,In stock (7 available),"Benjamin Franklin is the Founding Father who winks at us. An ambitious urban entrepreneur who rose up the social ladder, from leather-aproned shopkeeper to dining with kings, he seems made of flesh rather than of marble. In bestselling author Walter Isaacson's vivid and witty full-scale biography, we discover why Franklin seems to turn to us from history's stage with eyes Benjamin Franklin is the Founding Father who winks at us. An ambitious urban entrepreneur who rose up the social ladder, from leather-aproned shopkeeper to dining with kings, he seems made of flesh rather than of marble. In bestselling author Walter Isaacson's vivid and witty full-scale biography, we discover why Franklin seems to turn to us from history's stage with eyes that twinkle from behind his new-fangled spectacles. By bringing Franklin to life, Isaacson shows how he helped to define both his own time and ours. He was, during his 84-year life, America's best scientist, inventor, diplomat, writer, and business strategist, and he was also one of its most practical -- though not most profound -- political thinkers. He proved by flying a kite that lightning was electricity, and he invented a rod to tame it. He sought practical ways to make stoves less smoky and commonwealths less corrupt. He organized neighborhood constabularies and international alliances, local lending libraries and national legislatures. He combined two types of lenses to create bifocals and two concepts of representation to foster the nation's federal compromise. He was the only man who shaped all the founding documents of America: the Albany Plan of Union, the Declaration of Independence, the treaty of alliance with France, the peace treaty with England, and the Constitution. And he helped invent America's unique style of homespun humor, democratic values, and philosophical pragmatism. But the most interesting thing that Franklin invented, and continually reinvented, was himself. America's first great publicist, he was, in his life and in his writings, consciously trying to create a new American archetype. In the process, he carefully crafted his own persona, portrayed it in public, and polished it for posterity. Through it all, he trusted the hearts and minds of his fellow ""leather-aprons"" more than he did those of any inbred elite. He saw middle-class values as a source of social strength, not as something to be derided. His guiding principle was a ""dislike of everything that tended to debase the spirit of the common people."" Few of his fellow founders felt this comfort with democracy so fully, and none so intuitively. In this colorful and intimate narrative, Isaacson provides the full sweep of Franklin's amazing life, from his days as a runaway printer to his triumphs as a statesman, scientist, and Founding Father. He chronicles Franklin's tumultuous relationship with his illegitimate son and grandson, his practical marriage, and his flirtations with the ladies of Paris. He also shows how Franklin helped to create the American character and why he has a particular resonance in the twenty-first century. ...more"
6b52904b2ab91bf6,"At The Existentialist CafÃ©: Freedom, Being, and apricot cocktails with: Jean-Paul Sartre, Simone de Beauvoir, Albert Camus, Martin Heidegger, Edmund Husserl, Karl Jaspers, Maurice Merleau-Ponty and others",29.93,5,Philosophy,In stock (7 available),"Paris, near the turn of 1933. Three young friends meet over apricot cocktails at the Bec-de-Gaz bar on the rue Montparnasse. They are Jean-Paul Sartre, Simone de Beauvoir and their friend Raymond Aron, who opens their eyes to a radical new way of thinking. Pointing to his drink, he says, 'You can make philosophy out of this cocktail!'From this moment of inspiration, Sartre Paris, near the turn of 1933. Three young friends meet over apricot cocktails at the Bec-de-Gaz bar on the rue Montparnasse. They are Jean-Paul Sartre, Simone de Beauvoir and their friend Raymond Aron, who opens their eyes to a radical new way of thinking. Pointing to his drink, he says, 'You can make philosophy out of this cocktail!'From this moment of inspiration, Sartre will create his own extraordinary philosophy of real, experienced life â of love and desire, of freedom and being, of cafÃ©s and waiters, of friendships and revolutionary fervour. It is a philosophy that will enthral Paris and sweep through the world, leaving its mark on post-war liberation movements, from the student uprisings of 1968 to civil rights pioneers.At the Existentialist CafÃ© tells the story of modern existentialism as one of passionate encounters between people, minds and ideas. From the âking and queen of existentialism' â Sartre and de Beauvoir â to their wider circle of friends and adversaries including Albert Camus, Martin Heidegger, Maurice Merleau-Ponty and Iris Murdoch, this book is an enjoyable and original journey through a captivating intellectual movement. Weaving biography and thought, Sarah Bakewell takes us to the heart of a philosophy about life that also changed lives, and that tackled the biggest questions of all: what we are and how we are to live. ...more"
d1378a0ad06ff979,A Gathering of Shadows (Shades of Magic #2),44.81,4,Fantasy,In stock (7 available),"It has been four months since a mysterious obsidian stone fell into Kell's possession. Four months since his path crossed with Delilah Bard. Four months since Prince Rhy was wounded, and since the nefarious Dane twins of White London fell, and four months since the stone was cast with Holland's dying body through the rift â back into Black London.Now, restless after having It has been four months since a mysterious obsidian stone fell into Kell's possession. Four months since his path crossed with Delilah Bard. Four months since Prince Rhy was wounded, and since the nefarious Dane twins of White London fell, and four months since the stone was cast with Holland's dying body through the rift â back into Black London.Now, restless after having given up his smuggling habit, Kell is visited by dreams of ominous magical events, waking only to think of Lila, who disappeared from the docks as she always meant to do. As Red London finalizes preparations for the Element Games â an extravagant international competition of magic meant to entertain and keep healthy the ties between neighboring countries â a certain pirate ship draws closer, carrying old friends back into port.And while Red London is caught up in the pageantry and thrills of the Games, another London is coming back to life. After all, a shadow that was gone in the night will reappear in the morning. But the balance of magic is ever perilous, and for one city to flourish, another London must fall. ...more"
2da5edf8b5776c9a,The Mysterious Affair at Styles (Hercule Poirot #1),24.8,4,Mystery,In stock (6 available),"Poirot, a Belgian refugee of the Great War, is settling in England near the home of Emily Inglethorp, who helped him to his new life. His friend Hastings arrives as a guest at her home. When the woman is killed, Poirot uses his detective skills to solve the mystery."
d326e189b1210916,The Joy of Cooking,43.27,4,Add a comment,In stock (6 available),"Since its original publication, Joy of Cooking has been the most authoritative cookbook in America, the one upon which millions of cooks have confidently relied for more than sixty-five years. It's the book your grandmother and mother probably learned to cook from, the book you gave your sister when she got married. This, the first revision in more than twenty years, is be Since its original publication, Joy of Cooking has been the most authoritative cookbook in America, the one upon which millions of cooks have confidently relied for more than sixty-five years. It's the book your grandmother and mother probably learned to cook from, the book you gave your sister when she got married. This, the first revision in more than twenty years, is better than ever. Here's why: Every chapter has been rethought with an emphasis on freshness, convenience, and health.All the recipes have been reconceived and tested with an eye to modern taste, and the cooking knowledge imparted with each subject enriched to the point where everyone from a beginning to an experienced cook will feel completely supported.The new Joy continues the vision of American cooking that began with the first edition of Joy. It is still the book you can turn to for perfect Beef Wellington and Baked Macaroni and Cheese. It's also the book where you can now find Turkey on the Grill, Spicy Peanut Sesame Noodles, and vegetarian meals.The new Joy provides more thorough descriptions of ingredients, from the familiar to the most exotic. For instance, almost all the varieties of apples grown domestically are described-- the months they become available, how they taste, what they are best used for, and how long they keep. But for the first time Joy features a complete section on fresh and dried chili peppers: how to roast and grill them, how to store them, and how long they keep-- with illustrations of each pepper.An all-new ""RULES"" section in many chapters gives essential cooking basics at a glance: washing and storing salad greens, selecting a pasta and a matching sauce, determining when a piece of fish is cooked through, stuffing a chicken, and making a perfect souffle.New chapters reflect changing American tastes and lifestyles:Separate new chapters on grains, beans, and pasta include recipes for grits, polenta, pilafs, risottos, vegetarian chills, bean casseroles, and make-ahead lasagnes.New baking and dessert chapters promise to enhance Joy of Cooking's reputation as a bible for bakers. Quick and yeast bread recipes range from focaccia, pizza, and sourdoughs to muffins and coffee cakes. Separate chapters cover custards and puddings, pies and tarts, cookies, cakes, cobblers, and other American fruit desserts revived for this edition. Recipes include one-bowl cakes, gingerbread, angel and sponge cakes, meringues, pound cakes, fruitcakes, 6 different kinds of cheesecake-- there's even an illustrated wedding cake recipe, which takes you through all the stages from building a stand, making and decorating the cake, to transporting it to the reception without a hitch.Little Dishes showcases foods from around the world: hummus, baba ghanoush, bruschetta, tacos, empanadas, and fried wontons.AII new drawings of techniques, ingredients, and equipment, integrated throughout an elegant new design, and over 300 more pages round out the new Joy.Among this book's other unique features: microwave instructions for preparing beans, grains, and vegetables; dozens of new recipes for people who are lactose intolerant and allergic to gluten; expanded ingredients chart now features calories, essential vitamins, and levels of fats and cholesterol. There are ideas for substitutions to lower fat in recipes and reduced-fat recipes in the baking sections.From cover to cover, Joy's chapters have been imbued with the knowledge and passion of America's greatest cooks and cooking teachers. An invaluable combination of old and new, this edition of Joy of Cooking promises to keep you cooking for years to come. ...more"
72b5355dda190b6a,The Hobbit (Middle-Earth Universe),17.8,5,Default,In stock (6 available),"In a hole in the ground there lived a hobbit. Not a nasty, dirty, wet hole, filled with the ends of worms and an oozy smell, nor yet a dry, bare, sandy hole with nothing in it to sit down on or to eat: it was a hobbit-hole, and that means comfort.Written for J.R.R. Tolkienâs own children, The Hobbit met with instant critical acclaim when it was first published in 1937. Now In a hole in the ground there lived a hobbit. Not a nasty, dirty, wet hole, filled with the ends of worms and an oozy smell, nor yet a dry, bare, sandy hole with nothing in it to sit down on or to eat: it was a hobbit-hole, and that means comfort.Written for J.R.R. Tolkienâs own children, The Hobbit met with instant critical acclaim when it was first published in 1937. Now recognized as a timeless classic, this introduction to the hobbit Bilbo Baggins, the wizard Gandalf, Gollum, and the spectacular world of Middle-earth recounts of the adventures of a reluctant hero, a powerful and dangerous ring, and the cruel dragon Smaug the Magnificent. The text in this 372-page paperback edition is based on that first published in Great Britain by Collins Modern Classics (1998), and includes a note on the text by Douglas A. Anderson (2001). Unforgettable! ...more"
2bc80eba94950873,The God Delusion,46.85,3,Add a comment,In stock (6 available),"A preeminent scientist -- and the world's most prominent atheist -- asserts the irrationality of belief in God and the grievous harm religion has inflicted on society, from the Crusades to 9/11.With rigor and wit, Dawkins examines God in all his forms, from the sex-obsessed tyrant of the Old Testament to the more benign (but still illogical) Celestial Watchmaker favored by A preeminent scientist -- and the world's most prominent atheist -- asserts the irrationality of belief in God and the grievous harm religion has inflicted on society, from the Crusades to 9/11.With rigor and wit, Dawkins examines God in all his forms, from the sex-obsessed tyrant of the Old Testament to the more benign (but still illogical) Celestial Watchmaker favored by some Enlightenment thinkers. He eviscerates the major arguments for religion and demonstrates the supreme improbability of a supreme being. He shows how religion fuels war, foments bigotry, and abuses children, buttressing his points with historical and contemporary evidence. The God Delusion makes a compelling case that belief in God is not just wrong but potentially deadly. It also offers exhilarating insight into the advantages of atheism to the individual and society, not the least of which is a clearer, truer appreciation of the universe's wonders than any faith could ever muster. ...more"
3d250ab0f12be445,The Collected Poems of W.B. Yeats (The Collected Works of W.B. Yeats #1),15.42,5,Poetry,In stock (6 available),"The Collected Poems of W. B. Yeats includes all of the poems authorized by Yeats for inclusion in his standard canon. Breathtaking in range, it encompasses the entire arc of his career, from luminous reworking of ancient Irish myths and legends to passionate meditations on the demands and rewards of youth and old age, from exquisite, occasionally whimsical songs of love, n The Collected Poems of W. B. Yeats includes all of the poems authorized by Yeats for inclusion in his standard canon. Breathtaking in range, it encompasses the entire arc of his career, from luminous reworking of ancient Irish myths and legends to passionate meditations on the demands and rewards of youth and old age, from exquisite, occasionally whimsical songs of love, nature, and art to somber and angry poems of life in a nation torn by war and uprising. In observing the development of rich and recurring images and themes over the course of his body of work, we can trace the quest of this century's greatest poet to unite intellect and artistry in a single magnificent vision.Revised and corrected, this edition includes Yeat's own notes on his poetry, complemented by explanatory notes from esteemed Yeats scholar Richard J. Finneran. The Collected Poems of W. B. Yeats is the most comprehensive edition of one of the world's most beloved poets available in paperback. ...more"
8d8e9f9b8730eb25,Ship Leaves Harbor: Essays on Travel by a Recovering Journeyman,30.6,3,Default,In stock (6 available),"Still scarred from the theft of his belongings in Barcelona, the author returns stateside to reassess his dreams for future travel and struggling to regain his love of the journey. From short trips along the eastern U.S. seaboard, the author conquers his demons when he takes his family and returns to Paris, before heading to a new destination: Lisbon, Portugal."
720c36b2bee4692e,Pride and Prejudice,19.27,4,Add a comment,In stock (6 available),"""It is a truth universally acknowledged, that a single man in possession of a good fortune must be in want of a wife.""So begins Pride and Prejudice, Jane Austen's witty comedy of manners--one of the most popular novels of all time--that features splendidly civilized sparring between the proud Mr. Darcy and the prejudiced Elizabeth Bennet as they play out their spirited cou ""It is a truth universally acknowledged, that a single man in possession of a good fortune must be in want of a wife.""So begins Pride and Prejudice, Jane Austen's witty comedy of manners--one of the most popular novels of all time--that features splendidly civilized sparring between the proud Mr. Darcy and the prejudiced Elizabeth Bennet as they play out their spirited courtship in a series of eighteenth-century drawing-room intrigues. ...more"
f38f37ed934d84b2,Mere Christianity,48.51,3,Add a comment,In stock (6 available),"Mere Christianity is C.S. Lewis's forceful and accessible doctrine of Christian belief. First heard as informal radio broadcasts and then published as three separate books - The Case for Christianity, Christian Behavior, and Beyond Personality - Mere Christianity brings together what Lewis saw as the fundamental truths of the religion. Rejecting the boundaries that divide Mere Christianity is C.S. Lewis's forceful and accessible doctrine of Christian belief. First heard as informal radio broadcasts and then published as three separate books - The Case for Christianity, Christian Behavior, and Beyond Personality - Mere Christianity brings together what Lewis saw as the fundamental truths of the religion. Rejecting the boundaries that divide Christianity's many denominations, C.S. Lewis finds a common ground on which all those who have Christian faith can stand together, proving that ""at the centre of each there is something, or a Someone, who against all divergences of belief, all differences of temperament, all memories of mutual persecution, speaks the same voice."" ...more"
fe0f34ebed689381,In Cold Blood,49.98,4,Nonfiction,In stock (6 available),"On November 15, 1959, in the small town of Holcomb, Kansas, four members of the Clutter family were savagely murdered by blasts from a shotgun held a few inches from their faces. There was no apparent motive for the crime, and there were almost no clues.As Truman Capote reconstructs the murder and the investigation that led to the capture, trial, and execution of the kille On November 15, 1959, in the small town of Holcomb, Kansas, four members of the Clutter family were savagely murdered by blasts from a shotgun held a few inches from their faces. There was no apparent motive for the crime, and there were almost no clues.As Truman Capote reconstructs the murder and the investigation that led to the capture, trial, and execution of the killers, he generates both mesmerizing suspense and astonishing empathy. In Cold Blood is a work that transcends its moment, yielding poignant insights into the nature of American violence. ...more"
e792c0969cefe1b8,How to Stop Worrying and Start Living,46.49,5,Self Help,In stock (6 available),"Learn how to break the worry habit -- Now and forever! With Dale Carnegie's timeless advice in hand, more than six million people have learned how to eliminate debilitating fear and worry from their lives and to embrace a worry-free future. In this classic work, How to Stop Worrying and Start Living, Carnegie offers a set of practical formulas that you can put to work tod Learn how to break the worry habit -- Now and forever! With Dale Carnegie's timeless advice in hand, more than six million people have learned how to eliminate debilitating fear and worry from their lives and to embrace a worry-free future. In this classic work, How to Stop Worrying and Start Living, Carnegie offers a set of practical formulas that you can put to work today. It is a book packed with lessons that will last a lifetime and make that lifetime happier! DISCOVER HOW TO: Eliminate fifty percent of business worries immediatelyReduce financial worriesAvoid fatigue -- and keep looking youngAdd one hour a day to your waking lifeFind yourself and be yourself -- remember there is no one else on earth like you! Fascinating to read and easy to apply, How to Stop Worrying and Start Living deals with fundamental emotions and life-changing ideas. There's no need to live with worry and anxiety that keep you from enjoying a full, active life! ...more"
384c7d41d5ffe9d1,"Girl, Interrupted",42.14,3,Nonfiction,In stock (6 available),"See alternate cover edition here.In 1967, after a session with a psychiatrist she'd never seen before, eighteen-year-old Susanna Kaysen was put in a taxi and sent to McLean Hospital. She spent most of the next two years on the ward for teenage girls in a psychiatric hospital as renowned for its famous clientele -- Sylvia Plath, Robert Lowell, James Taylor, and Ray Charles See alternate cover edition here.In 1967, after a session with a psychiatrist she'd never seen before, eighteen-year-old Susanna Kaysen was put in a taxi and sent to McLean Hospital. She spent most of the next two years on the ward for teenage girls in a psychiatric hospital as renowned for its famous clientele -- Sylvia Plath, Robert Lowell, James Taylor, and Ray Charles -- as for its progressive methods of treating those who could afford its sanctuary. Kaysen's memoir encompasses horror and razor-edged perception while providing vivid portraits of her fellow patients and their keepers. It is a brilliant evocation of a ""parallel universe"" set within the kaleidoscopically shifting landscape of the late sixties. Girl, Interrupted is a clear-sighted, unflinching document that gives lasting and specific dimension to our definitions of sane and insane, mental illness and recovery. ...more"
97258f576d4bb672,"Fruits Basket, Vol. 6 (Fruits Basket #6)",20.96,4,Sequential Art,In stock (6 available),"Delving into the recesses of Kyo's past, we find the Sohma trio returning home on a rainy day. There, a mysterious man who has known Kyo for a long time meets them. Trust, loyalty and the bonds of family and friendship are tested, as Tohru must help Kyo deal with the ""monsters"" that he's been trying to avoid."
4e3b183180e2a992,Deception Point,40.32,4,Fiction,In stock (6 available),"When a new NASA satellite spots evidence of an astonishingly rare object buried deep in the Arctic ice, the floundering space agency proclaims a much-needed victory...a victory that has profound implications for U.S. space policy and the impending presidential election. With the Oval Office in the balance, the President dispatches White House Intelligence analyst Rachel Se When a new NASA satellite spots evidence of an astonishingly rare object buried deep in the Arctic ice, the floundering space agency proclaims a much-needed victory...a victory that has profound implications for U.S. space policy and the impending presidential election. With the Oval Office in the balance, the President dispatches White House Intelligence analyst Rachel Sexton to the Milne Ice Shelf to verify the authenticity of the find. Accompanied by a team of experts, including the charismatic academic Michael Tolland, Rachel uncovers the unthinkable: evidence of scientific trickery -- a bold deception that threatens to plunge the world into controversy.But before Rachel can contact the President, she and Michael are attacked by a deadly team of assassins controlled by a mysterious power broker who will stop at nothing to hide the truth. Fleeing for their lives in an environment as desolate as it is lethal, their only hope for survival is to find out who is behind this masterful ploy. The truth, they will learn, is the most shocking deception of all. ...more"
6e06d0f00f6da20f,"Death Note, Vol. 6: Give-and-Take (Death Note #6)",36.39,3,Sequential Art,In stock (6 available),"Light Yagami is an ace student with great prospects - and he's bored out of his mind. But all that changes when he finds the Death Note, a notebook dropped by a rogue Shinigami death god. Any human whose name is written in the notebook dies, and now Light has vowed to use the power of the Death Note to rid the world of evil. But when criminals begin dropping dead, the auth Light Yagami is an ace student with great prospects - and he's bored out of his mind. But all that changes when he finds the Death Note, a notebook dropped by a rogue Shinigami death god. Any human whose name is written in the notebook dies, and now Light has vowed to use the power of the Death Note to rid the world of evil. But when criminals begin dropping dead, the authorities send the legendary detective L to track down the killer. With L hot on his heels, will Light lose sight of his noble goal...or his life?Give-and-TakeAlthough they've collected plenty of evidence tying the seven Yotsuba members to the newest Kira, Light, L and the rest of the taskforce are no closer to discovering which one actually possesses the Death Note. Desperate for some headway, L recruits Misa to infiltrate the group and feed them information calculated to bring Kira into the open. But the Shinigami Rem reveals to Misa who the Kiras really are, and, armed with this knowledge, Misa will do anything to help Light. But what will that mean for L...? ...more"
faf841f81c52638b,Better Homes and Gardens New Cook Book,39.61,3,Food and Drink,In stock (6 available),"Features: Over 900 new recipes -- 1,200 in all-reflect current eating habits and lifestyles; 500 new photographs -- over 700 in all-including 60 percent more of finished food than the last edition; Dozens of new recipes offer ethnic flavours, fresh ingredients, or vegetarian appeal; Many recipes feature make-ahead directions or quick-to-the-table meals; New chapter provide Features: Over 900 new recipes -- 1,200 in all-reflect current eating habits and lifestyles; 500 new photographs -- over 700 in all-including 60 percent more of finished food than the last edition; Dozens of new recipes offer ethnic flavours, fresh ingredients, or vegetarian appeal; Many recipes feature make-ahead directions or quick-to-the-table meals; New chapter provides recipes for crockery cookers; Efficient, easy-to-read format, with recipes categorised into 21 chapters, each thoroughly indexed for easy reference; Expanded chapter on cooking basics includes advice on food safety, menu planning, table setting, and make-ahead cooking, plus a thorough glossary on ingredients and techniques; Appliance-friendly recipes help cooks save time and creatively use new kitchen tools; Nutrition information with each recipe, plus diabetic exchanges; Contemporary food photography attracts browsers and helps cooks discover new recipes to make; Icons identify low-fat, no-fat, fast, and best-loved recipes; Every recipe tested and perfected by the Better Homes and Gardens Test Kitchen; Revised and updated cooking charts, ingredient photos, emergency substitutions, and equivalents; Respected, reliable kitchen reference with hundreds of cooking terms, tips, and techniques. ...more"
46cb43c2ab133ccc,An Unquiet Mind: A Memoir of Moods and Madness,21.3,3,Psychology,In stock (6 available),"WITH A NEW PREFACE BY THE AUTHORIn her bestselling classic, An Unquiet Mind, Kay Redfield Jamison changed the way we think about moods and madness.Dr. Jamison is one of the foremost authorities on manic-depressive (bipolar) illness;she has also experienced it firsthand. For evenwhile she was pursuing her career in academic medicine, Jamison found herself succumbing to the WITH A NEW PREFACE BY THE AUTHORIn her bestselling classic, An Unquiet Mind, Kay Redfield Jamison changed the way we think about moods and madness.Dr. Jamison is one of the foremost authorities on manic-depressive (bipolar) illness;Â she has also experienced it firsthand. For evenÂ while she was pursuing her career in academic medicine, Jamison found herself succumbing to the same exhilarating highs and catastrophic depressions that afflicted many of her patients, as her disorder launched her into ruinous spending sprees, episodes of violence, and an attemptedÂ suicide.Here Jamison examines bipolar illness from the dual perspectives of the healer and the healed, revealing both its terrors and the cruel allure that at times prompted her to resist taking medication. An Unquiet Mind is a memoir of enormous candor, vividness, and wisdomâa deeply powerful book that has both transformed and saved lives. ...more"
2e5b4ff08a75fd02,World Without End (The Pillars of the Earth #2),32.97,4,Historical Fiction,In stock (5 available),"Eighteen years after the publication of The Pillars of the Earth, Ken Follett has written the the long awaited sequel, World Without End. World Without End takes place in the same town of Kingsbridge, two centuries after the townspeople finished building the exquisite Gothic cathedral that was at the heart of The Pillars of the Earth. The cathedral and the priory are agai Eighteen years after the publication of The Pillars of the Earth, Ken Follett has written the the long awaited sequel, World Without End. World Without End takes place in the same town of Kingsbridge, two centuries after the townspeople finished building the exquisite Gothic cathedral that was at the heart of The Pillars of the Earth. The cathedral and the priory are again at the center of a web of love and hate, greed and pride, ambition and revenge, but this sequel stands on its own. This time, the men and women among an extraordinary cast of characters find themselves at a crossroad of new ideas -- about medicine, commerce, architecture, and justice. In a world where proponents of the old ways fiercely battle those with progressive minds, the intrigue and tension quickly reach a boiling point against the devastating backdrop of the greatest natural disaster ever to strike the human race: the Black Death. ...more"
e75f3ae1da1cc652,"Will Grayson, Will Grayson (Will Grayson, Will Grayson)",47.31,4,Young Adult,In stock (5 available),"Will Grayson meets Will Grayson. One cold night, in a most unlikely corner of Chicago, two strangers are about to cross paths. From that moment on, their world will collide and lives intertwine.It's not that far from Evanston to Naperville, but Chicago suburbanites Will Grayson and Will Grayson might as well live on different planets. When fate delivers them both to the sa Will Grayson meets Will Grayson. One cold night, in a most unlikely corner of Chicago, two strangers are about to cross paths. From that moment on, their world will collide and lives intertwine.It's not that far from Evanston to Naperville, but Chicago suburbanites Will Grayson and Will Grayson might as well live on different planets. When fate delivers them both to the same surprising crossroads, the Will Graysons find their lives overlapping and hurtling in new and unexpected directions. With a push from friends new and old - including the massive, and massively fabulous, Tiny Cooper, offensive lineman and musical theater auteur extraordinaire - Will and Will begin building toward respective romantic turns-of-heart and the epic production of history's most awesome high school musical. ...more"
60369d96b7b80869,Where She Went (If I Stay #2),41.73,4,Young Adult,In stock (5 available),"It's been three years since the devastating accident . . . three years since Mia walked out of Adam's life forever.Now living on opposite coasts, Mia is Juilliard's rising star and Adam is LA tabloid fodder, thanks to his new rock star status and celebrity girlfriend. When Adam gets stuck in New York by himself, chance brings the couple together again, for one last night. It's been three years since the devastating accident . . . three years since Mia walked out of Adam's life forever.Now living on opposite coasts, Mia is Juilliard's rising star and Adam is LA tabloid fodder, thanks to his new rock star status and celebrity girlfriend. When Adam gets stuck in New York by himself, chance brings the couple together again, for one last night. As they explore the city that has become Mia's home, Adam and Mia revisit the past and open their hearts to the future - and each other.Told from Adam's point of view in the spare, lyrical prose that defined If I Stay, Where She Went explores the devastation of grief, the promise of new hope, and the flame of rekindled romance. ...more"
abbb492978ff656d,The Secret Garden,15.08,4,Classics,In stock (5 available),"When orphaned Mary Lennox comes to live at her uncle's great house on the Yorkshire Moors, she finds it full of secrets. The mansion has nearly one hundred rooms, and her uncle keeps himself locked up. And at night, she hears the sound of crying down one of the long corridors.The gardens surrounding the large property are Mary's only escape. Then, Mary discovers a secret g When orphaned Mary Lennox comes to live at her uncle's great house on the Yorkshire Moors, she finds it full of secrets. The mansion has nearly one hundred rooms, and her uncle keeps himself locked up. And at night, she hears the sound of crying down one of the long corridors.The gardens surrounding the large property are Mary's only escape. Then, Mary discovers a secret garden, surrounded by walls and locked with a missing key. One day, with the help of two unexpected companions, she discovers a way in. Is everything in the garden dead, or can Mary bring it back to life? ...more"
f701fae56b645ef7,The Power Greens Cookbook: 140 Delicious Superfood Recipes,11.05,5,Food and Drink,In stock (5 available),"The Power Greens Cookbook presents 140 delicious, healthy recipes for dark, leafy greens that will please your palate and inspire you to clean your plate.Kale and collards donât have to be the only greens on your shopping list anymore. Rising stars include romaine and parsley, Brussels sprouts and beet greens, and more. But say the words âEat your greens,â and even though The Power Greens Cookbook presents 140 delicious, healthy recipes for dark, leafy greens that will please your palate and inspire you to clean your plate.Â Kale and collards donât have to be the only greens on your shopping list anymore. Rising stars include romaine and parsley, Brussels sprouts and beet greens, and more. But say the words âEat your greens,â and even though we know theyâre good for us, many people are afraid that they wonât taste good. Fear no more! The Power Greens Cookbook provides go-to recipes that are both nutritious and delicious. Â  Acclaimed cookbook author and blogger Dana Jacobi expands your culinary repertoire and introduces the fifteen Power Greensâfrom arugula to watercressâthat are loaded with health-supporting nutrients and phytochemicals that enhance vitality, all the while protecting against diabetes, heart disease, and high blood pressure, fortifying eyes and muscles, even making your skin glow. Jacobi also shares simple cooking techniques that help you prepare these super veggies quickly. Including main dishes and hearty salads, dips, spreads, snacks, and even drinks, The Power Greens Cookbook offers myriad mouthwatering vegetable-centric recipes. Â â¢ Soups: Cabbage and Brussels Sprouts Soup, Spinach Gazpacho with Walnuts, Hoppinâ John Stew with Mustard Greensâ¢ Salads: Caesar Salad with Parmesan Chickpeas, Tuscan Kale Salad with Pomegranate Seeds and Walnuts, Beets and Beet Greens with Citrus Dressingâ¢ Main Dishes: Red Beans and Smoky Greens, Kale-Smothered Pork Chops with Carrot and Apple, Tortelloni with Broccoli Rabe Floretsâ¢ Small Meals and Snacks: Avocado and Watercress Tartine, Grilled Cheese and Tomato Sandwich with Kimchi, Poached Eggs in a Nest of Bacon-Wilted Kaleâ¢ Side Dishes and Condiments: Carrots with Wild Arugula Pesto, French Lettuce Stir-Fry, Tahini Creamed Spinach, Kale Zaâatar Â Shown in dozens of tantalizing photographs, these dishes are sure to become mainstays in your kitchen for weeknight family meals, casual entertaining, and elegant dinner parties. From the cruciferous and crunchy to the leafy and light, The Power Greens Cookbook is just what the doctorâand your taste budsâordered. ...more"
0d210d2448c3018f,The Mathews Men: Seven Brothers and the War Against Hitler's U-boats,42.91,5,History,In stock (5 available),"One of the last unheralded heroic stories of World War II: the U-boat assault off the American coast against the men of the U.S. Merchant Marine who were supplying the European war, and one communityâs monumental contribution to that effortPraise for The Mathews MenâThe German U-Boat war against American merchant men was deadly and dramaticâin World War II, the U.S. Mercha One of the last unheralded heroic stories of World War II: the U-boat assault off the American coast against the men of the U.S. Merchant Marine who were supplying the European war, and one communityâs monumental contribution to that effortPraise for The Mathews MenâThe German U-Boat war against American merchant men was deadly and dramaticâin World War II, the U.S. Merchant Marine had twice the fatality rate of the U.S. Navy. William Geroux has unearthed a fascinating tale of one small coastal town caught in the thick of the fight, and he tells it with a sharp reporterâs eye and a real feel for the heroic men who went down to the sea in ships.â âEvan Thomas, author of Being Nixon and Sea of ThunderMathews County, Virginia, is a remote outpost on the Chesapeake Bay with little to offer except unspoiled sceneryâbut it sent one of the largest concentrations of sea captains and U.S. merchant mariners of any community in America to fight in World War II. The Mathews Men tells that heroic story through the experiences of one extraordinary family whose seven sons (and their neighbors), U.S. merchant mariners all, suddenly found themselves squarely in the cross-hairs of the U-boats bearing down on the coastal United States in 1942. Â Â Â Â Â Â Â Â Â Â Â  From the late 1930s to 1945, virtually all the fuel, food and munitions that sustained the Allies in Europe traveled not via the Navy but in merchant ships. After Pearl Harbor, those unprotected ships instantly became the U-boatsâ prime targets. And they were easy targetsâthe Navy lacked the inclination or resources to defend them until the beginning of 1943. Hitler was determined that his U-boats should sink every American ship they could find, sometimes within sight of tourist beaches, and to kill as many mariners as possible, in order to frighten their shipmates into staying ashore. Â Â Â Â Â Â Â Â Â Â Â  As the war progressed, men from Mathews sailed the North and South Atlantic, the Caribbean, the Gulf of Mexico, the Mediterranean, the Indian Ocean, and even the icy Barents Sea in the Arctic Circle, where they braved the dreaded Murmansk Run. Through their experiences we have eyewitnesses to every danger zone, in every kind of ship. Some died horrific deaths. Others fought to survive torpedo explosions, flaming oil slicks, storms, shark attacks, mine blasts, and harrowing lifeboat odysseysâonly to ship out again on the next boat as soon as they'd returned to safety.Â Â Â Â Â Â Â Â Â Â Â  The Mathews Men shows us the war far beyond traditional battlefieldsâoften the U.S. merchant marinersâ life-and-death struggles took place just off the U.S. coastâbut also takes us to the landing beaches at D-Day and to the Pacific. âWhen final victory is ours,â General Dwight D. Eisenhower had predicted, âthere is no organization that will share its credit more deservedly than the Merchant Marine.â Here, finally, is the heroic story of those merchant seamen, recast as the human story of the men from Mathews. ...more"
dfd9ff1f343cdaff,The Little Paris Bookshop,24.73,3,Fiction,In stock (5 available),"âThere are books that are suitable for a million people, others for only a hundred. There are even remediesâI mean booksâthat were written for one person onlyâ¦A book is both medic and medicine at once. It makes a diagnosis as well as offering therapy. Putting the right novels to the appropriate ailments: thatâs how I sell books.âMonsieur Perdu calls himself a literary apot âThere are books that are suitable for a million people, others for only a hundred. There are even remediesâI mean booksâthat were written for one person onlyâ¦A book is both medic and medicine at once. It makes a diagnosis as well as offering therapy. Putting the right novels to the appropriate ailments: thatâs how I sell books.âMonsieur Perdu calls himself a literary apothecary. From his floating bookstore in a barge on the Seine, he prescribes novels for the hardships of life. Using his intuitive feel for the exact book a reader needs, Perdu mends broken hearts and souls. The only person he can't seem to heal through literature is himself; he's still haunted by heartbreak after his great love disappeared. She left him with only a letter, which he has never opened.After Perdu is finally tempted to read the letter, he hauls anchor and departs on a mission to the south of France, hoping to make peace with his loss and discover the end of the story. Joined by a bestselling but blocked author and a lovelorn Italian chef, Perdu travels along the countryâs rivers, dispensing his wisdom and his books, showing that the literary world can take the human soul on a journey to heal itself.Internationally bestselling and filled with warmth and adventure, The Little Paris Bookshop is a love letter to books, meant for anyone who believes in the power of stories to shape people's lives. ...more"
3213b1f13f5f0f7c,The Grand Design,13.76,3,Science,In stock (5 available),"THE FIRST MAJOR WORK IN NEARLY A DECADE BY ONE OF THE WORLDâS GREAT THINKERSâA MARVELOUSLY CONCISE BOOK WITH NEW ANSWERS TO THE ULTIMATE QUESTIONS OF LIFEWhen and how did the universe begin? Why are we here? Why is there something rather than nothing? What is the nature of reality? Why are the laws of nature so finely tuned as to allow for the existence of beings like ours THE FIRST MAJOR WORK IN NEARLY A DECADE BY ONE OF THE WORLDâS GREAT THINKERSâA MARVELOUSLY CONCISE BOOK WITH NEW ANSWERS TO THE ULTIMATE QUESTIONS OF LIFEÂ When and how did the universe begin? Why are we here? Why is there something rather than nothing? What is the nature of reality? Why are the laws of nature so finely tuned as to allow for the existence of beings like ourselves? And, finally, is the apparent âgrand designâ of our universe evidence of a benevolent creator who set things in motionâor does science offer another explanation? The most fundamental questions about the origins of the universe and of life itself, once the province of philosophy, now occupy the territory where scientists, philosophers, and theologians meetâif only to disagree. In their new book, Stephen Hawking and Leonard Mlodinow present the most recent scientific thinking about the mysteries of the universe, in nontechnical language marked by both brilliance and simplicity. In The Grand Design they explain that according to quantum theory, the cosmos does not have just a single existence or history, but rather that every possible history of the universe exists simultaneously. When applied to the universe as a whole, this idea calls into question the very notion of cause and effect. But the âtop-downâ approach to cosmology that Hawking and Mlodinow describe would say that the fact that the past takes no definite form means that we create history by observing it, rather than that history creates us. The authors further explain that we ourselves are the product of quantum fluctuations in the very early universe, and show how quantum theory predicts the âmultiverseââthe idea that ours is just one of many universes that appeared spontaneously out of nothing, each with different laws of nature.Along the way Hawking and Mlodinow question the conventional concept of reality, posing a âmodel-dependentâ theory of reality as the best we can hope to find. And they conclude with a riveting assessment of M-theory, an explanation of the laws governing us and our universe that is currently the only viable candidate for a complete âtheory of everything.â If confirmed, they write, it will be the unified theory that Einstein was looking for, and the ultimate triumph of human reason.A succinct, startling, and lavishly illustrated guide to discoveries that are altering our understanding and threatening some of our most cherished belief systems, The Grand Design is a book that will informâand provokeâlike no other. ...more"
ad84f18659e6bfe2,The Firm,45.56,3,Fiction,In stock (5 available),"When Mitch McDeere signed on with Bendini, Lambert & Locke of Memphis, he thought that he and his beautiful wife, Abby, were on their way. The firm leased him a BMW, paid off his school loans, arranged a mortgage, and hired the McDeeres a decorator. Mitch should have remembered what his brother Rayâdoing fifteen years in a Tennessee jailâalready knew: You never get not When Mitch McDeere signed on with Bendini, Lambert & Locke of Memphis, he thought that he and his beautiful wife, Abby, were on their way. The firm leased him a BMW, paid off his school loans, arranged a mortgage, and hired the McDeeres a decorator. Mitch should have remembered what his brother Rayâdoing fifteen years in a Tennessee jailâalready knew: You never get nothing for nothing. Now the FBI has the lowdown on Mitchâs firm and needs his help. Mitch is caught between a rock and a hard place, with no choiceâif he wants to live. ...more"
c4182bdb53e2459a,The Darkest Corners,11.33,5,Young Adult,In stock (5 available),"The Darkest Corners is a psychological thriller about the lies little girls tell, and the deadly truths those lies become.There are ghosts around every corner in Fayette, Pennsylvania. Tessa left when she was nine and has been trying ever since not to think about it after what happened there that last summer. Memories of things so dark will burn themselves into your mind i The Darkest Corners is a psychological thriller about the lies little girls tell, and the deadly truths those lies become.There are ghosts around every corner in Fayette, Pennsylvania. Tessa left when she was nine and has been trying ever since not to think about it after what happened there that last summer. Memories of things so dark will burn themselves into your mind if you let them.Callie never left. She moved to another house, so she doesnât have to walk those same halls, but then Callie always was the stronger one. She can handle staring into the faces of her demonsâand if she parties hard enough, maybe one day theyâll disappear for good.Tessa and Callie have never talked about what they saw that night. After the trial, Callie drifted and Tessa moved, and childhood friends just have a way of losing touch.But ever since she left, Tessa has had questions. Things have never quite added up. And now she has to go back to Fayetteâto Wyatt Stokes, sitting on death row; to Lori Cawley, Callieâs dead cousin; and to the one other person who may be hiding the truth.Only the closer Tessa gets to the truth, the closer she gets to a killerâand this time, it wonât be so easy to run away. ...more"
b228042c088b1913,The Crossover,38.77,4,Poetry,In stock (5 available),"""With a bolt of lightning on my kicks . . .The court is SIZZLING. My sweat is DRIZZLING. Stop all that quivering. Cuz tonight I'm delivering,"" announces dread-locked, 12-year old Josh Bell. He and his twin brother Jordan are awesome on the court. But Josh has more than basketball in his blood, he's got mad beats, too, that tell his family's story in verse, in this fast and ""With a bolt of lightning on my kicks . . .The court is SIZZLING. My sweat is DRIZZLING. Stop all that quivering. Cuz tonight I'm delivering,"" announces dread-locked, 12-year old Josh Bell. He and his twin brother Jordan are awesome on the court. But Josh has more than basketball in his blood, he's got mad beats, too, that tell his family's story in verse, in this fast and furious middle grade novel of family and brotherhood. Josh and Jordan must come to grips with growing up on and off the court to realize breaking the rules comes at a terrible price, as their story's heart-stopping climax proves a game-changer for the entire family. ...more"
84126312e2431a09,Tell the Wind and Fire,45.51,3,Fantasy,In stock (5 available),"In a city divided between opulent luxury in the Light and fierce privations in the Dark, a determined young woman survives by guarding her secrets. Lucie Manette was born in the Dark half of the city, but careful manipulations won her a home in the Light, celebrity status, and a rich, loving boyfriend. Now she just wants to keep her head down, but her boyfriend has a dark In a city divided between opulent luxury in the Light and fierce privations in the Dark, a determined young woman survives by guarding her secrets. Lucie Manette was born in the Dark half of the city, but careful manipulations won her a home in the Light, celebrity status, and a rich, loving boyfriend. Now she just wants to keep her head down, but her boyfriend has a dark secret of his ownâone involving an apparent stranger who is destitute and despised.Lucie alone knows of the deadly connection the young men share, and even as the knowledge leads her to make a grave mistake, she can trust no one with the truth.Blood and secrets alike spill out when revolution erupts. With both halves of the city burning, and mercy nowhere to be found, can Lucie save either boyâor herself?Celebrated author Sarah Rees Brennan tells a magical tale of romance and revolution, love and loss. ...more"
1dba84766a5e87b8,Talking to Girls About Duran Duran: One Young Man's Quest for True Love and a Cooler Haircut,25.15,4,Nonfiction,In stock (5 available),"The author of the national bestseller Love is a Mix Tape returns, with a different-but equally personal and equally universal- spin on music as memory. ""No rock critic-living or dead, American or otherwise-has ever written about pop music with the evocative, hyperpoetic perfectitude of Rob Sheffield."" So said Chuck Klosterman about Love is a Mix Tape, Sheffield's paean to The author of the national bestseller Love is a Mix Tape returns, with a different-but equally personal and equally universal- spin on music as memory. ""No rock critic-living or dead, American or otherwise-has ever written about pop music with the evocative, hyperpoetic perfectitude of Rob Sheffield."" So said Chuck Klosterman about Love is a Mix Tape, Sheffield's paean to a lost love via its soundtrack. Now, in Talking to Girls About Duran Duran, Sheffield shares the soundtrack to his eighties adolescence. When he turned 13 in 1980, Rob Sheffield had a lot to learn about women, love, music and himself, and in Talking to Girls About Duran Duran we get a glimpse into his transformation from pasty, geeky ""hermit boy"" into a young man with his first girlfriend, his first apartment, and a sense of the world. These were the years of MTV and John Hughes movies; the era of big dreams and bigger shoulder pads; and, like any all-American boy, this one was searching for true love and maybe a cooler haircut. It's all here: Inept flirtations. Dumb crushes. Deplorable fashion choices. Members Only jackets. Girls, every last one of whom seems to be madly in love with the bassist of Duran Duran. Sheffield's coming-of-age story is one that we all know, with a playlist that any child of the eighties or anyone who just loves music will sing along with. These songs-and Sheffield's writing-will remind readers of that first kiss, that first car, and the moments that shaped their lives. ...more"
84bb29c53592ac40,Siddhartha,34.22,5,Fiction,In stock (5 available),"In the novel, Siddhartha, a young man, leaves his family for a contemplative life, then, restless, discards it for one of the flesh. He conceives a son, but bored and sickened by lust and greed, moves on again. Near despair, Siddhartha comes to a river where he hears a unique sound. This sound signals the true beginning of his lifeâthe beginning of suffering, rejection, pe In the novel, Siddhartha, a young man, leaves his family for a contemplative life, then, restless, discards it for one of the flesh. He conceives a son, but bored and sickened by lust and greed, moves on again. Near despair, Siddhartha comes to a river where he hears a unique sound. This sound signals the true beginning of his lifeâthe beginning of suffering, rejection, peace, and, finally, wisdom. ...more"
59a8ae019b64f2a7,Shiver (The Wolves of Mercy Falls #1),16.23,5,Default,In stock (5 available),"For years, Grace has watched the wolves in the woods behind her house. One yellow-eyed wolfâher wolfâis a chilling presence she can't seem to live without.Meanwhile, Sam has lived two lives: In winter, the frozen woods, the protection of the pack, and the silent company of a fearless girl. In summer, a few precious months of being humanâ¦ until the cold makes him shift back For years, Grace has watched the wolves in the woods behind her house. One yellow-eyed wolfâher wolfâis a chilling presence she can't seem to live without.Meanwhile, Sam has lived two lives: In winter, the frozen woods, the protection of the pack, and the silent company of a fearless girl. In summer, a few precious months of being humanâ¦ until the cold makes him shift back again.Now, Grace meets a yellow-eyed boy whose familiarity takes her breath away. It's her wolf. It has to be. But as winter nears, Sam must fight to stay humanâor risk losing himself, and Grace, forever. ...more"
2973d38c2fbd7a5c,Remember Me?,11.48,3,Default,In stock (5 available),"When twenty-eight-year-old Lexi Smart wakes up in a London hospital, sheâs in for a big surprise. Her teeth are perfect. Her body is toned. Her handbag is Vuitton. Having survived a car accidentâin a Mercedes no lessâLexi has lost a big chunk of her memory, three years to be exact, and sheâs about to find out just how much things have changed.Somehow Lexi went from a twent When twenty-eight-year-old Lexi Smart wakes up in a London hospital, sheâs in for a big surprise. Her teeth are perfect. Her body is toned. Her handbag is Vuitton. Having survived a car accidentâin a Mercedes no lessâLexi has lost a big chunk of her memory, three years to be exact, and sheâs about to find out just how much things have changed.Somehow Lexi went from a twenty-five-year-old working girl to a corporate big shot with a sleek new loft, a personal assistant, a carb-free diet, and a set of glamorous new friends. And who is this gorgeous husbandâwho also happens to be a multimillionaire? With her mind still stuck three years in reverse, Lexi greets this brave new world determined to be the person sheâ¦well, seems to be. That is, until an adorably disheveled architect drops the biggest bombshell of all.Suddenly Lexi is scrambling to catch her balance. Her new life, it turns out, comes complete with secrets, schemes, and intrigue. How on earth did all this happen? Will she ever remember? And what will happen when she does?With the same wicked humor and delicious charm that have won her millions of devoted fans, Sophie Kinsella, author of the #1 New York Times bestseller Shopaholic & Baby, returns with an irresistible new novel and a fresh new heroine who finds herself in a life-changing and utterly hilarious predicamentâ¦ ...more"
e958ae92f328c181,Red Dragon (Hannibal Lecter #1),23.37,3,Horror,In stock (5 available),"Will Graham stands in a silent, empty house communing with a killer. An FBI instructor with a gift for hunting madmen, Graham knows what his murderer looks like, how he thinks, and what he did to his victims after they died. Now Graham must try to catch him. But to do it, he must feel the heat of a killer's brain, draw on the macabre advice of a dangerous mental patient, D Will Graham stands in a silent, empty house communing with a killer. An FBI instructor with a gift for hunting madmen, Graham knows what his murderer looks like, how he thinks, and what he did to his victims after they died. Now Graham must try to catch him. But to do it, he must feel the heat of a killer's brain, draw on the macabre advice of a dangerous mental patient, Dr. Hannibal Lecter, and follow a trail of microscopic clues to the place where another family has already been chosen to die--and where an innocent woman has found the Dragon first. ...more"
a4ce39a3720cd679,My Mother Was Nuts,31.63,4,Nonfiction,In stock (5 available),"Most people know Penny Marshall as the director of Big and A League of Their Own. What they donât know is her trailblazing career was a happy accident. In this funny and intimate memoir, Penny takes us from the stage of The Jackie Gleason Show in 1955 to Hollywoodâs star-studded sets, offering up some hilarious detours along the way.My Mother Was Nuts is an intimate backst Most people know Penny Marshall as the director of Big and A League of Their Own. What they donât know is her trailblazing career was a happy accident. In this funny and intimate memoir, Penny takes us from the stage of The Jackie Gleason Show in 1955 to Hollywoodâs star-studded sets, offering up some hilarious detours along the way.My Mother Was Nuts is an intimate backstage pass to Pennyâs personal life, her breakout role on The Odd Couple, her exploits with Cindy Williams and John Belushi, and her travels across Europe with Art Garfunkel on the back of a motorcycle. We see Penny get married. And divorced. And married again (the second time to Rob Reiner). We meet a young Carrie Fisher, whose close friendship with Penny has spanned decades. And we see Penny at work with Tom Hanks, Mark Wahlberg, Whoopi Goldberg, Robert De Niro, and Whitney Houston.Throughout it all, from her childhood spent tap dancing in the Bronx, to her rise as the star of Laverne & Shirley, Penny lived by simple rules: âtry hard, help your friends, donât get too crazy, and have fun.â With humor and heart, My Mother Was Nuts reveals thereâs no one else quite like Penny Marshall. ...more"
12a90b90283b2e6d,Mexican Today: New and Rediscovered Recipes for Contemporary Kitchens,24.91,5,Food and Drink,In stock (5 available),"Intriguing recipes for everyday meals from the host of the PBS series Patiâs Mexican Table On her PBS TV series, now in its fifth season, as well as in frequent appearances on shows like The Chew, Pati Jinich, a busy mother of three, has shown a flair for making Mexican cooking irresistibly accessible. In Mexican Today, she shares easy, generous dishes, both traditional on Intriguing recipes for everyday meals from the host of the PBS series Patiâs Mexican Table On her PBS TV series, now in its fifth season, as well as in frequent appearances on shows like The Chew, Pati Jinich, a busy mother of three, has shown a flair for making Mexican cooking irresistibly accessible. In Mexican Today, she shares easy, generous dishes, both traditional ones and her own new spins. Some are regional recipes she has recovered from the past and updated, like Minersâ Enchiladas with fresh vegetables and cheese or Drunken Rice with Chicken and Chorizo, a specialty of the YucatÃ¡n. âSweatyâ Tacos with ripe tomatoes and cheese are so convenient theyâre sold on Mexican streets by bicyclists. Her grandmotherâs Cornflake Cookies feel just as contemporary now as they did then.Â Â Pati has âMexed upâ other recipes in such family favorites as Mexican Pizza with Grilled Skirt Steak and Onions. Still other dishes show the evolution of Mexican food north and south of the border, including Mexican Dreamboat Hotdogs and Cal-Mex Fish Tacos with Creamy Slaw. This food will draw everyone togetherâa family at the end of a working day, a book club, or a neighborhood potluck.Â  Throughout, Pati is an infectious cheerleader, sharing stores of the food, people, and places behind the recipes. ...more"
5e1a88d248599768,Lola and the Boy Next Door (Anna and the French Kiss #2),23.63,4,Young Adult,In stock (5 available),"Lola Nolan is a budding costume designer, and for her, the more outrageous, sparkly, and fun the outfit, the better. And everything is pretty perfect in her life (right down to her hot rocker boyfriend) until the Bell twins, Calliope and Cricket, return to the neighborhood. When Cricket, a gifted inventor, steps out from his twin sister's shadow and back into Lola's life, Lola Nolan is a budding costume designer, and for her, the more outrageous, sparkly, and fun the outfit, the better. And everything is pretty perfect in her life (right down to her hot rocker boyfriend) until the Bell twins, Calliope and Cricket, return to the neighborhood. When Cricket, a gifted inventor, steps out from his twin sister's shadow and back into Lola's life, she must finally reconcile a lifetime of feelings for the boy next door. ...more"
8dde2ff3f6fcc0a3,Killing Floor (Jack Reacher #1),31.49,4,Thriller,In stock (5 available),"Ex-military policeman Jack Reacher is a drifter. He's just passing through Margrave, Georgia, and in less than an hour, he's arrested for murder. Not much of a welcome. All Jack knows is that he didn't kill anybody. At least not here. Not lately. But he doesn't stand a chance of convincing anyone. not in Margrave, Georgia. Not a chance in hell."
44f545727e704187,Kill the Boy Band,15.52,5,Young Adult,In stock (5 available),"Just know from the start that it wasnât supposed to go like this. All we wanted was to get near them. Thatâs why we got a room in the hotel where they were staying.We were not planning to kidnap one of them. Especially not the most useless one. But we had himâhis room key, his cell phone, and his secrets.We were not planning on what happened next.We swear.From thrilling ne Just know from the start that it wasnât supposed to go like this. All we wanted was to get near them. Thatâs why we got a room in the hotel where they were staying.We were not planning to kidnap one of them. Especially not the most useless one. But we had himâhis room key, his cell phone, and his secrets.We were not planning on what happened next.We swear.From thrilling new talent Goldy Moldavsky comes a pitch-black, hiarlious take on fandom and the badass girls who have the power to makeâor breakâthe people we call âcelebrities.â ...more"
45045146dbf7b009,Isla and the Happily Ever After (Anna and the French Kiss #3),48.13,5,Young Adult,In stock (5 available),"Love ignites in the City That Never Sleeps, but can it last? Hopeless romantic Isla has had a crush on introspective cartoonist Josh since their first year at the School of America in Paris. And after a chance encounter in Manhattan over the summer, romance might be closer than Isla imagined. But as they begin their senior year back in France, Isla and Josh are forced to c Love ignites in the City That Never Sleeps, but can it last? Hopeless romantic Isla has had a crush on introspective cartoonist Josh since their first year at the School of America in Paris. And after a chance encounter in Manhattan over the summer, romance might be closer than Isla imagined. But as they begin their senior year back in France, Isla and Josh are forced to confront the challenges every young couple must face, including family drama, uncertainty about their college futures, and the very real possibility of being apart. Featuring cameos from fan-favorites Anna, Ãtienne, Lola, and Cricket, this sweet and sexy story of true loveâset against the stunning backdrops of New York City, Paris, and Barcelonaâis a swoonworthy conclusion to Stephanie Perkinsâs beloved series. ...more"
7284d85428305f5a,If I Stay (If I Stay #1),38.13,5,Default,In stock (5 available),"Librarian note: an alternate cover for this edition can be found here.Just listen, Adam says with a voice that sounds like shrapnel.I open my eyes wide now.I sit up as much as I can.And I listen.Stay, he says.Choices. Seventeen-year-old Mia is faced with some tough ones: Stay true to her first loveâmusicâeven if it means losing her boyfriend and leaving her family and frie Librarian note: an alternate cover for this edition can be found here.Just listen, Adam says with a voice that sounds like shrapnel.I open my eyes wide now.I sit up as much as I can.And I listen.Stay, he says.Choices. Seventeen-year-old Mia is faced with some tough ones: Stay true to her first loveâmusicâeven if it means losing her boyfriend and leaving her family and friends behind?Then one February morning Mia goes for a drive with her family, and in an instant, everything changes. Suddenly, all the choices are gone, except one. And it's the only one that matters.If I Stay is a heartachingly beautiful book about the power of love, the true meaning of family, and the choices we all make. ...more"
e46b1074b99ac4b6,Dracula the Un-Dead,35.63,5,Horror,In stock (5 available),"At lastâthe sequel to Bram Stoker's classic novel Dracula, written by his direct descendant and a Dracula historian Bram Stoker's Dracula is the prototypical horror novel, an inspiration for the world's seemingly limitless fascination with vampires. Though many have tried to replicate Stoker's horror classicâin books, television shows, and moviesâonly the 1931 Bela Lugosi At lastâthe sequel to Bram Stoker's classic novel Dracula, written by his direct descendant and a Dracula historian Bram Stoker's Dracula is the prototypical horror novel, an inspiration for the world's seemingly limitless fascination with vampires. Though many have tried to replicate Stoker's horror classicâin books, television shows, and moviesâonly the 1931 Bela Lugosi film bore the Stoker family's support. Until now. Dracula The Un-Dead is a bone-chilling sequel based on Bram Stoker's own handwritten notes for characters and plot threads excised from the original edition. Dracula The Un-Dead begins in 1912, twenty-five years after Dracula ""crumbled into dust."" Van Helsing's protÃ©gÃ©, Dr. Jack Seward, is now a disgraced morphine addict obsessed with stamping out evil across Europe. Meanwhile, an unknowing Quincey Harker, the grown son of Jonathan and Mina, leaves law school for the London stage, only to stumble upon the troubled production of ""Dracula,"" directed and produced by Bram Stoker himself. The play plunges Quincey into the world of his parents' terrible secrets, but before he can confront them he experiences evil in a way he had never imagined. One by one, the band of heroes that defeated Dracula a quarter-century ago is being hunted down. Could it be that Dracula somehow survived their attack and is seeking revenge? Or is there another force at work whose relentless purpose is to destroy anything and anyone associated with Dracula? Dracula The Un-Dead is deeply researched, rich in character, thrills and scares, and lovingly crafted as both an extension and celebration of one of the most classic popular novels in literature. ...more"
bcf567421c581f0a,"Data, A Love Story: How I Gamed Online Dating to Meet My Match",32.35,3,Nonfiction,In stock (5 available),"Forty million people date online each year. Most donât find true love. Thanks to Data, a Love Story, their odds just got a whole lot better. Data, A Love Story: How I Gamed Online Dating to Meet My Match is a lively, thought-provoking memoir about how one woman âgamedâ the world of online datingâand met her eventual husband."
b54d7416bb445989,Booked,17.49,5,Poetry,In stock (5 available),"Like lightning/you strike/fast and free/legs zoom/down field/eyes fixed/on the checkered ball/on the goal/ten yards to go/canât nobody stop you/canât nobody cop youâ¦ In this follow-up to the Newbery-winning novel THE CROSSOVER, soccer, family, love, and friendship, take center stage as twelve-year-old Nick learns the power of words as he wrestles with problems at home, sta Like lightning/you strike/fast and free/legs zoom/down field/eyes fixed/on the checkered ball/on the goal/ten yards to go/canât nobody stop you/canât nobody cop youâ¦ In this follow-up to the Newbery-winning novel THE CROSSOVER, Â soccer, family, love, and friendship, take center stage as twelve-year-old Nick learns the power of words as he wrestles with problems at home, stands up to a bully, and tries to impress the girl of his dreams.Â Helping him along are his best friend and sometimes teammate Coby, and The Mac, a rapping librarian who gives Nick inspiring books to read.Â Â  This electric and heartfelt novel-in-verse by poet Kwame Alexander bends and breaks as it captures all the thrills and setbacks, action and emotion of a World Cup match! ...more"
ad5e078beceaeb4a,"Blue Lily, Lily Blue (The Raven Cycle #3)",34.13,5,Default,In stock (5 available),"There is danger in dreaming. But there is even more danger in waking up. Blue Sargent has found things. For the first time in her life, she has friends she can trust, a group to which she can belong. The Raven Boys have taken her in as one of their own. Their problems have become hers, and her problems have become theirs. The trick with found things though, is how easily t There is danger in dreaming. But there is even more danger in waking up. Blue Sargent has found things. For the first time in her life, she has friends she can trust, a group to which she can belong. The Raven Boys have taken her in as one of their own. Their problems have become hers, and her problems have become theirs. The trick with found things though, is how easily they can be lost. Friends can betray. Mothers can disappear. Visions can mislead. Certainties can unravel. ...more"
f36d24c309e87e5b,An Abundance of Katherines,10.0,5,Young Adult,In stock (5 available),"Katherine V thought boys were gross Katherine X just wanted to be friends Katherine XVIII dumped him in an e-mail K-19 broke his heart When it comes to relationships, Colin Singleton's type happens to be girls named Katherine. And when it comes to girls named Katherine, Colin is always getting dumped. Nineteen times, to be exact. On a road trip miles from home, this anagr Katherine V thought boys were gross Katherine X just wanted to be friends Katherine XVIII dumped him in an e-mail K-19 broke his heart When it comes to relationships, Colin Singleton's type happens to be girls named Katherine. And when it comes to girls named Katherine, Colin is always getting dumped. Nineteen times, to be exact. On a road trip miles from home, this anagram-happy, washed-up child prodigy has ten thousand dollars in his pocket,Â a bloodthirsty feral hog on his trail, andÂ an overweight, Judge Judy-loving best friend riding shotgun--but no Katherines. Colin isÂ on a mission to prove The Theorem of Underlying Katherine Predictability, which he hopes will predict the future of any relationship, avenge Dumpees everywhere, and finally win him the girl. Love, friendship, and a dead Austro-Hungarian archduke add up to surprising and heart-changing conclusions in this ingeniously layered comic novelÂ about reinventing oneself. ...more"
f2c8f4b4c94d5c5c,A Feast for Crows (A Song of Ice and Fire #4),17.21,4,Fantasy,In stock (5 available),"With A Feast for Crows, Martin delivers the long-awaited fourth volume of the landmark series that has redefined imaginative fiction and stands as a modern masterpiece in the making.After centuries of bitter strife, the seven powers dividing the land have beaten one another into an uneasy truce. But it's not long before the survivors, outlaws, renegades, and carrion eaters With A Feast for Crows, Martin delivers the long-awaited fourth volume of the landmark series that has redefined imaginative fiction and stands as a modern masterpiece in the making.After centuries of bitter strife, the seven powers dividing the land have beaten one another into an uneasy truce. But it's not long before the survivors, outlaws, renegades, and carrion eaters of the Seven Kingdoms gather. Now, as the human crows assemble over a banquet of ashes, daring new plots and dangerous new alliances are formed while surprising facesâsome familiar, others only just appearingâemerge from an ominous twilight of past struggles and chaos to take up the challenges of the terrible times ahead. Nobles and commoners, soldiers and sorcerers, assassins and sages, are coming together to stake their fortunes...and their lives. For at a feast for crows, many are the guestsâbut only a few are the survivors. ...more"
89a89e76f3516357,A Clash of Kings (A Song of Ice and Fire #2),10.79,3,Add a comment,In stock (5 available),"Alternate cover edition can be found here. Time is out of joint. The summer of peace and plenty, ten years long, is drawing to a close, and the harsh, chill winter approaches like an angry beast. Two great leadersâLord Eddard Stark and Robert Baratheonâwho held sway over an age of enforced peace are dead...victims of royal treachery. Now, from the ancient citadel of Dragon Alternate cover edition can be found here. Time is out of joint. The summer of peace and plenty, ten years long, is drawing to a close, and the harsh, chill winter approaches like an angry beast. Two great leadersâLord Eddard Stark and Robert Baratheonâwho held sway over an age of enforced peace are dead...victims of royal treachery. Now, from the ancient citadel of Dragonstone to the forbidding shores of Winterfell, chaos reigns, as pretenders to the Iron Throne of the Seven Kingdoms prepare to stake their claims through tempest, turmoil, and war. As a prophecy of doom cuts across the skyâa comet the color of blood and flameâsix factions struggle for control of a divided land. Eddard's son Robb has declared himself King in the North. In the south, Joffrey, the heir apparent, rules in name only, victim of the scheming courtiers who teem over King's Landing. Robert's two brothers each seek their own dominion, while a disfavored house turns once more to conquest. And a continent away, an exiled queen, the Mother of Dragons, risks everything to lead her precious brood across a hard hot desert to win back the crown that is rightfully hers. A Clash of Kings transports us into a magnificent, forgotten land of revelry and revenge, wizardry and wartime. It is a tale in which maidens cavort with madmen, brother plots against brother, and the dead rise to walk in the night. Here a princess masquerades as an orphan boy; a knight of the mind prepares a poison for a treacherous sorceress; and wild men descend from the Mountains of the Moon to ravage the countryside. Against a backdrop of incest and fratricide, alchemy and murder, the price of glory may be measured in blood. And the spoils of victory may just go to the men and women possessed of the coldest steel...and the coldest hearts. For when rulers clash, all of the land feels the tremors. Audacious, inventive, brilliantly imagined, A Clash of Kings is a novel of dazzling beauty and boundless enchantment;a tale of pure excitement you will never forget. ...more"
d4de23aa98acc65b,The Shining (The Shining #1),27.88,3,Default,In stock (4 available),"Danny was only five years old but in the words of old Mr Halloran he was a 'shiner', aglow with psychic voltage. When his father became caretaker of the Overlook Hotel his visions grew frighteningly out of control. As winter closed in and blizzards cut them off, the hotel seemed to develop a life of its own. It was meant to be empty, but who was the lady in Room 217, and w Danny was only five years old but in the words of old Mr Halloran he was a 'shiner', aglow with psychic voltage. When his father became caretaker of the Overlook Hotel his visions grew frighteningly out of control. As winter closed in and blizzards cut them off, the hotel seemed to develop a life of its own. It was meant to be empty, but who was the lady in Room 217, and who were the masked guests going up and down in the elevator? And why did the hedges shaped like animals seem so alive? Somewhere, somehow there was an evil force in the hotel - and that too had begun to shine... ...more"
011674f4a3834b8d,The Passion of Dolssa,28.32,5,Historical Fiction,In stock (4 available),"Dolssa is a young gentlewoman with uncanny gifts, on the run from an obsessed friar determined to burn her as a heretic for the passion she refuses to tame.Botille is a wily and charismatic peasant, a matchmaker running a tavern with her two sisters in a tiny seaside town.The year is 1241; the place, Provensa, what we now call Provence, Franceâa land still reeling from the Dolssa is a young gentlewoman with uncanny gifts, on the run from an obsessed friar determined to burn her as a heretic for the passion she refuses to tame.Botille is a wily and charismatic peasant, a matchmaker running a tavern with her two sisters in a tiny seaside town.The year is 1241; the place, Provensa, what we now call Provence, Franceâa land still reeling from the bloody crusades waged there by the Catholic Church and its northern French armies.When the matchmaker finds the mystic near death by a riverside, Botille takes Dolssa in and discovers the girlâs extraordinary healing power. But as the vengeful Friar Lucien hunts down his heretic, the two girls find themselves putting an entire village at the mercy of murderers. ...more"
6a57286a8890d8c5,The Jazz of Physics: The Secret Link Between Music and the Structure of the Universe,38.71,3,Nonfiction,In stock (4 available),"More than fifty years ago, John Coltrane drew the twelve musical notes in a circle and connected them by straight lines, forming a five-pointed star. Inspired by Einstein, Coltrane had put physics and geometry at the core of his music. Physicist and jazz musician Stephon Alexander returns the favor, using jazz to answer physicsâ most vexing questions about the past and fut More than fifty years ago, John Coltrane drew the twelve musical notes in a circle and connected them by straight lines, forming a five-pointed star. Inspired by Einstein, Coltrane had put physics and geometry at the core of his music. Physicist and jazz musician Stephon Alexander returns the favor, using jazz to answer physicsâ most vexing questions about the past and future of the universe.Following the great minds that first drew the links between music and physicsâa list including Pythagoras, Kepler, Newton, Einstein, and RakimâThe Jazz of Physics revisits the ancient realm where music, physics, and the cosmos were one. This cosmological journey accompanies Alexanderâs own tale of struggling to reconcile his passion for music and physics, from taking music lessons as a boy in the Bronx to studying theoretical physics at Imperial College, Londonâs inner sanctum of string theory. Playing the saxophone and improvising with equations, Alexander uncovered the connection between the fundamental waves that make up sound and the fundamental waves that make up everything else. As he reveals, the ancient poetic idea of the âmusic of the spheres,â taken seriously, clarifies confounding issues in physics.Whether you are more familiar with Brian Greene or Brian Eno, John Coltrane or John Wheeler, the Five Percent Nation or why the universe is less than five percent visible, there is a new discovery on every page. Covering the entire history of the universe from its birth to its fate, its structure on the smallest and largest scales, The Jazz of Physics will fascinate and inspire anyone interested in the mysteries of our universe, music, and life itself. ...more"
6d2f70d9424f41a1,The Hunger Games (The Hunger Games #1),29.85,5,Default,In stock (4 available),"Winning will make you famous. Losing means certain death.The nation of Panem, formed from a post-apocalyptic North America, is a country that consists of a wealthy Capitol region surrounded by 12 poorer districts. Early in its history, a rebellion led by a 13th district against the Capitol resulted in its destruction and the creation of an annual televised event known as t Winning will make you famous. Losing means certain death.The nation of Panem, formed from a post-apocalyptic North America, is a country that consists of a wealthy Capitol region surrounded by 12 poorer districts. Early in its history, a rebellion led by a 13th district against the Capitol resulted in its destruction and the creation of an annual televised event known as the Hunger Games. In punishment, and as a reminder of the power and grace of the Capitol, each district must yield one boy and one girl between the ages of 12 and 18 through a lottery system to participate in the games. The 'tributes' are chosen during the annual Reaping and are forced to fight to the death, leaving only one survivor to claim victory.When 16-year-old Katniss's young sister, Prim, is selected as District 12's female representative, Katniss volunteers to take her place. She and her male counterpart Peeta, are pitted against bigger, stronger representatives, some of whom have trained for this their whole lives. , she sees it as a death sentence. But Katniss has been close to death before. For her, survival is second nature. ...more"
45033bdf3d9ed158,The Gunning of America: Business and the Making of American Gun Culture,16.81,4,Nonfiction,In stock (4 available),"Americans have always loved guns. This special bond was forged during the American Revolution and sanctified by the Second Amendment. It is because of this exceptional relationship that American civilians are more heavily armed than the citizens of any other nation.Or so weâre told.In The Gunning of America, historian Pamela Haag overturns this conventional wisdom. America Americans have always loved guns. This special bond was forged during the American Revolution and sanctified by the Second Amendment. It is because of this exceptional relationship that American civilians are more heavily armed than the citizens of any other nation.Or so weâre told.In The Gunning of America, historian Pamela Haag overturns this conventional wisdom. American gun culture, she argues, developed not because the gun was exceptional, but precisely because it was not: guns proliferated in America because throughout most of the nationâs history, they were perceived as an unexceptional commodity, no different than buttons or typewriters.Focusing on the history of the Winchester Repeating Arms Company, one of the most iconic arms manufacturers in America, Haag challenges many basic assumptions of how and when America became a gun culture. Under the leadership of Oliver Winchester and his heirs, the company used aggressive, sometimes ingenious sales and marketing techniques to create new markets for their product. Guns have never âsold themselvesâ; rather, through advertising and innovative distribution campaigns, the gun industry did. Through the meticulous examination of gun industry archives, Haag challenges the myth of a primal bond between Americans and their firearms. Over the course of its 150 year history, the Winchester Repeating Arms Company sold over 8 million guns. But Oliver Winchesterâa shirtmaker in his previous careerâhad no apparent qualms about a life spent arming America. His daughter-in-law Sarah Winchester was a different story. Legend holds that Sarah was haunted by what she considered a vast blood fortune, and became convinced that the ghosts of rifle victims were haunting her. She channeled much of her inheritance, and her conflicted conscience, into a monstrous estate now known as the Winchester Mystery House, where she sought refuge from this ever-expanding army of phantoms.In this provocative and deeply-researched work of narrative history, Haag fundamentally revises the history of arms in America, and in so doing explodes the clichÃ©s that have created and sustained our lethal gun culture. ...more"
8930013d06942df1,The Beast (Black Dagger Brotherhood #14),46.08,5,Fantasy,In stock (4 available),"Rhage and Mary return in a new novel of the Black Dagger Brotherhood, a series âso popular, I donât think thereâs a reader today who hasnât at least heard of [it]â (USA Today).Nothing is as it used to be for the Black Dagger Brotherhood. After avoiding war with the Shadows, alliances have shifted and lines have been drawn. The slayers of the Lessening Society are stronger Rhage and Mary return in a new novel of the Black Dagger Brotherhood, a series âso popular, I donât think thereâs a reader today who hasnât at least heard of [it]â (USA Today).Nothing is as it used to be for the Black Dagger Brotherhood. After avoiding war with the Shadows, alliances have shifted and lines have been drawn. The slayers of the Lessening Society are stronger than ever, preying on human weakness to acquire more money, more weapons, more power. But as the Brotherhood readies for an all-out attack on them, one of their own fights a battle within himselfâ¦For Rhage, the Brother with the biggest appetites, but also the biggest heart, life was supposed to be perfectâor at the very least, perfectly enjoyable. Mary, his beloved shellan, is by his side and his King and his brothers are thriving. But Rhage canât understandâor controlâthe panic and insecurity that plague himâ¦And that terrifies himâas well as distances him from his mate. After suffering mortal injury in battle, Rhage must reassess his prioritiesâand the answer, when it comes to him, rocks his world...and Maryâs. But Mary is on a journey of her own, one that will either bring them closer together or cause a split that neither will recover from... ...more"
31f5bbf4974d29c9,Some Women,13.73,5,Womens Fiction,In stock (4 available),"An engrossing and thought provoking novel that examines the intricacies of marriage, friendship, and the power of unexpected connectionsâ¦Annabel Ford has everything under control, devoting her time to her twin five-year-old boys and to keeping her household running seamlessly. So when her husband of a decade announces that heâs leaving her, without warning, sheâs blindside An engrossing and thought provoking novel that examines the intricacies of marriage, friendship, and the power of unexpected connectionsâ¦Annabel Ford has everything under control, devoting her time to her twin five-year-old boys and to keeping her household running seamlessly. So when her husband of a decade announces that heâs leaving her, without warning, sheâs blindsided. And suddenly her world begins to unravel.Single mother Piper Whitley has always done her best to balance it allâraising her daughter Fern by herself and advancing her career as a crime reporter. Only now that sheâs finally met the man of her dreams, Fernâs absentee father arrives on the scene and throws everything into a tailspin.Married to the heir of a thriving media conglomerate, Mackenzie Mead has many reasons to count her blessings. But with an imperious mother-in-lawâwhoâs also her bossâand a husband with whom she can no longer seem to connect, something has to give.On the surface, these three women may not have much in common. Yet when their lives are thrust together and unlikely friendships are formedâat a time when they all need someone to lean onâAnnabel, Piper, and Mackenzie band together to help each navigate their new realities. ...more"
38199c5d7da0c0ef,Shopaholic Ties the Knot (Shopaholic #3),48.39,5,Womens Fiction,In stock (4 available),"Life has been good for Becky Bloomwood: Sheâs become the best personal shopper at Barneys, she and her successful entrepreneurial boyfriend, Luke, are living happily in Manhattanâs West Village, and her new next-door neighbor is a fashion designer! But with her best friend, Suze, engaged, how can Becky fail to notice that her own ring finger is bare? Not that sheâs been th Life has been good for Becky Bloomwood: Sheâs become the best personal shopper at Barneys, she and her successful entrepreneurial boyfriend, Luke, are living happily in Manhattanâs West Village, and her new next-door neighbor is a fashion designer! But with her best friend, Suze, engaged, how can Becky fail to notice that her own ring finger is bare? Not that sheâs been thinking of marriage (or diamonds) or anything . . . Then Luke proposes! Bridal registries dance in Beckyâs head. Problem is, two other people are planning her wedding: Beckyâs overjoyed mother has been waiting forever to host a backyard wedding, with the bride resplendent in Mumâs frilly old gown. While Lukeâs high-society mother is insisting on a glamorous, all-expenses-paid affair at the Plaza. Both weddings for the same day. And Becky canât seem to turn down either one. Can everyoneâs favorite shopaholic tie the knot before everything unravels? ...more"
ae884ac655d6ee3e,Paper and Fire (The Great Library #2),49.45,5,Fantasy,In stock (4 available),"In Ink and Bone, New York Times bestselling author Rachel Caine introduced a world where knowledge is power, and power corrupts absolutely. Now, she continues the story of those who dare to defy the Great Libraryâand rewrite historyâ¦With an iron fist, The Great Library controls the knowledge of the world, ruthlessly stamping out all rebellion, forbidding the personal owner In Ink and Bone, New York Times bestselling author Rachel Caine introduced a world where knowledge is power, and power corrupts absolutely. Now, she continues the story of those who dare to defy the Great Libraryâand rewrite historyâ¦With an iron fist, The Great Library controls the knowledge of the world, ruthlessly stamping out all rebellion, forbidding the personal ownership of books in the name of the greater good.Jess Brightwell has survived his introduction to the sinister, seductive world of the Library, but serving in its army is nothing like he envisioned. His life and the lives of those he cares for have been altered forever. His best friend is lost, and Morgan, the girl he loves, is locked away in the Iron Tower and doomed to a life apart.Embarking on a mission to save one of their own, Jess and his band of allies make one wrong move and suddenly find themselves hunted by the Libraryâs deadly automata and forced to flee Alexandria, all the way to London.But Jessâs home isnât safe anymore. The Welsh army is coming, London is burning, and soon, Jess must choose between his friends, his family, or the Library willing to sacrifice anything and anyone in the search for ultimate controlâ¦ ...more"
5de4baa88061a77a,Outlander (Outlander #1),19.67,5,Default,In stock (4 available),"The year is 1945. Claire Randall, a former combat nurse, is just back from the war and reunited with her husband on a second honeymoon when she walks through a standing stone in one of the ancient circles that dot the British Isles. Suddenly she is a Sassenachâan âoutlanderââin a Scotland torn by war and raiding border clans in the year of Our Lord...1743.Hurled back in ti The year is 1945. Claire Randall, a former combat nurse, is just back from the war and reunited with her husband on a second honeymoon when she walks through a standing stone in one of the ancient circles that dot the British Isles. Suddenly she is a Sassenachâan âoutlanderââin a Scotland torn by war and raiding border clans in the year of Our Lord...1743.Hurled back in time by forces she cannot understand, Claire is catapulted into the intrigues of lairds and spies that may threaten her life, and shatter her heart. For here James Fraser, a gallant young Scots warrior, shows her a love so absolute that Claire becomes a woman torn between fidelity and desireâand between two vastly different men in two irreconcilable lives. ...more"
2ba5ccc84d35006c,"Orchestra of Exiles: The Story of Bronislaw Huberman, the Israel Philharmonic, and the One Thousand Jews He Saved from Nazi Horrors",12.36,3,Music,In stock (4 available),"The compelling biography of the violinist who founded the Palestine Symphony Orchestra and saved hundreds of people from Hitlerâas seen in Josh Aronsonâs documentary Orchestra of Exiles.âThe true artist does not create art as an end in itself. He creates art for human beings. Humanity is the goal.ââBronislaw HubermanAt fourteen, Bronislaw Huberman played the Brahms Violin The compelling biography of the violinist who founded the Palestine Symphony Orchestra and saved hundreds of people from Hitlerâas seen in Josh Aronsonâs documentary Orchestra of Exiles.âThe true artist does not create art as an end in itself. He creates art for human beings. Humanity is the goal.ââBronislaw HubermanAt fourteen, Bronislaw Huberman played the Brahms Violin Concerto in Viennaâ winning high praise from the composer himself, who was there. Instantly famous, Huberman began touring all over the world and received invitations to play for royalty across Europe. But after witnessing the tragedy of World War I, he committed his phenomenal talent and celebrity to aid humanity.After studying at the Sorbonne in Paris, Huberman joined the ranks of Sigmund Freud and Albert Einstein in calling for peace through the Pan European Movement. But when hope for their noble vision was destroyed by the rise of Nazism, Huberman began a crusade that would become his greatest legacyâthe creation, in 1936, of the Palestine Symphony, which twelve years later became the Israel Philharmonic Orchestra.In creating this world-level orchestra, Huberman miraculously arranged for the very best Jewish musicians and their families to emigrate from Nazi-threatened territories. His tireless campaigning for the projectâincluding a marathon fundraising concert tour across Americaâultimately saved nearly a thousand Jews from the approaching Holocaust. Inviting the great Arturo Toscanini to conduct the orchestraâs first concert, Hubermanâs clarion call of art over cruelty was heard around the world. His story contains estraordinary adventures, riches and royalty, politicians and broken promises, losses and triumphs. Against near impossible obstacles, Huberman refused to give up on his dream to create a unique and life-saving orchestra of exiles which was one of the great cultural achievements of the 20th century.Includes Photographs ...more"
3a95f5a2df4ff921,No One Here Gets Out Alive,20.02,5,Music,In stock (4 available),"Here is Jim Morrison in all his complexity-singer, philosopher, poet, delinquent-the brilliant, charismatic, and obsessed seeker who rejected authority in any form, the explorer who probed ""the bounds of reality to see what would happen..."" Seven years in the writing, this definitive biography is the work of two men whose empathy and experience with Jim Morrison uniquely p Here is Jim Morrison in all his complexity-singer, philosopher, poet, delinquent-the brilliant, charismatic, and obsessed seeker who rejected authority in any form, the explorer who probed ""the bounds of reality to see what would happen..."" Seven years in the writing, this definitive biography is the work of two men whose empathy and experience with Jim Morrison uniquely prepared them to recount this modern tragedy: Jerry Hopkins, whose famous Presley biography, Elvis, was inspired by Morrison's suggestion, and Danny Sugerman, confidant of and aide to the Doors. With an afterword by Michael McClure. ...more"
869d20b3b8128230,Night Shift (Night Shift #1-20),12.75,4,Horror,In stock (4 available),"Never trust your heart to the New York Times bestselling master of suspense, Stephen King. Especially with an anthology that features the classic stories ""Children of the Corn,"" ""The Lawnmower Man,"" ""Graveyard Shift,"" ""The Mangler,"" and ""Sometimes They Come Back""-which were all made into hit horror films.""Unbearable suspense."" (Dallas Morning News)From the depths of darkne Never trust your heart to the New York Times bestselling master of suspense, Stephen King. Especially with an anthology that features the classic stories ""Children of the Corn,"" ""The Lawnmower Man,"" ""Graveyard Shift,"" ""The Mangler,"" and ""Sometimes They Come Back""-which were all made into hit horror films.""Unbearable suspense."" (Dallas Morning News)From the depths of darkness, where hideous rats defend their empire, to dizzying heights, where a beautiful girl hangs by a hair above a hellish fate, this chilling collection of twenty short stories will plunge readers into the subterranean labyrinth of the most spine-tingling, eerie imagination of our time.Contents:Â· Introduction Â· John D. MacDonald Â· in Â· Foreword Â· fw Â· Jerusalemâs Lot Â· nv Night Shift, Garden City, NY: Doubleday, 1978 Â· Graveyard Shift Â· ss Cavalier Oct â70 Â· Night Surf Â· ss Cavalier Aug â74 Â· I Am the Doorway Â· ss Cavalier Mar â71 Â· The Mangler Â· nv Cavalier Dec â72 Â· The Boogeyman Â· ss Cavalier Mar â73 Â· Gray Matter Â· ss Cavalier Oct â73 Â· Battleground Â· ss Cavalier Sep â72 Â· Trucks Â· ss Cavalier Jun â73 Â· Sometimes They Come Back Â· nv Cavalier Mar â74 Â· Strawberry Spring Â· ss Ubris Fll â68; Cavalier Nov â75 Â· The Ledge Â· ss Penthouse Jul â76 Â· The Lawnmower Man Â· ss Cavalier May â75 Â· Quitters, Inc. Â· ss Night Shift, Garden City, NY: Doubleday, 1978 Â· I Know What You Need Â· nv Cosmopolitan Sep â76 Â· Children of the Corn Â· nv Penthouse Mar â77 Â· The Last Rung on the Ladder Â· ss Night Shift, Garden City, NY: Doubleday, 1978 Â· The Man Who Loved Flowers Â· ss Gallery Aug â77 Â· One for the Road Â· ss Maine Mar â77 Â· The Woman in the Room Â· ss Night Shift, Garden City, NY: Doubleday, 1978 ...more"
70b585c9d0f15725,Needful Things,47.51,4,Horror,In stock (4 available),"Leland Gaunt opens a new shop in Castle Rock called Needful Things. Anyone who enters his store finds the object of his or her lifelong dreams and desires: a prized baseball card, a healing amulet. In addition to a token payment, Gaunt requests that each person perform a little ""deed,"" usually a seemingly innocent prank played on someone else from town. These practical jok Leland Gaunt opens a new shop in Castle Rock called Needful Things. Anyone who enters his store finds the object of his or her lifelong dreams and desires: a prized baseball card, a healing amulet. In addition to a token payment, Gaunt requests that each person perform a little ""deed,"" usually a seemingly innocent prank played on someone else from town. These practical jokes cascade out of control and soon the entire town is doing battle with itself. Only Sheriff Alan Pangborn suspects that Gaunt is behind the population's increasingly violent behavior. ...more"
5212c6acea3359e5,Mockingjay (The Hunger Games #3),20.44,4,Default,In stock (4 available),"My name is Katniss Everdeen.Why am I not dead?I should be dead.Katniss Everdeen, girl on fire, has survived, even though her home has been destroyed. Gale has escaped. Katniss's family is safe. Peeta has been captured by the Capitol. District 13 really does exist. There are rebels. There are new leaders. A revolution is unfolding.It is by design that Katniss was rescued fr My name is Katniss Everdeen.Why am I not dead?I should be dead.Katniss Everdeen, girl on fire, has survived, even though her home has been destroyed. Gale has escaped. Katniss's family is safe. Peeta has been captured by the Capitol. District 13 really does exist. There are rebels. There are new leaders. A revolution is unfolding.It is by design that Katniss was rescued from the arena in the cruel and haunting Quarter Quell, and it is by design that she has long been part of the revolution without knowing it. District 13 has come out of the shadows and is plotting to overthrow the Capitol. Everyone, it seems, has had a hand in the carefully laid plans--except Katniss.The success of the rebellion hinges on Katniss's willingness to be a pawn, to accept responsibility for countless lives, and to change the course of the future of Panem. To do this, she must put aside her feelings of anger and distrust. She must become the rebels' Mockingjay--no matter what the personal cost. ...more"
deda806b68b0aa11,Little Women (Little Women #1),28.07,4,Classics,In stock (4 available),"Little Women is the heartwarming story of the March family that has thrilled generations of readers. It is the story of four sisters--Jo, Meg, Amy and Beth-- and of the courage, humor and ingenuity they display to survive poverty and the absence of their father during the Civil War."
670a2773607d785d,It,25.01,3,Horror,In stock (4 available),"To the children, the town was their whole world. To the adults, knowing better, Derry, Maine was just their home town: familiar, well-ordered for the most part. A good place to live.It was the children who saw - and felt - what made Derry so horribly different. In the storm drains, in the sewers, IT lurked, taking on the shape of every nightmare, each one's deepest dread. To the children, the town was their whole world. To the adults, knowing better, Derry, Maine was just their home town: familiar, well-ordered for the most part. A good place to live.It was the children who saw - and felt - what made Derry so horribly different. In the storm drains, in the sewers, IT lurked, taking on the shape of every nightmare, each one's deepest dread. Sometimes IT reached up, seizing, tearing, killing . . .The adults, knowing better, knew nothing.Time passed and the children grew up, moved away. The horror of IT was deep-buried, wrapped in forgetfulness. Until they were called back, once more to confront IT as IT stirred and coiled in the sullen depths of their memories, reaching up again to make their past nightmares a terrible present reality. ...more"
ac337893a9fe0085,Harry Potter and the Sorcerer's Stone (Harry Potter #1),13.9,3,Default,In stock (4 available),"Harry Potter thinks he is an ordinary boy. He lives with his Uncle Vernon, Aunt Petunia and cousin Dudley, who are mean to him and make him sleep in a cupboard under the stairs. (Dudley, however, has two bedrooms, one to sleep in and one for all his toys and games.) Then Harry starts receiving mysterious letters and his life is changed forever. He is whisked away by a beet Harry Potter thinks he is an ordinary boy. He lives with his Uncle Vernon, Aunt Petunia and cousin Dudley, who are mean to him and make him sleep in a cupboard under the stairs. (Dudley, however, has two bedrooms, one to sleep in and one for all his toys and games.) Then Harry starts receiving mysterious letters and his life is changed forever. He is whisked away by a beetle-eyed giant of a man and enrolled at Hogwarts School of Witchcraft and Wizardry. The reason: Harry Potter is a wizard! The first book in the ""Harry Potter"" series makes the perfect introduction to the world of Hogwarts. ...more"
eff24325e0ede639,Harry Potter and the Prisoner of Azkaban (Harry Potter #3),24.17,4,Young Adult,In stock (4 available),"Harry Potter is lucky to reach the age of thirteen, since he has already survived the murderous attacks of the feared Dark Lord on more than one occasion. But his hopes for a quiet term concentrating on Quidditch are dashed when a maniacal mass-murderer escapes from Azkaban, pursued by the soul-sucking Dementors who guard the prison. It's assumed that Hogwarts is the safes Harry Potter is lucky to reach the age of thirteen, since he has already survived the murderous attacks of the feared Dark Lord on more than one occasion. But his hopes for a quiet term concentrating on Quidditch are dashed when a maniacal mass-murderer escapes from Azkaban, pursued by the soul-sucking Dementors who guard the prison. It's assumed that Hogwarts is the safest place for Harry to be. But is it a coincidence that he can feel eyes watching him in the dark, and should he be taking Professor Trelawney's ghoulish predictions seriously? ...more"
5a6b7155f2797537,Harry Potter and the Order of the Phoenix (Harry Potter #5),31.63,4,Fantasy,In stock (4 available),"Harry Potter is due to start his fifth year at Hogwarts School of Witchcraft and Wizardry. His best friends Ron and Hermione have been very secretive all summer and he is desperate to get back to school and find out what has been going on. However, what Harry discovers is far more devastating than he could ever have expected...Suspense, secrets and thrilling action from th Harry Potter is due to start his fifth year at Hogwarts School of Witchcraft and Wizardry. His best friends Ron and Hermione have been very secretive all summer and he is desperate to get back to school and find out what has been going on. However, what Harry discovers is far more devastating than he could ever have expected...Suspense, secrets and thrilling action from the pen of J.K. Rowling ensure an electrifying adventure that is impossible to put down. ...more"
73f4f87dd936ee5c,Harry Potter and the Half-Blood Prince (Harry Potter #6),48.75,5,Fantasy,In stock (4 available),"It is the middle of the summer, but there is an unseasonal mist pressing against the windowpanes. Harry Potter is waiting nervously in his bedroom at the Dursleys' house in Privet Drive for a visit from Professor Dumbledore himself. One of the last times he saw the Headmaster was in a fierce one-to-one duel with Lord Voldemort, and Harry can't quite believe that Professor It is the middle of the summer, but there is an unseasonal mist pressing against the windowpanes. Harry Potter is waiting nervously in his bedroom at the Dursleys' house in Privet Drive for a visit from Professor Dumbledore himself. One of the last times he saw the Headmaster was in a fierce one-to-one duel with Lord Voldemort, and Harry can't quite believe that Professor Dumbledore will actually appear at the Dursleys' of all places. Why is the Professor coming to visit him now? What is it that cannot wait until Harry returns to Hogwarts in a few weeks' time? Harry's sixth year at Hogwarts has already got off to an unusual start, as the worlds of Muggle and magic start to intertwine...J.K. Rowling charts Harry Potter's latest adventures in his sixth year at Hogwarts with consummate skill and in breathtaking fashion. ...more"
23310ce84d3c9f85,Gone with the Wind,32.49,3,Classics,In stock (4 available),"Margaret Mitchell's epic novel of love and war won the Pulitzer Prize and one of the most popular and celebrated movies of all time. Many novels have been written about the Civil War and its aftermath. None take us into the burning fields and cities of the American South as Gone With the Wind does, creating haunting scenes and thrilling portraits of characters so vivid tha Margaret Mitchell's epic novel of love and war won the Pulitzer Prize and one of the most popular and celebrated movies of all time. Many novels have been written about the Civil War and its aftermath. None take us into the burning fields and cities of the American South as Gone With the Wind does, creating haunting scenes and thrilling portraits of characters so vivid that we remember their words and feel their fear and hunger for the rest of our lives. In the two main characters, the white-shouldered, irresistible Scarlett and the flashy, contemptuous Rhett, Margaret Mitchell not only conveyed a timeless story of survival under the harshest of circumstances, she also created two of the most famous lovers in the English-speaking world since Romeo and Juliet. ...more"
aaebac5fda798b1b,Changing the Game (Play by Play #2),13.38,3,Romance,In stock (4 available),"Most people play by the rules. Gavin and Liz aren't most people....Win at any cost. That's always been the mantra of sports agent Liz Darnell. When she carries things too far and risks losing her number-one client, baseball pro Gavin Riley, Liz realizes that she'll have to work extra innings to win him back. It might not be too much of a stretch. She's had a thing for this Most people play by the rules. Gavin and Liz aren't most people....Win at any cost. That's always been the mantra of sports agent Liz Darnell. When she carries things too far and risks losing her number-one client, baseball pro Gavin Riley, Liz realizes that she'll have to work extra innings to win him back. It might not be too much of a stretch. She's had a thing for this player's moves since she first laid eyes on him, and by the looks of it, he wants her just as bad.Gavin's more than readyâespecially when Liz is offering herself as part of the bargain. And as much of her as Gavin wants. For added thrills, he decides to throw a little curve ball Liz's way to see just how far she's truly willing to go to keep him as a client. But when love unexpectedly enters the playing field, neither Liz nor Gavin are ready for the biggest game-changer of them all. ...more"
78a4ac98191ac675,Atlas Shrugged,26.58,5,Fiction,In stock (4 available),"This is the story of a man who said that he would stop the motor of the world and did. Was he a destroyer or the greatest of liberators?Why did he have to fight his battle, not against his enemies, but against those who needed him most, and his hardest battle against the woman he loved? What is the worldâs motor â and the motive power of every man? You will know the answer This is the story of a man who said that he would stop the motor of the world and did. Was he a destroyer or the greatest of liberators?Why did he have to fight his battle, not against his enemies, but against those who needed him most, and his hardest battle against the woman he loved? What is the worldâs motor â and the motive power of every man? You will know the answer to these questions when you discover the reason behind the baffling events that play havoc with the lives of the characters in this story. Tremendous in its scope, this novel presents an astounding panorama of human life â from the productive genius who becomes a worthless playboy â to the great steel industrialist who does not know that he is working for his own destruction â to the philosopher who becomes a pirate â to the composer who gives up his career on the night of his triumph â to the woman who runs a transcontinental railroad â to the lowest track worker in her Terminal tunnels. You must be prepared, when you read this novel, to check every premise at the root of your convictions.This is a mystery story, not about the murder â and rebirth â of manâs spirit. It is a philosophical revolution, told in the form of an action thriller of violent events, a ruthlessly brilliant plot structure and an irresistible suspense. Do you say this is impossible? Well, that is the first of your premises to check. ...more"
6e9403f00acd6752,'Salem's Lot,49.56,4,Horror,In stock (4 available),"Thousands of miles away from the small township of 'Salem's Lot, two terrified people, a man and a boy, still share the secrets of those clapboard houses and tree-lined streets. They must return to 'Salem's Lot for a final confrontation with the unspeakable evil that lives on in the town."
5a7ff9aaa3168878,Wuthering Heights,17.73,3,Classics,In stock (3 available),"Wuthering Heights is a wild, passionate story of the intense and almost demonic love between Catherine Earnshaw and Heathcliff, a foundling adopted by Catherine's father. After Mr Earnshaw's death, Heathcliff is bullied and humiliated by Catherine's brother Hindley and wrongly believing that his love for Catherine is not reciprocated, leaves Wuthering Heights, only to retu Wuthering Heights is a wild, passionate story of the intense and almost demonic love between Catherine Earnshaw and Heathcliff, a foundling adopted by Catherine's father. After Mr Earnshaw's death, Heathcliff is bullied and humiliated by Catherine's brother Hindley and wrongly believing that his love for Catherine is not reciprocated, leaves Wuthering Heights, only to return years later as a wealthy and polished man. He proceeds to exact a terrible revenge for his former miseries. The action of the story is chaotic and unremittingly violent, but the accomplished handling of a complex structure, the evocative descriptions of the lonely moorland setting and the poetic grandeur of vision combine to make this unique novel a masterpiece of English literature. ...more"
d30b9215c72cca87,Wild: From Lost to Found on the Pacific Crest Trail,46.02,3,Default,In stock (3 available),"#1 NATIONAL BESTSELLER, SOON TO BE A MAJOR MOTION PICTURE.At twenty-two, Cheryl Strayed thought she had lost everything. In the wake of her motherâs death, her family scattered and her own marriage was soon destroyed. Four years later, with nothing more to lose, she made the most impulsive decision of her life. With no experience or training, driven only by blind will, she #1 NATIONAL BESTSELLER, SOON TO BE A MAJOR MOTION PICTURE.At twenty-two, Cheryl Strayed thought she had lost everything. In the wake of her motherâs death, her family scattered and her own marriage was soon destroyed. Four years later, with nothing more to lose, she made the most impulsive decision of her life. With no experience or training, driven only by blind will, she would hike more than a thousand miles of the Pacific Crest Trail from the Mojave Desert through California and Oregon to Washington State â and she would do it alone.Told with suspense and style, sparkling with warmth and humor, Wild powerfully captures the terrors and pleasures of one young woman forging ahead against all odds on a journey that maddened, strengthened, and ultimately healed her. ...more"
dab0196cd5fc8e5e,When You Are Engulfed in Flames,30.89,5,Humor,In stock (3 available),"It's early autumn 1964. Two straight-A students head off to school, and when only one of them returns home Chesney Yelverton is coaxed from retirement and assigned to what proves to be the most difficult and deadly - case of his career. From the shining notorious East Side, When You Are Engulfed in Flames confirms once again that David Sedaris is a master of mystery and su It's early autumn 1964. Two straight-A students head off to school, and when only one of them returns home Chesney Yelverton is coaxed from retirement and assigned to what proves to be the most difficult and deadly - case of his career. From the shining notorious East Side, When You Are Engulfed in Flames confirms once again that David Sedaris is a master of mystery and suspense.Or how about...when set on fire, most of us either fumble for our wallets or waste valuable time feeling sorry for ourselves. David Sedaris has studied this phenomenon, and his resulting insights may very well save your life. Author of the national bestsellers Should You Be Attacked By Snakes and If You Are Surrounded by Mean Ghosts, David Sedaris, with When You Are Engulfed in Flames, is clearly at the top of his game.Oh, all right...David Sedaris has written yet another book of essays (his sixth). Subjects include a parasitic worm that once lived in his mother-in-law's leg, an encounter with a dingo, and the recreational use of an external catheter. Also recounted is the buying of a human skeleton and the author's attempt to quit smoking In Tokyo.Master of nothing, at the dead center of his game, Sedaris proves that when you play with matches, you sometimes light the whole pack on fire. ...more"
06bab964fd536971,We the People: The Modern-Day Figures Who Have Reshaped and Affirmed the Founding Fathers' Vision of America,31.95,3,Nonfiction,In stock (3 available),"What would the Founding Fathers think about America today? Over 200 years ago the Founders broke away from the tyranny of the British Empire to build a nation based on the principles of freedom, equal rights, and opportunity for all men. But life in the United States today is vastly different from anything the original Founders could have imagined in the late 1700s. The no What would the Founding Fathers think about America today? Over 200 years ago the Founders broke away from the tyranny of the British Empire to build a nation based on the principles of freedom, equal rights, and opportunity for all men. But life in the United States today is vastly different from anything the original Founders could have imagined in the late 1700s. The notion of an African-American president of the United States, or a woman such as Condoleezza Rice or Hillary Clinton as Secretary of State, would have been unimaginable to the men who wrote the Declaration of Independence and the Constitution, or who ratified the Constitution or the Bill of Rights. Â  In a fascinating work of history told through a series of in depth profiles, prize-winning journalist, bestselling author, and Fox political analyst Juan Williams takes readers into the life and work of a new generation of American Founders, who honor the original Foundersâ vision, even as they have quietly led revolutions in American politics, immigration, economics, sexual behavior, and reshaped the landscape of the nation. Among the modern-day pioneers Williams writes about in this compelling new book are the passionate conservative President Reagan; the determined fighters for equal rights, Thurgood Marshall and Martin Luther King, Jr.; the profound imprint of Rev. Billy Grahamâs evangelism on national politics; the focus on global human rights advocated by First Lady Eleanor Roosevelt; the leaders of the gay community who refused to back down during the Stonewall Riots and brought gay life into Americaâs public square; the re-imagined role of women in contemporary life as shaped by Betty Friedan. Â  Williams reveals how each of these modern-day founders has extended the Founding Fathers original vision and changed fundamental aspects of our country, from immigration, to the role of American labor in the economy, from modern police strategies, to the importance of religion in our political discourse. America in the 21st Century remains rooted in the Great American experiment in democracy that began in 1776. For all the changes our economy and our cultural and demographic make-up, there remains a straight line from the first Foundersâ original vision, to the principles and ideals of todayâs courageous modern day pioneers. ...more"
0e4e2d31c2fb3aad,Walk the Edge (Thunder Road #2),32.36,3,Young Adult,In stock (3 available),"One moment of recklessness will change their worlds.Smart. Responsible. That's seventeen-year-old Breanna's role in her large family, and heaven forbid she put a toe out of line. Until one night of shockingly un-Breanna-like behavior puts her into a vicious cyber-bully's line of fireâand brings fellow senior Thomas ""Razor"" Turner into her life. Razor lives for the Reign of One moment of recklessness will change their worlds.Smart. Responsible. That's seventeen-year-old Breanna's role in her large family, and heaven forbid she put a toe out of line. Until one night of shockingly un-Breanna-like behavior puts her into a vicious cyber-bully's line of fireâand brings fellow senior Thomas ""Razor"" Turner into her life. Razor lives for the Reign of Terror motorcycle club, and good girls like Breanna just don't belong. But when he learns she's being blackmailed over a compromising picture of the two of themâa picture that turns one unexpected and beautiful moment into uglinessâhe knows it's time to step outside the rules. And so they make a pact: he'll help her track down her blackmailer, and in return she'll help him seek answers to the mystery that's haunted himâone that not even his club brothers have been willing to discuss. But the more time they spend together, the more their feelings grow. And suddenly they're both walking the edge of discovering who they really are, what they want, and where they're going from here. ...more"
7feac4000cbc5859,Voyager (Outlander #3),21.07,5,Historical Fiction,In stock (3 available),"From the author of the breathtaking bestsellers Outlander and Dragonfly in Amber, the extraordinary saga continues.Their passionate encounter happened long ago by whatever measurement Claire Randall took. Two decades before, she had traveled back in time and into the arms of a gallant eighteenth-century Scot named Jamie Fraser. Then she returned to her own century to bear From the author of the breathtaking bestsellers Outlander and Dragonfly in Amber, the extraordinary saga continues.Their passionate encounter happened long ago by whatever measurement Claire Randall took. Two decades before, she had traveled back in time and into the arms of a gallant eighteenth-century Scot named Jamie Fraser. Then she returned to her own century to bear his child, believing him dead in the tragic battle of Culloden. Yet his memory has never lessened its hold on her... and her body still cries out for him in her dreams.Then Claire discovers that Jamie survived. Torn between returning to him and staying with their daughter in her own era, Claire must choose her destiny. And as time and space come full circle, she must find the courage to face the passion and pain awaiting her...the deadly intrigues raging in a divided Scotland... and the daring voyage into the dark unknown that can reunite or forever doom her timeless love. ...more"
57f755143ee96fd4,Three-Martini Lunch,23.21,3,Fiction,In stock (3 available),"From the author of the âthrillingâ (The Christian Science Monitor) novel The Other Typist comes an evocative, multilayered story of ambition, success, and secrecy in 1950s New York. In 1958, Greenwich Village buzzes with beatniks, jazz clubs, and new ideasâthe ideal spot for three ambitious young people to meet. Cliff Nelson, the son of a successful book editor, is convin From the author of the âthrillingâ (The Christian Science Monitor) novel The Other Typist comes an evocative, multilayered story of ambition, success, and secrecy in 1950s New York. Â  In 1958, Greenwich Village buzzes with beatniks, jazz clubs, and new ideasâthe ideal spot for three ambitious young people to meet. Cliff Nelson, the son of a successful book editor, is convinced heâs the next Kerouac, if only his father would notice. Eden Katz dreams of being an editor but is shocked when she encounters roadblocks to that ambition. And Miles Tillman, a talented black writer from Harlem, seeks to learn the truth about his fatherâs past, finding love in the process. Though different from one another, all three share a common goal: to succeed in the competitive and uncompromising world of book publishing. As they reach for what they want, they come to understand what they must sacrifice, conceal, and betray to achieve their goals, learning they must live with the consequences of their choices. In Three-Martini Lunch, Suzanne Rindell has written both a page-turning morality tale and a captivating look at a stylish, demanding eraâand a world steeped in tradition thatâs poised for great upheaval. ...more"
a33ed2e6068df53e,"The Wicked + The Divine, Vol. 3: Commercial Suicide (The Wicked + The Divine)",14.41,3,Sequential Art,In stock (3 available),"After the detonation of FANDEMONIUM the gods-as-pop-stars of THE WICKED + THE DIVINE try living in the long dark shadow. Team WicDiv are joined by a stellar cast of guest artists to put the spotlight on each of the gods. The multiple Eisner Award nominated series continues in the only way it knows how: darker, weirder, faster. Don't worry. It's going to be okay.Collects TH After the detonation of FANDEMONIUM the gods-as-pop-stars of THE WICKED + THE DIVINE try living in the long dark shadow. Team WicDiv are joined by a stellar cast of guest artists to put the spotlight on each of the gods. The multiple Eisner Award nominated series continues in the only way it knows how: darker, weirder, faster. Don't worry. It's going to be okay.Collects THE WICKED + THE DIVINE #12-17 ...more"
813cff2aefa5d1f0,The Undomestic Goddess,45.75,4,Womens Fiction,In stock (3 available),"Workaholic attorney Samantha Sweeting has just done the unthinkable. Sheâs made a mistake so huge, itâll wreck any chance of a partnership. Going into utter meltdown, she walks out of her London office, gets on a train, and ends up in the middle of nowhere. Asking for directions at a big, beautiful house, sheâs mistaken for an interviewee and finds herself being offered a Workaholic attorney Samantha Sweeting has just done the unthinkable. Sheâs made a mistake so huge, itâll wreck any chance of a partnership. Going into utter meltdown, she walks out of her London office, gets on a train, and ends up in the middle of nowhere. Asking for directions at a big, beautiful house, sheâs mistaken for an interviewee and finds herself being offered a job as housekeeper. Her employers have no idea theyâve hired a lawyerâand Samantha has no idea how to work the oven. She canât sew on a button, bake a potato, or get the #@%# ironing board to open. How she takes a deep breath and begins to copeâand finds loveâis a story as delicious as the bread she learns to bake. But will her old life ever catch up with her? And if it doesâ¦will she want it back? ...more"
f06039c29b5891fa,The Silkworm (Cormoran Strike #2),23.05,5,Mystery,In stock (3 available),"Private investigator Cormoran Strike returns in a new mystery from Robert Galbraith, author of the #1 international bestseller The Cuckoo's Calling.When novelist Owen Quine goes missing, his wife calls in private detective Cormoran Strike. At first, Mrs. Quine just thinks her husband has gone off by himself for a few daysâas he has done beforeâand she wants Strike to find Private investigator Cormoran Strike returns in a new mystery from Robert Galbraith, author of the #1 international bestseller The Cuckoo's Calling.When novelist Owen Quine goes missing, his wife calls in private detective Cormoran Strike. At first, Mrs. Quine just thinks her husband has gone off by himself for a few daysâas he has done beforeâand she wants Strike to find him and bring him home.But as Strike investigates, it becomes clear that there is more to Quine's disappearance than his wife realizes. The novelist has just completed a manuscript featuring poisonous pen-portraits of almost everyone he knows. If the novel were to be published, it would ruin livesâmeaning that there are a lot of people who might want him silenced.When Quine is found brutally murdered under bizarre circumstances, it becomes a race against time to understand the motivation of a ruthless killer, a killer unlike any Strike has encountered before... ...more"
1a5044d233936b1a,The Rise of Theodore Roosevelt (Theodore Roosevelt #1),42.57,3,Biography,In stock (3 available),"Selected by the Modern Library as one of the 100 best nonfiction books of all timeDescribed by the Chicago Tribune as ""a classic,"" The Rise of Theodore Roosevelt stands as one of the greatest biographies of our time. The publication of The Rise of Theodore Roosevelt on September 14th, 2001 marks the 100th anniversary of Theodore Roosevelt becoming president."
3c456328b04a8ee8,The Red Tent,35.66,5,Historical Fiction,In stock (3 available),"Her name is Dinah. In the Bible, her life is only hinted at in a brief and violent detour within the more familiar chapters of the Book of Genesis that are about her father, Jacob, and his dozen sons. Told in Dinah's voice, this novel reveals the traditions and turmoils of ancient womanhood--the world of the red tent. It begins with the story of her mothers--Leah, Rachel, Her name is Dinah. In the Bible, her life is only hinted at in a brief and violent detour within the more familiar chapters of the Book of Genesis that are about her father, Jacob, and his dozen sons. Told in Dinah's voice, this novel reveals the traditions and turmoils of ancient womanhood--the world of the red tent. It begins with the story of her mothers--Leah, Rachel, Zilpah, and Bilhah--the four wives of Jacob. They love Dinah and give her gifts that sustain her through a hard-working youth, a calling to midwifery, and a new home in a foreign land. Dinah's story reaches out from a remarkable period of early history and creates an intimate connection with the past. Deeply affecting, The Red Tent combines rich storytelling with a valuable achievement in modern fiction: a new view of biblical women's society. ...more"
0e7beedf0ee9380c,The Purpose Driven Life: What on Earth Am I Here for?,37.19,3,Add a comment,In stock (3 available),"A #1 New York Times bestseller, The Purpose Driven Life will help you understand why you are alive and reveal God's amazing plan for you both here and now, and for eternity. Rick Warren will guide you through a personal forty-day spiritual journey that will transform your answer to life's most important question: What on earth am I here for? Knowing God's purpose for creat A #1 New York Times bestseller, The Purpose Driven Life will help you understand why you are alive and reveal God's amazing plan for you both here and now, and for eternity. Rick Warren will guide you through a personal forty-day spiritual journey that will transform your answer to life's most important question: What on earth am I here for? Knowing God's purpose for creating you will reduce your stress, focus your energy, simplify your decisions, give meaning to your life, and most important, prepare you for eternity. Movie stars and political leaders aren't the only ones turning to Rick Warren for spiritual guidance. Millions of people from NBA and LPGA players to corporate executives to high school students to prison inmates meet regularly to discuss The Purpose Driven Life. ...more"
fa26798728f5208f,The Paris Wife,36.8,3,Default,In stock (3 available),"A deeply evocative story of ambition and betrayal, The Paris Wife captures a remarkable period of time and a love affair between two unforgettable people: Ernest Hemingway and his wife Hadley.Chicago, 1920: Hadley Richardson is a quiet twenty-eight-year-old who has all but given up on love and happinessâuntil she meets Ernest Hemingway and her life changes forever. Followi A deeply evocative story of ambition and betrayal, The Paris Wife captures a remarkable period of time and a love affair between two unforgettable people: Ernest Hemingway and his wife Hadley.Chicago, 1920: Hadley Richardson is a quiet twenty-eight-year-old who has all but given up on love and happinessâuntil she meets Ernest Hemingway and her life changes forever. Following a whirlwind courtship and wedding, the pair set sail for Paris, where they become the golden couple in a lively and volatile groupâthe fabled âLost Generationââthat includes Gertrude Stein, Ezra Pound, and F. Scott and Zelda Fitzgerald. Though deeply in love, the Hemingways are ill-prepared for the hard-drinking and fast-living life of Jazz Age Paris, which hardly values traditional notions of family and monogamy. Surrounded by beautiful women and competing egos, Ernest struggles to find the voice that will earn him a place in history, pouring all the richness and intensity of his life with Hadley and their circle of friends into the novel that will become The Sun Also Rises. Hadley, meanwhile, strives to hold on to her sense of self as the demands of life with Ernest grow costly and her roles as wife, friend, and muse become more challenging. Despite their extraordinary bond, they eventually find themselves facing the ultimate crisis of their marriageâa deception that will lead to the unraveling of everything theyâve fought so hard for. A heartbreaking portrayal of love and torn loyalty, The Paris Wife is all the more poignant because we know that, in the end, Hemingway wrote that he would rather have died than fallen in love with anyone but Hadley. ...more"
29d6d87f3418638b,The Nightingale,26.26,4,Fiction,In stock (3 available),"In love we find out who we want to be.In war we find out who we are.FRANCE, 1939In the quiet village of Carriveau, Vianne Mauriac says goodbye to her husband, Antoine, as he heads for the Front. She doesnât believe that the Nazis will invade France...but invade they do, in droves of marching soldiers, in caravans of trucks and tanks, in planes that fill the skies and drop In love we find out who we want to be.In war we find out who we are.FRANCE, 1939In the quiet village of Carriveau, Vianne Mauriac says goodbye to her husband, Antoine, as he heads for the Front. She doesnât believe that the Nazis will invade France...but invade they do, in droves of marching soldiers, in caravans of trucks and tanks, in planes that fill the skies and drop bombs upon the innocent. When France is overrun, Vianne is forced to take an enemy into her house, and suddenly her every move is watched; her life and her childâs life is at constant risk. Without food or money or hope, as danger escalates around her, she must make one terrible choice after another. Vianneâs sister, Isabelle, is a rebellious eighteen-year-old girl, searching for purpose with all the reckless passion of youth. While thousands of Parisians march into the unknown terrors of war, she meets the compelling and mysterious GÃ¤etan, a partisan who believes the French can fight the Nazis from within France, and she falls in love as only the young can...completely. When he betrays her, Isabelle races headlong into danger and joins the Resistance, never looking back or giving a thought to the real--and deadly--consequences.With courage, grace and powerful insight, bestselling author Kristin Hannah takes her talented pen to the epic panorama of WWII and illuminates an intimate part of history seldom seen: the womenâs war. The Nightingale tells the stories of two sisters, separated by years and experience, by ideals, passion and circumstance, each embarking on her own dangerous path toward survival, love, and freedom in German-occupied, war-torn France--a heartbreakingly beautiful novel that celebrates the resilience of the human spirit and the durability of women. It is a novel for everyone, a novel for a lifetime. ...more"
3e42ac0f4d43320f,The New Guy (and Other Senior Year Distractions),44.92,3,Young Adult,In stock (3 available),"A ridiculously cute, formerly-famous new guy dropping into your life? It's practically every girl's dream. But not Jules McCallister-Morgan's. I realize that on paper I look like your standard type-A, neurotic, overachiever. And maybe I am. But I didn't get to be the editor of my school's long-revered newspaper by just showing up*. I have one main goal for my senior year-e A ridiculously cute, formerly-famous new guy dropping into your life? It's practically every girl's dream. But not Jules McCallister-Morgan's. I realize that on paper I look like your standard type-A, neurotic, overachiever. And maybe I am. But I didn't get to be the editor of my school's long-revered newspaper by just showing up*. I have one main goal for my senior year-early acceptance into my first choice Ivy League college-and I will not be deterred by best friends, moms who think I could stand to ""live a little,"" or boys. At least, that was the plan before I knew about Alex Powell**.And before Alex Powell betrayed me***.I know what you're thinking: Calm down, Jules. But you don't understand. This stuff matters. This is my life. And I'm not going down without a fight. ----* Okay, I sort of did. But it's a sore subject.** I mean, I guess everyone knows about Alex Powell? Two years ago, you couldn't go anywhere without hearing about viral video boy band sensation Chaos 4 All. Two years ago, Alex Powell was famous.***Some people think I'm overreacting. But this. Means. War.Filled with romance, rivalry, and passive-aggressive dog walking, Amy Spalding delivers a hilariously relatable high school story that's sure to have you falling for The New Guy. ...more"
cf2f27fdf94ba20e,The Lonely Ones,43.59,5,Childrens,In stock (3 available),"When your only friend is your own endless imagination, how do you escape your mind and connect to the world around you?With parents too busy to pay her attention, an older brother and sister who would rather spend their time with friends, and peers who oscillate between picking on her and simply ignoring her, it's no wonder that Fain spends most of her time in a world of h When your only friend is your own endless imagination, how do you escape your mind and connect to the world around you?Â With parents too busy to pay her attention, an older brother and sister who would rather spend their time with friends, and peers who oscillate between picking on her and simply ignoring her, it's no wonder that Fain spends most of her time in a world of her own making. During the day, Fain takes solace in crafting her own fantastical adventures in writing, but in the darkness of night, these adventures come to life as Fain lives and breathes alongside a legion of imaginary creatures. Whether floating through space or under the sea, climbing mountains or traipsing through forests, Fain becomes queen beyond - and in spite of - the walls of her bedroom.In time, Fain begins to see possibilities and friendships emerge in her day-to-day reality. . . yet when she is let down by the one relationship she thought she could trust, Fain must decide: remain queen of the imaginary creatures, or risk the pain that comes with opening herself up to the fragile connections that exist only in the real world?Â Told in breathless and visual verse, THE LONELY ONES takes readers through the intricate inner workings of a girl who struggles to navigate isolation and finds friendship where she least expects it. ...more"
70c7c3ca7f9b2728,The Lean Startup: How Today's Entrepreneurs Use Continuous Innovation to Create Radically Successful Businesses,33.92,3,Business,In stock (3 available),"Most startups fail. But many of those failures are preventable. The Lean Startup is a new approach being adopted across the globe, changing the way companies are built and new products are launched. Eric Ries defines a startup asan organization dedicated to creating something new under conditions of extreme uncertainty. This is just as true for one person in a garage or a Most startups fail. But many of those failures are preventable.Â  The Lean Startup is a new approach being adopted across the globe, changing the way companies are built and new products are launched. Eric Ries defines a startup asÂ an organization dedicated to creating something new under conditions of extreme uncertainty. This is just as true for one person in a garage or a group of seasoned professionals in a Fortune 500 boardroom. What they have in common is a mission to penetrate that fog of uncertainty to discover a successful path to a sustainable business. The Lean Startup approach fosters companies that are both more capital efficient and that leverage human creativity more effectively.Â  Inspired by lessons from lean manufacturing, it relies on âvalidated learning,â rapid scientific experimentation, as well as a number of counter-intuitive practices that shorten product development cycles, measure actual progress without resorting to vanity metrics, and learn what customers really want. It enables a company to shift directions with agility, altering plans inch by inch, minute by minute. Rather than wasting time creating elaborate business plans, The Lean Startup offers entrepreneurs - in companies of all sizes - a way to test their vision continuously, to adapt and adjust before itâs too late. Ries provides a scientific approach to creating and managing successful startups in a age when companies need to innovate more than ever. ...more"
35e69a79d2b1e804,"The Land of 10,000 Madonnas",29.64,4,Young Adult,In stock (3 available),"Five teens backpack through Europe to fulfill the mysterious dying wish of their friend.Jesse lives with his history professor dad in a house covered with postcards of images of the Madonna from all over the world. Theyâre gotten used to this life: two motherless dudes living among thousands of Madonnas. But Jesse has a heart condition that will ultimately cut his life tra Five teens backpack through Europe to fulfill the mysterious dying wish of their friend.Jesse lives with his history professor dad in a house covered with postcards of images of the Madonna from all over the world. Theyâre gotten used to this life: two motherless dudes living among thousands of Madonnas. But Jesse has a heart condition that will ultimately cut his life tragically short. Before he dies, he arranges a mysterious trip to Europe for his three cousins, his best friend, and his girlfriend to take after he passes away. Itâs a trip that will forever change the lives of these young teens and one that will help them come to terms with Jesseâs death. ...more"
a8b0ea6490bc818f,The Hitchhiker's Guide to the Galaxy (Hitchhiker's Guide to the Galaxy #1),47.8,3,Add a comment,In stock (3 available),"Seconds before the Earth is demolished to make way for a galactic freeway, Arthur Dent is plucked off the planet by his friend Ford Prefect, a researcher for the revised edition of The Hitchhiker's Guide to the Galaxy who, for the last fifteen years, has been posing as an out-of-work actor.Together this dynamic pair begin a journey through space aided by quotes from The Hi Seconds before the Earth is demolished to make way for a galactic freeway, Arthur Dent is plucked off the planet by his friend Ford Prefect, a researcher for the revised edition of The Hitchhiker's Guide to the Galaxy who, for the last fifteen years, has been posing as an out-of-work actor.Together this dynamic pair begin a journey through space aided by quotes from The Hitchhiker's Guide (""A towel is about the most massively useful thing an interstellar hitchhiker can have"") and a galaxy-full of fellow travelers: Zaphod Beeblebrox--the two-headed, three-armed ex-hippie and totally out-to-lunch president of the galaxy; Trillian, Zaphod's girlfriend (formally Tricia McMillan), whom Arthur tried to pick up at a cocktail party once upon a time zone; Marvin, a paranoid, brilliant, and chronically depressed robot; Veet Voojagig, a former graduate student who is obsessed with the disappearance of all the ballpoint pens he bought over the years. ...more"
c88422d8959260ab,The Goldfinch,43.58,3,Default,In stock (3 available),"It begins with a boy. Theo Decker, a thirteen-year-old New Yorker, miraculously survives an accident that kills his mother. Abandoned by his father, Theo is taken in by the family of a wealthy friend. Bewildered by his strange new home on Park Avenue, disturbed by schoolmates who don't know how to talk to him, and tormented above all by his unbearable longing for his mothe It begins with a boy. Theo Decker, a thirteen-year-old New Yorker, miraculously survives an accident that kills his mother. Abandoned by his father, Theo is taken in by the family of a wealthy friend. Bewildered by his strange new home on Park Avenue, disturbed by schoolmates who don't know how to talk to him, and tormented above all by his unbearable longing for his mother, he clings to one thing that reminds him of her: a small, mysteriously captivating painting that ultimately draws Theo into the underworld of art.As an adult, Theo moves silkily between the drawing rooms of the rich and the dusty labyrinth of an antiques store where he works. He is alienated and in love-and at the center of a narrowing, ever more dangerous circle.The Goldfinch combines vivid characters, mesmerizing language, and suspense, while plumbing with a philosopher's calm the deepest mysteries of love, identity, and art. It is an old-fashioned story of loss and obsession, survival and self-invention, and the ruthless machinations of fate. ...more"
92dcc54a27107a37,The Girl with All the Gifts,49.47,3,Horror,In stock (3 available),"Melanie is a very special girl. Dr. Caldwell calls her ""our little genius.""Every morning, Melanie waits in her cell to be collected for class. When they come for her, Sergeant Parks keeps his gun pointing at her while two of his people strap her into the wheelchair. She thinks they don't like her. She jokes that she won't bite, but they don't laugh.Melanie loves school. Sh Melanie is a very special girl. Dr. Caldwell calls her ""our little genius.""Every morning, Melanie waits in her cell to be collected for class. When they come for her, Sergeant Parks keeps his gun pointing at her while two of his people strap her into the wheelchair. She thinks they don't like her. She jokes that she won't bite, but they don't laugh.Melanie loves school. She loves learning about spelling and sums and the world outside the classroom and the children's cells. She tells her favorite teacher all the things she'll do when she grows up. Melanie doesn't know why this makes Miss Justineau look sad. ...more"
dd003e904727281a,The Exiled,43.45,3,Mystery,In stock (3 available),"Can anyone ever truly outrun his past?Back in the 1980s, Wes Raney was an ambitious New York City Narcotics Detective with a growing drug habit of his own. While working undercover on a high-risk case, he made decisions that ultimately cost him not only his career, but also his family. Disgraced, Raney fled-but history is finally catching up with him.Now in his early forti Can anyone ever truly outrun his past?Back in the 1980s, Wes Raney was an ambitious New York City Narcotics Detective with a growing drug habit of his own. While working undercover on a high-risk case, he made decisions that ultimately cost him not only his career, but also his family. Disgraced, Raney fled-but history is finally catching up with him.Now in his early forties, Raney has been living in exile, the sole homicide investigator covering a two-hundred-mile stretch of desert in New Mexico. His solitude is his salvation-but it ends when a brutal drug deal gone wrong results in a triple murder. Staged in a locked underground bunker, the crime reawakens Raney's haunted and violent past.From the vast, unforgiving landscape of the American west to the mean streets of New York, The Exiled is at once a riveting murder mystery and a brilliant portrait of a man on the run from himself, an unforgettable thriller that is ""impossible to put down"" (Frank Bill). ...more"
b3f2bc2cefb35f05,"The End of Faith: Religion, Terror, and the Future of Reason",22.13,4,Add a comment,In stock (3 available),"In The End of Faith, Sam Harris delivers a startling analysis of the clash between reason and religion in the modern world. He offers a vivid, historical tour of our willingness to suspend reason in favor of religious beliefsâeven when these beliefs inspire the worst human atrocities. While warning against the encroachment of organized religion into world politics, Harris In The End of Faith, Sam Harris delivers a startling analysis of the clash between reason and religion in the modern world. He offers a vivid, historical tour of our willingness to suspend reason in favor of religious beliefsâeven when these beliefs inspire the worst human atrocities. While warning against the encroachment of organized religion into world politics, Harris draws on insights from neuroscience, philosophy, and Eastern mysticism to deliver a call for a truly modern foundation for ethics and spirituality that is both secular and humanistic.Winner of the 2005 PEN/Martha Albrand Award for Nonfiction. ...more"
c6bf14cb901c63ac,"The Elegant Universe: Superstrings, Hidden Dimensions, and the Quest for the Ultimate Theory",13.03,4,Science,In stock (3 available),"The international bestseller that inspired a major Nova special and sparked a new understanding of the universe, now with a new preface and epilogue.Brian Greene, one of the world's leading string theorists, peels away layers of mystery to reveal a universe that consists of eleven dimensions, where the fabric of space tears and repairs itself, and all matterâfrom the small The international bestseller that inspired a major Nova special and sparked a new understanding of the universe, now with a new preface and epilogue.Brian Greene, one of the world's leading string theorists, peels away layers of mystery to reveal a universe that consists of eleven dimensions, where the fabric of space tears and repairs itself, and all matterâfrom the smallest quarks to the most gargantuan supernovasâis generated by the vibrations of microscopically tiny loops of energy. The Elegant Universe makes some of the most sophisticated concepts ever contemplated accessible and thoroughly entertaining, bringing us closer than ever to understanding how the universe works. ...more"
b22362b434e8ee62,The Day the Crayons Came Home (Crayons),26.33,5,Childrens,In stock (3 available),"The companion to the #1 blockbuster bestseller, The Day the Crayons Quit! I'm not sure what it is about this kid Duncan, but his crayons sure are a colorful bunch of characters! Having soothed the hurt feelings of one group who threatened to quit, Duncan now faces a whole new group of crayons asking to be rescued. From Maroon Crayon, who was lost beneath the sofa cushions The companion to the #1 blockbuster bestseller, The Day the Crayons Quit! I'm not sure what it is about this kid Duncan, but his crayons sure are a colorful bunch of characters! Having soothed the hurt feelings of one group who threatened to quit, Duncan now faces a whole new group of crayons asking to be rescued. From Maroon Crayon, who was lost beneath the sofa cushions and then broken in two after Dad sat on him; to poor Turquoise, whose head is now stuck to one of Duncan's stinky socks after they both ended up in the dryer together; to Pea Green, who knows darn well that no kid likes peas and who ran awayâeach and every crayon has a woeful tale to tell and a plea to be brought home to the crayon box. Drew Daywalt and Oliver Jeffers have combined to create a companion book every bit as funny and kid-friendly as the #1 bestsellingÂ The Day the Crayons Quit.Praise for The Day the Crayons Quit The #1Â New York Times bestselling phenomenon â over 80 weeks on the bestseller list!Winner of the E.B. White Read-Aloud Award Amazonâs 2013 Best Picture Book of the Year A Barnes & Noble Best Book of 2013 Goodreadsâ 2013 Best Picture Book of the YearÂ  * âHilarious . . . Move over, Click, Clack, Moo; weâve got a new contender for the most successful picture-book strike.â âBCCB, starred reviewÂ  âJeffers . . . elevates crayon drawing to remarkable heights.â âBooklist âFresh and funny.â âThe Wall Street Journal ""This book will have children asking to have it read again and again.â âLibrary Media Connection * âThis colorful title should make for an uproarious storytime.â âSchool Library Journal, starred reviewÂ  * âThese memorable personalities will leave readers glancing apprehensively at their own crayon boxes.â âPublishers Weekly, starred reviewÂ  âUtterly original.â âSan Francisco Chronicle ...more"
cad70d6ffd53912f,The Complete Stories and Poems (The Works of Edgar Allan Poe [Cameo Edition]),26.78,4,Classics,In stock (3 available),"This single volume brings together all of Poe's stories and poems, and illuminates the diverse and multifaceted genius of one of the greatest and most influential figures in American literary history."
23707d3ddf14a999,The Complete Poems,41.32,5,Add a comment,In stock (3 available),"THE ONLY ONE-VOLUME EDITION CONTAINING ALL 1,775 OF EMILY DICKINSONâS POEMSOnly eleven of Emily Dickinsonâs poems were published prior to her death in 1886; the startling originality of her work doomed it to obscurity in her lifetime. Early posthumously published collections-some of them featuring liberally âeditedâ versions of the poems-did not fully and accurately repres THE ONLY ONE-VOLUME EDITION CONTAINING ALL 1,775 OF EMILY DICKINSONâS POEMSOnly eleven of Emily Dickinsonâs poems were published prior to her death in 1886; the startling originality of her work doomed it to obscurity in her lifetime. Early posthumously published collections-some of them featuring liberally âeditedâ versions of the poems-did not fully and accurately represent Dickinsonâs bold experiments in prosody, her tragic vision, and the range of her intellectual and emotional explorations. Not until the 1955 publication of The Complete Poems of Emily Dickinson, a three-volume critical edition compiled by Thomas H. Johnson, were readers able for the first time to assess, understand, and appreciate the whole of Dickinsonâs extraordinary poetic genius.This book, a distillation of the three-volume Complete Poems, brings together the original texts of all 1,775 poems that Emily Dickinson wrote. ...more"
08decd9664e5d56e,The Book of Basketball: The NBA According to The Sports Guy,44.84,5,Sports and Games,In stock (3 available),"There is only one writer on the planet who possesses enough basketball knowledge and passion to write the definitive book on the NBA.* Bill Simmons, the from-the-womb hoops addict known to millions as ESPN.comâs Sports Guy, is that writer. And The Book of Basketball is that book. Nowhere in the roundball universe will you find another single volume that covers as much in s There is only one writer on the planet who possesses enough basketball knowledge and passion to write the definitive book on the NBA.* Bill Simmons, the from-the-womb hoops addict known to millions as ESPN.comâs Sports Guy, is that writer. And The Book of Basketball is that book. Nowhere in the roundball universe will you find another single volume that covers as much in such depth as this wildly opinionated and thoroughly entertaining look at the past, present, and future of pro basketball.From the age-old question of who actually won the rivalry between Bill Russell and Wilt Chamberlain to the one about which team was truly the best of all time, Simmons opensâand then closes, once and for allâevery major pro basketball debate. Then he takes it further by completely reevaluating not only how NBA Hall of Fame inductees should be chosen but how the institution must be reshaped from the ground up, the result being the Pyramid: Simmonsâs one-of-a-kind, five-level shrine to the ninety-six greatest players in the history of pro basketball. And ultimately he takes fans to the heart of it all, as he uses a conversation with one NBA great to uncover that coveted thing: The Secret of Basketball.Comprehensive, authoritative, controversial, hilarious, and impossible to put down (even for Celtic-haters), The Book of Basketball offers every hardwood fan a courtside seat beside the gameâs finest, funniest, and fiercest chronicler.* More to the point, heâs the only one crazy enough to try to pull it off. ...more"
311634df10651e05,"The Art of Simple Food: Notes, Lessons, and Recipes from a Delicious Revolution",34.32,3,Food and Drink,In stock (3 available),"Perhaps more responsible than anyone for the revolution in the way we eat, cook, and think about food, Alice Waters has âsingle-handedly chang[ed] the American palateâ according to the New York Times. Her simple but inventive dishes focus on a passion for flavor and a reverence for locally produced, seasonal foods.With an essential repertoire of timeless, approachable reci Perhaps more responsible than anyone for the revolution in the way we eat, cook, and think about food, Alice Waters has âsingle-handedly chang[ed] the American palateâ according to the New York Times. Her simple but inventive dishes focus on a passion for flavor and a reverence for locally produced, seasonal foods.With an essential repertoire of timeless, approachable recipes chosen to enhance and showcase great ingredients, The Art of Simple Food is an indispensable resource for home cooks. Here you will find Aliceâs philosophy on everything from stocking your kitchen, to mastering fundamentals and preparing delicious, seasonal inspired meals all year long. Always true to her philosophy that a perfect meal is one thatâs balanced in texture, color, and flavor, Waters helps us embrace the seasonsâ bounty and make the best choices when selecting ingredients. Fill your market basket with pristine produce, healthful grains, and responsibly raised meat, poultry, and seafood, then embark on a voyage of culinary rediscovery that reminds us that the most gratifying dish is often the least complex. ...more"
a11ae5f07572ef49,Stiff: The Curious Lives of Human Cadavers,36.74,3,Nonfiction,In stock (3 available),"Stiff is an oddly compelling, often hilarious exploration of the strange lives of our bodies postmortem. For two thousand years, cadaversâsome willingly, some unwittinglyâhave been involved in science's boldest strides and weirdest undertakings. In this fascinating account, Mary Roach visits the good deeds of cadavers over the centuries and tells the engrossing story of ou Stiff is an oddly compelling, often hilarious exploration of the strange lives of our bodies postmortem. For two thousand years, cadaversâsome willingly, some unwittinglyâhave been involved in science's boldest strides and weirdest undertakings. In this fascinating account, Mary Roach visits the good deeds of cadavers over the centuries and tells the engrossing story of our bodies when we are no longer with them. ...more"
ac27ab4bcd9c492e,Something Borrowed (Darcy & Rachel #1),48.96,5,Womens Fiction,In stock (3 available),"Something Borrowed tells the story of Rachel, a young attorney living and working in Manhattan. Rachel has always been the consummate good girlâuntil her thirtieth birthday, when her best friend, Darcy, throws her a party. That night, after too many drinks, Rachel ends up in bed with Darcy's fiancÃ©. Although she wakes up determined to put the one-night fling behind her, Ra Something Borrowed tells the story of Rachel, a young attorney living and working in Manhattan. Rachel has always been the consummate good girlâuntil her thirtieth birthday, when her best friend, Darcy, throws her a party. That night, after too many drinks, Rachel ends up in bed with Darcy's fiancÃ©. Although she wakes up determined to put the one-night fling behind her, Rachel is horrified to discover that she has genuine feelings for the one guy she should run from. As the September wedding date nears, Rachel knows she has to make a choice. In doing so, she discovers that the lines between right and wrong can be blurry, endings aren't always neat, and sometimes you have to risk all to win true happiness. Something Borrowed is a phenomenal debut novel that will have you laughing, crying, and calling your best friend. ...more"
281a244ce1954711,Seven Brief Lessons on Physics,30.6,4,Science,In stock (3 available),"Everything you need to know about the beauty ofmodern physics in less than 100 pages.In seven brief lessons, Italian theoretical physicist Carlo Rovelli guides readers with admirable clarity through the most transformative physics breakthroughs of the twentieth and twenty-first centuries. This playful, entertaining and mind-bending introduction to modern physics, already a Everything you need to know about the beauty ofÂ modern physics in less than 100 pages.In seven brief lessons, Italian theoretical physicist Carlo Rovelli guides readers with admirable clarity through the most transformative physics breakthroughs of the twentieth and twenty-first centuries. This playful, entertaining and mind-bending introduction to modern physics, already a major bestseller in Italy, explains general relativity, quantum mechanics, elementary particles, gravity, black holes, the complex architecture of the universe, and the role of humans in the strange world Rovelli describes. This is a book about the joy of discovery. It takes readers to the frontiers of our knowledge: to the most minute reaches of the fabric of space, back toÂ the origins of the cosmos, and into the workings of our minds. âHere, on the edge of what we know, in contact with the ocean of the unknown, shines the mystery and the beauty of the world,â Rovelli writes. âAnd itâs breathtaking.â ...more"
510832818edb6fbc,Scarlet (The Lunar Chronicles #2),14.57,4,Young Adult,In stock (3 available),"Cinder, the cyborg mechanic, returns in the second thrilling installment of the bestselling Lunar Chronicles. Sheâs trying to break out of prisonâeven though if she succeeds, sheâll be the Commonwealthâs most wanted fugitive. Halfway around the world, Scarlet Benoitâs grandmother is missing. It turns out there are many things Scarlet doesnât know about her grandmother or t Cinder, the cyborg mechanic, returns in the second thrilling installment of the bestselling Lunar Chronicles. Sheâs trying to break out of prisonâeven though if she succeeds, sheâll be the Commonwealthâs most wanted fugitive. Halfway around the world, Scarlet Benoitâs grandmother is missing. It turns out there are many things Scarlet doesnât know about her grandmother or the grave danger she has lived in her whole life. When Scarlet encounters Wolf, a street fighter who may have information as to her grandmotherâs whereabouts, she is loath to trust this stranger, but is inexplicably drawn to him, and he to her. As Scarlet and Wolf unravel one mystery, they encounter another when they meet Cinder. Now, all of them must stay one step ahead of the vicious Lunar Queen Levana, who will do anything for the handsome Prince Kai to become her husband, her king, her prisoner. ...more"
7b870bf85d01c2dc,"Saga, Volume 3 (Saga (Collected Editions) #3)",21.57,5,Sequential Art,In stock (3 available),"From the Hugo Award-winning duo of Brian K. Vaughan (The Private Eye, Y: The Last Man) and Fiona Staples (North 40, Red Sonja), Saga is the sweeping tale of one young family fighting to find their place in the universe. Searching for their literary hero, new parents Marko and Alana travel to a cosmic lighthouse on the planet Quietus, while the couple's multiple pursuers fi From the Hugo Award-winning duo of Brian K. Vaughan (The Private Eye, Y: The Last Man) and Fiona Staples (North 40, Red Sonja), Saga is the sweeping tale of one young family fighting to find their place in the universe. Searching for their literary hero, new parents Marko and Alana travel to a cosmic lighthouse on the planet Quietus, while the couple's multiple pursuers finally close in on their targets.Collects issues 13-18. ...more"
28921443f052bea6,Running with Scissors,12.91,4,Autobiography,In stock (3 available),"Augusten Burroughs is the author of the bestselling trilogy, Running with Scissors, Dry, and Lust & Wonder. Return to the memoir that started it all.The true story of a boy whose mother (a poet with delusions of Anne Sexton) gave him away to be raised by her unorthodox psychiatrist who bore a striking resemblance to Santa Claus. So at the age of twelve, Burroughs found Augusten Burroughs is the author of the bestselling trilogy, Running with Scissors, Dry, and Lust & Wonder. Return to the memoir that started it all.The true story of a boy whose mother (a poet with delusions of Anne Sexton) gave him away to be raised by her unorthodox psychiatrist who bore a striking resemblance to Santa Claus. So at the age of twelve, Burroughs found himself amidst Victorian squalor living with the doctor's bizarre family, and befriending a paedophile who resided in the backyard shed. The story of an outlaw childhood where rules were unheard of, and the Christmas tree stayed up all year round, where Valium was consumed like candy, and if things got dull an electroshock-therapy machine could provide entertainment. The funny, harrowing and bestselling account of an ordinary boy's survival under the most extraordinary circumstances. ...more"
89cad3f37c9ce226,"Rise of the Rocket Girls: The Women Who Propelled Us, from Missiles to the Moon to Mars",41.67,4,Nonfiction,In stock (3 available),"The riveting true story of the women who launched America into space.In the 1940s and 50s, when the newly minted Jet Propulsion Laboratory needed quick-thinking mathematicians to calculate velocities and plot trajectories, they didn't turn to male graduates. Rather, they recruited an elite group of young women who, with only pencil, paper, and mathematical prowess, transfo The riveting true story of the women who launched America into space.In the 1940s and 50s, when the newly minted Jet Propulsion Laboratory needed quick-thinking mathematicians to calculate velocities and plot trajectories, they didn't turn to male graduates. Rather, they recruited an elite group of young women who, with only pencil, paper, and mathematical prowess, transformed rocket design, helped bring about the first American satellites, and made the exploration of the solar system possible. For the first time, Rise of the Rocket Girls tells the stories of these women--known as ""human computers""--who broke the boundaries of both gender and science. Based on extensive research and interviews with all the living members of the team, Rise of the Rocket Girls offers a unique perspective on the role of women in science: both where we've been, and the far reaches of space to which we're heading. ...more"
ecdf73ee66c33b17,Reservations for Two,11.1,3,Romance,In stock (3 available),"Widowers Maggie OâBrien and Carson Jennings are both on a journey to rediscover who they are. Maggie, an adventurous former pastorâs wife of thirty-nine years, hopes to find closure in the place she and her husband spent their honeymoon. Carson, a retired judge, is living his lifelong dream of traveling across the U.S. in his RV. When their paths cross in the tranquil sett Widowers Maggie OâBrien and Carson Jennings are both on a journey to rediscover who they are. Maggie, an adventurous former pastorâs wife of thirty-nine years, hopes to find closure in the place she and her husband spent their honeymoon. Carson, a retired judge, is living his lifelong dream of traveling across the U.S. in his RV. When their paths cross in the tranquil setting of Mason Springs, New Mexico, love is the last thing that either of them expects to find.When this mix matched pair comes together they find themselves in some hilarious and even precarious situations. As the romance begins to blossom they face many obstacles that threaten to tear them apart, and what Maggie discovers about herself in New Mexico will redefine her future and alienate one of her children. Will Carson and Maggieâs love for one another be strong enough to weather the storms or will their love for their children keep them apart? ...more"
4c8ece50736f9e88,Red: The True Story of Red Riding Hood,28.54,3,Childrens,In stock (3 available),"""Red is the most wonder-filled fairy tale of them all!ââChris Grabenstein, New York Times Bestselling author of Escape from Mr. Lemoncello's Library. Red is not afraid of the big bad wolf.Sheâs not afraid of anything . . . except magic. But when Redâs granny falls ill, it seems that only magic can save her, and fearless Red is forced to confront her one weakness. With the ""Red is the most wonder-filled fairy tale of them all!ââChris Grabenstein, New York Times Bestselling author of Escape from Mr. Lemoncello's Library. Red is not afraid of the big bad wolf.Â Sheâs not afraid of anything . . . except magic. But when Redâs granny falls ill, it seems that only magic can save her, and fearless Red is forced to confront her one weakness. With the help of a blond, porridge-sampling nuisance called Goldie, Red goes on a quest to cure Granny. Her journey takes her through dwarvesâ caverns to a haunted well and a beastâs castle. All the while, Red and Goldie are followed by a wolf and a huntsmanâtwo mortal enemies who seek the girlsâ help to defeat each other. And one of them just might have the magical solution Red is looking for. . . . Liesl Shurtliff weaves a spellbinding tale, shining the spotlight on a beloved character from her award-winning debut,Â Rump.Â  Â  And don't miss Jack: The True Story of Jack and the Beanstalk, ""a delightful story of family, perseverance and courage"" (Booklist).From the Hardcover edition. ...more"
2ef5dc7e278e562a,Ready Player One,19.07,4,Science Fiction,In stock (3 available),"In the year 2044, reality is an ugly place. The only time teenage Wade Watts really feels alive is when he's jacked into the virtual utopia known as the OASIS. Wade's devoted his life to studying the puzzles hidden within this world's digital confines, puzzles that are based on their creator's obsession with the pop culture of decades past and that promise massive power an In the year 2044, reality is an ugly place. The only time teenage Wade Watts really feels alive is when he's jacked into the virtual utopia known as theÂ  OASIS. Wade's devoted his life to studying the puzzles hidden within this world's digital confines, puzzles that are based on their creator's obsession with the pop culture of decades past and that promise massive power and fortune to whoever can unlock them. When Wade stumbles upon the first clue, he finds himself beset by players willing to kill to take this ultimate prize. The race is on, and if Wade's going to survive, he'll have to winâand confront the real world he's always been so desperate to escape. ...more"
9707989a439757b4,Prodigy: The Graphic Novel (Legend: The Graphic Novel #2),43.63,3,Sequential Art,In stock (3 available),"The second book in the best-selling Legend trilogy comes to life in this vibrant graphic novel adaptation.After escaping from the Republic's stronghold, Day and June are on the run in Vegas when the country learns that their Elector Primo has died and his son has stepped in to take his place. They meet up with the rebel stronghold of the Patriotsâa large organization strad The second book in the best-selling Legend trilogy comes to life in this vibrant graphic novel adaptation.After escaping from the Republic's stronghold, Day and June are on the run in Vegas when the country learns that their Elector Primo has died and his son has stepped in to take his place. They meet up with the rebel stronghold of the Patriotsâa large organization straddling the line between the Republic and its warring neighbor, the Coloniesâand learn about an assassination plot against the Elector. Using threats and blackmail to get what he wants, the Patriots' leader, Razor, convinces June to let herself be captured by Republic soldiers so she can win over the Elector and feed him a decoy assassination plan. But when June realizes that the new Elector is nothing like his father, she must work with Day to try to stop the Patriots' plot before Razor can fulfill his own devastating plans. ...more"
c59283b05905c853,Original Fake,31.45,3,Sequential Art,In stock (3 available),"In this Banksy-inspired illustrated novel, an escalating sibling rivalry train wrecks and vengeance is a street-art act of warIntrovert Frankie Neumann hates his life, and understandably so. Heâs got a weird, tutu-wearing sister, Lou, and even weirder parents, Bridget and BrettâFrank Sinatra and Dr. Frank-N-Furter impersonators, respectively. And, heâs just the guy who mak In this Banksy-inspired illustrated novel, an escalating sibling rivalry train wrecks and vengeance is a street-art act of warIntrovert Frankie Neumann hates his life, and understandably so. Heâs got a weird, tutu-wearing sister, Lou, and even weirder parents, Bridget and BrettâFrank Sinatra and Dr. Frank-N-Furter impersonators, respectively. And, heâs just the guy who makes pizza at Pizza Vendetta. Though he has secret artistic aspirations of his own, his over-the-top family makes him want to stay in the background. But Frankie's life is about to changeâbecoming way more interesting, even a little dangerous, but definitely cool.After his shift at the pizzeria one night, Frankie meets David and Rory, cousins and errand runners for the mysterious Uncle Epic, a legendary anonymous street artist and Frankieâs absolute idol. Little could Frankie dream that his new adventures with Uncle Epic would lead to the perfect opportunity to strike back at his insufferable sister for a lifetime of torture. But things go haywire quicker than you can say âstreet art kicks righteous ass,â and the lines are suddenly blurred between art and Frankieâs real life. ...more"
747cf7fca2ccdbd4,Neither Here nor There: Travels in Europe,38.95,3,Travel,In stock (3 available),"Bill Bryson's first travel book, The Lost Continent, was unanimously acclaimed as one of the funniest books in years. In Neither Here nor There he brings his unique brand of humour to bear on Europe as he shoulders his backpack, keeps a tight hold on his wallet, and journeys from Hammerfest, the northernmost town on the continent, to Istanbul on the cusp of Asia. Fluent in Bill Bryson's first travel book, The Lost Continent, was unanimously acclaimed as one of the funniest books in years. In Neither Here nor There he brings his unique brand of humour to bear on Europe as he shoulders his backpack, keeps a tight hold on his wallet, and journeys from Hammerfest, the northernmost town on the continent, to Istanbul on the cusp of Asia. Fluent in, oh, at least one language, he retraces his travels as a student twenty years before.Whether braving the homicidal motorist of Paris, being robbed by gypsies in Florence, attempting not to order tripe and eyeballs in a German restaurant, window-shopping in the sex shops of the Reeperbahn or disputing his hotel bill in Copenhagen, Bryson takes in the sights, dissects the culture and illuminates each place and person with his hilariously caustic observations. He even goes to Liechtenstein. ...more"
54aeeb4610d3ae08,Naked,31.69,3,Humor,In stock (3 available),"Welcome to the hilarious, strange, elegiac, outrageous world of David Sedaris. In Naked, Sedaris turns the mania for memoir on its proverbial ear, mining the exceedingly rich terrain of his life, his family, and his unique worldviewâa sensibility at once take-no-prisoners sharp and deeply charitable. A tart-tongued mother does dead-on imitations of her young son's nervous Welcome to the hilarious, strange, elegiac, outrageous world of David Sedaris. In Naked, Sedaris turns the mania for memoir on its proverbial ear, mining the exceedingly rich terrain of his life, his family, and his unique worldviewâa sensibility at once take-no-prisoners sharp and deeply charitable. A tart-tongued mother does dead-on imitations of her young son's nervous tics, to the great amusement of his teachers; a stint of Kerouackian wandering is undertaken (of course!) with a quadriplegic companion; a family gathers for a wedding in the face of imminent death. Through it all is Sedaris's unmistakable voice, without doubt one of the freshest in American writing. ...more"
4ef75307fb64e2ad,Lila (Gilead #3),12.47,3,Fiction,In stock (3 available),"Marilynne Robinson, one of the greatest novelists of our time, returns to the town of Gilead in an unforgettable story of a girlhood lived on the fringes of society in fear, awe, and wonder.Lila, homeless and alone after years of roaming the countryside, steps inside a small-town Iowa churchâthe only available shelter from the rainâand ignites a romance and a debate that w Marilynne Robinson, one of the greatest novelists of our time, returns to the town of Gilead in an unforgettable story of a girlhood lived on the fringes of society in fear, awe, and wonder.Lila, homeless and alone after years of roaming the countryside, steps inside a small-town Iowa churchâthe only available shelter from the rainâand ignites a romance and a debate that will reshape her life. She becomes the wife of a minister, John Ames, and begins a new existence while trying to make sense of the days of suffering that preceded her newfound security.Neglected as a toddler, Lila was rescued by Doll, a canny young drifter, and brought up by her in a hardscrabble childhood. Together they crafted a life on the run, living hand-to-mouth with nothing but their sisterly bond and a ragged blade to protect them. But despite bouts of petty violence and moments of desperation, their shared life is laced with moments of joy and love. When Lila arrives in Gilead, she struggles to harmonize the life of her makeshift family and their days of hardship with the gentle Christian worldview of her husband that paradoxically judges those she loves.Revisiting the beloved characters and setting of Marilynne Robinsonâs Pulitzer Prize-winning Gilead and Home, a National Book Award Finalist, Lila is a moving expression of the mysteries of existence that is destined to become an American classic. ...more"
0ce8075fab4a2b5b,Legend (Legend #1),43.69,4,Young Adult,In stock (3 available),"There is an alternate cover edition for this ISBN13 here.What was once the western United States is now home to the Republic, a nation perpetually at war with its neighbors. Born into an elite family in one of the Republic's wealthiest districts, fifteen-year-old June is a prodigy being groomed for success in the Republic's highest military circles. Born into the slums, fi There is an alternate cover edition for this ISBN13 here.What was once the western United States is now home to the Republic, a nation perpetually at war with its neighbors. Born into an elite family in one of the Republic's wealthiest districts, fifteen-year-old June is a prodigy being groomed for success in the Republic's highest military circles. Born into the slums, fifteen-year-old Day is the country's most wanted criminal. But his motives may not be as malicious as they seem.From very different worlds, June and Day have no reason to cross pathsâuntil the day June's brother, Metias, is murdered and Day becomes the prime suspect. Caught in the ultimate game of cat and mouse, Day is in a race for his family's survival, while June seeks to avenge Metias's death. But in a shocking turn of events, the two uncover the truth of what has really brought them together, and the sinister lengths their country will go to keep its secrets. ...more"
034829ffdd0a0aea,Is Everyone Hanging Out Without Me? (And Other Concerns),20.11,3,Default,In stock (3 available),"Mindy Kaling has lived many lives: the obedient child of immigrant professionals, a timid chubster afraid of her own bike, a Ben Affleckâimpersonating Off-Broadway performer and playwright, and, finally, a comedy writer and actress prone to starting fights with her friends and coworkers with the sentence âCan I just say one last thing about this, and then I swear Iâll shut Mindy Kaling has lived many lives: the obedient child of immigrant professionals, a timid chubster afraid of her own bike, a Ben Affleckâimpersonating Off-Broadway performer and playwright, and, finally, a comedy writer and actress prone to starting fights with her friends and coworkers with the sentence âCan I just say one last thing about this, and then I swear Iâll shut up about it?â Â Perhaps you want to know what Mindy thinks makes a great best friend (someone who will fill your prescription in the middle of the night), or what makes a great guy (one who is aware of all elderly people in any room at any time and acts accordingly), or what is the perfect amount of fame (so famous you can never get convicted of murder in a court of law), or how to maintain a trim figure (you will not find that information in these pages). If so, youâve come to the right book, mostly!Â In Is Everyone Hanging Out Without Me?, Mindy invites readers on a tour of her life and her unscientific observations on romance, friendship, and Hollywood, with several conveniently placed stopping points for you to run errands and make phone calls. Mindy Kaling really is just a Girl Next Doorânot so much literally anywhere in the continental United States, but definitely if you live in India or Sri Lanka. ...more"
6c4646d90b60a56c,Inferno (Robert Langdon #4),41.0,5,Fiction,In stock (3 available),"In his international blockbusters The Da Vinci Code, Angels & Demons, and The Lost Symbol, Dan Brown masterfully fused history, art, codes, and symbols. In this riveting new thriller, Brown returns to his element and has crafted his highest-stakes novel to date.In the heart of Italy, Harvard professor of symbology Robert Langdon is drawn into a harrowing world centered In his international blockbusters The Da Vinci Code, Angels & Demons, and The Lost Symbol, Dan Brown masterfully fused history, art, codes, and symbols. In this riveting new thriller, Brown returns to his element and has crafted his highest-stakes novel to date.In the heart of Italy, Harvard professor of symbology Robert Langdon is drawn into a harrowing world centered on one of historyâs most enduring and mysterious literary masterpieces . . . Danteâs Inferno.Against this backdrop, Langdon battles a chilling adversary and grapples with an ingenious riddle that pulls him into a landscape of classic art, secret passageways, and futuristic science. Drawing from Danteâs dark epic poem, Langdon races to find answers and decide whom to trust . . . before the world is irrevocably altered. ...more"
d8292cd5f1aca291,"In the Garden of Beasts: Love, Terror, and an American Family in Hitler's Berlin",28.85,3,Nonfiction,In stock (3 available),"The time is 1933, the place, Berlin, when William E. Dodd becomes Americaâs first ambassador to Hitlerâs Germany in a year that proved to be a turning point in history.A mild-mannered professor from Chicago, Dodd brings along his wife, son, and flamboyant daughter, Martha. At first Martha is entranced by the parties and pomp, and the handsome young men of the Third Reich w The time is 1933, the place, Berlin, when William E. Dodd becomes Americaâs first ambassador to Hitlerâs Germany in a year that proved to be a turning point in history.Â A mild-mannered professor from Chicago, Dodd brings along his wife, son, and flamboyant daughter, Martha. At first Martha is entranced by the parties and pomp, and the handsome young men of the Third Reich with their infectious enthusiasm for restoring Germany to a position of world prominence. Enamored of the âNew Germany,â she has one affair after another, including with the suprisingly honorable first chief of the Gestapo, Rudolf Diels. But as evidence of Jewish persecution mounts, confirmed by chilling first-person testimony, her father telegraphs his concerns to a largely indifferent State Department back home. Dodd watches with alarm as Jews are attacked, the press is censored, and drafts of frightening new laws begin to circulate. As that first year unfolds and the shadows deepen, the Dodds experience days full of excitement, intrigue, romanceâand ultimately, horror, when a climactic spasm of violence and murder reveals Hitlerâs true character and ruthless ambition.Â Suffused with the tense atmosphere of the period, and with unforgettable portraits of the bizarre GÃ¶ring and the expectedly charming--yet wholly sinister--Goebbels, In the Garden of Beasts lends a stunning, eyewitness perspective on events as they unfold in real time, revealing an era of surprising nuance and complexity. The result is a dazzling, addictively readable work that speaks volumes about why the world did not recognize the grave threat posed by Hitler until Berlin, and Europe, were awash in blood and terror. ...more"
61569d12d4ae7161,If I Run (If I Run #1),49.97,4,Christian Fiction,In stock (3 available),"Casey knows the truth.But it wonât set her free.Casey Coxâs DNA is all over the crime scene. Thereâs no use talking to police; they have failed her abysmally before. She has to flee before sheâs arrested . . . or worse. The truth doesnât matter anymore.But what is the truth? Thatâs the question haunting Dylan Roberts, the war-weary veteran hired to find Casey. PTSD has mar Casey knows the truth.But it wonât set her free.Casey Coxâs DNA is all over the crime scene. Thereâs no use talking to police; they have failed her abysmally before. She has to flee before sheâs arrested . . . or worse. The truth doesnât matter anymore.But what is the truth? Thatâs the question haunting Dylan Roberts, the war-weary veteran hired to find Casey. PTSD has marked him damaged goods, but bringing Casey back can redeem him. Though the crime scene seems to tell the whole story, details of the murder arenât adding up. Casey Cox doesnât fit the profile of a killer. But are Dylanâs skewed perceptions keeping him from being objective? If she isnât guilty, why did she run?Unraveling her past and the evidence that condemns her will take more time than he has, but as Dylanâs damaged soul intersects with hers, he is faced with two choices. The girl who occupies his every thought is a psychopathic killer . . . or a selfless hero. And the truth could be the most deadly weapon yet. ...more"
6c4d17a46cac8787,Hungry Girl Clean & Hungry: Easy All-Natural Recipes for Healthy Eating in the Real World,33.14,3,Food and Drink,In stock (3 available),"The instant New York Times and USA Today bestsellerHungry Girl Clean & Hungry: Healthy Recipes for Clean Eating in the Real WorldComplete with full-color photos of EVERY recipe, Hungry Girl Clean & Hungry combines the best of Hungry Girl with the best of clean eating. The food is still guilt-free, and the portions are still huge...but now Lisa Lillien is highlighti The instant New York Times and USA Today bestsellerHungry Girl Clean & Hungry: Healthy Recipes for Clean Eating in the Real WorldComplete with full-color photos of EVERY recipe, Hungry Girl Clean & Hungry combines the best of Hungry Girl with the best of clean eating. The food is still guilt-free, and the portions are still huge...but now Lisa Lillien is highlighting CLEAN ingredients and doing away with artificial and processed foods. This book gives mainstream America delicious, satisfying, and clean recipes, using healthy ingredients found in supermarkets everywhere. The best part? The recipes are so easy, anyone can make 'em!Featuring...90 vegetarian recipes108 gluten-free recipes56 recipes in 30 minutes or less43 recipes with 5 ingredients or lessRecipes like...PB&J Waffles (203 calories)BBQ Meatloaf (196 calories)Hawaiian Shrimp Fried Rice with Pineapple (229 calories)Fudgy Flourless Chocolate Cake (100 calories)Finally... a real-world (and DELICIOUS) approach to clean eating! ...more"
b003f8bb02f76dc5,Heir to the Sky,44.07,4,Fantasy,In stock (3 available),"As heir to a kingdom of floating continents, Kali has spent her life bound by limitsâby her duties as a member of the royal family, by a forced betrothal to the son of a nobleman, and by the edge of the only world sheâs ever knownâa small island hovering above a monster-ridden earth, long since uninhabited by humans. She is the Eternal Flame of Hope for whatâs left of mank As heir to a kingdom of floating continents, Kali has spent her life bound by limitsâby her duties as a member of the royal family, by a forced betrothal to the son of a nobleman, and by the edge of the only world sheâs ever knownâa small island hovering above a monster-ridden earth, long since uninhabited by humans. She is the Eternal Flame of Hope for whatâs left of mankind, the wick and the wax burning in service for her people, and for their revered Phoenix, whose magic keeps them aloft.When Kali falls off the edge of her kingdom and miraculously survives, she is shocked to discover there are still humans on the earth. Determined to get home, Kali entrusts a rugged monster-hunter named Griffin to guide her across a world overrun by chimera, storm dragons, basilisks, and other terrifying beasts. But the more time she spends on earth, the more dark truths she begins to uncover about her home in the sky, and the more resolute she is to start burning for herself. ...more"
621e2c310cec8d32,Green Eggs and Ham (Beginner Books B-16),10.79,4,Childrens,In stock (3 available),"âDo you like green eggs and ham?â asks Sam-I-am in this Beginner Book by Dr. Seuss. In a house or with a mouse? In a boat or with a goat? On a train or in a tree? Sam keeps asking persistently. With unmistakable characters and signature rhymes, Dr. Seussâs beloved favorite has cemented its place as a childrenâs classic. In this most famous of cumulative tales, the list of âDo you like green eggs and ham?â asks Sam-I-am in this Beginner Book by Dr. Seuss. In a house or with a mouse? In a boat or with a goat? On a train or in a tree? Sam keeps asking persistently. With unmistakable characters and signature rhymes, Dr. Seussâs beloved favorite has cemented its place as a childrenâs classic. In this most famous of cumulative tales, the list of places to enjoy green eggs and ham, and friends to enjoy them with, gets longer and longer. Follow Sam-I-am as he insists that this unusual treat is indeed a delectable snack to be savored everywhere and in every way. Originally created by Dr. Seuss, Beginner Books encourage children to read all by themselves, with simple words and illustrations that give clues to their meaning. ...more"
c300cc9326592b65,Gratitude,26.66,5,Nonfiction,In stock (3 available),"A deeply moving testimony and celebration of how to embrace life.In January 2015, Oliver Sacks was diagnosed with a recurrence of cancer, and he shared this news in a New York Times essay that inspired readers all over the world: ""I cannot pretend I am without fear. But my predominant feeling is one of gratitude.... Above all, I have been a sentient being, a thinking anima A deeply moving testimony and celebration of how to embrace life.In January 2015, Oliver Sacks was diagnosed with a recurrence of cancer, and he shared this news in a New York Times essay that inspired readers all over the world: ""I cannot pretend I am without fear. But my predominant feeling is one of gratitude.... Above all, I have been a sentient being, a thinking animal, on this beautiful planet, and that in itself has been an enormous privilege and adventure.""Gratitude consists of four essays that originally appeared in The New York Times, accompanied by a foreword that describes the occasion of each chapter. The foreword is written by Billy Hayes, Oliver Sacks's partner, and Kate Edgar, his long time collaborator. ...more"
d5c588b6f9c015e4,Gone Girl,37.6,5,Default,In stock (3 available),"On a warm summer morning in North Carthage, Missouri, it is Nick and Amy Dunneâs fifth wedding anniversary. Presents are being wrapped and reservations are being made when Nickâs clever and beautiful wife disappears. Husband-of-the-Year Nick isnât doing himself any favors with cringe-worthy daydreams about the slope and shape of his wifeâs head, but passages from Amy's dia On a warm summer morning in North Carthage, Missouri, it is Nick and Amy Dunneâs fifth wedding anniversary. Presents are being wrapped and reservations are being made when Nickâs clever and beautiful wife disappears. Husband-of-the-Year Nick isnât doing himself any favors with cringe-worthy daydreams about the slope and shape of his wifeâs head, but passages from Amy's diary reveal the alpha-girl perfectionist could have put anyone dangerously on edge.Â Under mounting pressure from the police and the mediaâas well as Amyâs fiercely doting parentsâthe town golden boy parades an endless series of lies, deceits, and inappropriate behavior. Nick is oddly evasive, and heâs definitely bitterâbut is he really a killer?Â  ...more"
984b3b6e7479b571,Golden (Heart of Dread #3),42.21,4,Young Adult,In stock (3 available),"The action-packed finale to the Heart of Dread seriesIn this epic conclusion to the trilogy, Nat and Wes go on a journey to find the Rift, save the source of magic and defeat the Drau, the pirates, and the RSAâbut at a great sacrifice. Wes is dying, and as he's rotting the Drau will let the rot ""cleanse"" the source of magic, dooming Wes forever. Nat and Wes discover that t The action-packed finale to the Heart of Dread seriesIn this epic conclusion to the trilogy, Nat and Wes go on a journey to find the Rift, save the source of magic and defeat the Drau, the pirates, and the RSAâbut at a great sacrifice. Wes is dying, and as he's rotting the Drau will let the rot ""cleanse"" the source of magic, dooming Wes forever. Nat and Wes discover that the source of the magic lies in the Drakonâthe key to the Blue, the protector, the soul of the world. But in order to close the Rift, a great sacrifice is needed. In the words of the sylphs, death is life, and now the worlds can be reborn again.Â Â  ...more"
2ed3a794a70aa85f,Fire Bound (Sea Haven/Sisters of the Heart #5),21.28,4,Add a comment,In stock (3 available),"The #1 New York Times bestselling author of the Sea Haven novels returns to the circle of the six sisters of the heart, bound by the elementsâand to one who possesses the power to inflame the most dangerous passions of all.Flame-haired Lissa Piner is a skilled glass blower whose delicate gift conceals a burning inner strength that can destroy as exquisitely as it can creat The #1 New York Times bestselling author of the Sea Haven novels returns to the circle of the six sisters of the heart, bound by the elementsâand to one who possesses the power to inflame the most dangerous passions of all.Â Flame-haired Lissa Piner is a skilled glass blower whose delicate gift conceals a burning inner strength that can destroy as exquisitely as it can create. Commissioned to design chandeliers for a string of luxury hotels, her remarkable skills have taken her to Italy. But Lissaâs real mission there is a secret. For her entire life has been a lie, leading to a chance to avenge a terrible wrong. Â  Enlisted as her bodyguard is Casmir Prakenskii, a trained assassin living off the grid. In Lissa, he sees a kindred spiritâsomething unexpected and wicked, mysterious and sensual. But more than desire is about to bring them together: because both of their pasts cry out for revenge. And for two people with this many secrets, this much passion, and this many enemies, someone is bound to get burned. ...more"
ed813a848580ba50,Fifty Shades Freed (Fifty Shades #3),15.36,5,Adult Fiction,In stock (3 available),"When unworldly student Anastasia Steele first encountered the driven and dazzling young entrepreneur Christian Grey it sparked a sensual affair that changed both of their lives irrevocably. Shocked, intrigued, and, ultimately, repelled by Christianâs singular erotic tastes, Ana demands a deeper commitment. Determined to keep her, Christian agrees.Now, Ana and Christian hav When unworldly student Anastasia Steele first encountered the driven and dazzling young entrepreneur Christian Grey it sparked a sensual affair that changed both of their lives irrevocably. Shocked, intrigued, and, ultimately, repelled by Christianâs singular erotic tastes, Ana demands a deeper commitment. Determined to keep her, Christian agrees.Now, Ana and Christian have it allâlove, passion, intimacy, wealth, and a world of possibilities for their future.Â But Ana knows that loving her Fifty Shades will not be easy, and that being together will pose challenges that neither of them would anticipate.Â Ana must somehow learn to share Christianâs opulent lifestyle without sacrificing her own identity. And Christian must overcome his compulsion to control as he wrestles with the demons of a tormented past.Just when it seems that their strength together will eclipse any obstacle, misfortune, malice, and fate conspire to make Anaâs deepest fears turn to reality.This book is intended for mature audiences. ...more"
588ba85ff11a3263,Extreme Prey (Lucas Davenport #26),25.4,3,Mystery,In stock (3 available),"The extraordinary new Lucas Davenport thriller from #1New York Timesâbestselling author and Pulitzer Prize winner John Sandford. After the events in Gathering Prey, Lucas Davenport finds himself in a very unusual situationâno longer employed by the Minnesota BCA. His friend the governor is just cranking up a presidential campaign, though, and he invites Lucas to come alon The extraordinary new Lucas Davenport thriller from #1Â New York Timesâbestselling author and Pulitzer Prize winner John Sandford. Â  After the events in Gathering Prey, Lucas Davenport finds himself in a very unusual situationâno longer employed by the Minnesota BCA. His friend the governor is just cranking up a presidential campaign, though, and he invites Lucas to come along as part of his campaign staff. âShould be fun!â he says, and it kind of isâuntil they find they have a shadow: an armed man intent on killing the governor . . . and anyone who gets in the way. ...more"
b843f52a986a2914,Eragon (The Inheritance Cycle #1),43.87,3,Fantasy,In stock (3 available),"One boy. One dragon. A world of adventure.When Eragon finds a polished blue stone in the forest, he thinks it is the lucky discovery of a poor farm boy; perhaps it will buy his family meat for the winter. But when the stone brings a dragon hatchling, Eragon realizes he has stumbled upon a legacy nearly as old as the Empire itself.Overnight his simple life is shattered, and One boy. One dragon. A world of adventure.When Eragon finds a polished blue stone in the forest, he thinks it is the lucky discovery of a poor farm boy; perhaps it will buy his family meat for the winter. But when the stone brings a dragon hatchling, Eragon realizes he has stumbled upon a legacy nearly as old as the Empire itself.Overnight his simple life is shattered, and he is thrust into a perilous new world of destiny, magic, and power. With only an ancient sword and the advice of an old storyteller for guidance, Eragon and the fledgling dragon must navigate the dangerous terrain and dark enemies of an Empire ruled by a king whose evil knows no bounds.Can Eragon take up the mantle of the legendary Dragon Riders? The fate of the Empire may rest in his hands. ...more"
81372abc86f65c79,Disrupted: My Misadventure in the Start-Up Bubble,15.28,5,Nonfiction,In stock (3 available),"INSTANT NEW YORK TIMES BESTSELLER ""Wildly entertaining ... Lyons has injected a dose of sanity into a world gone mad."" ---Ashlee Vance, New York Times-bestselling author of Elon MuskFor twenty-five years Dan Lyons was a magazine writer at the top of his profession--until one Friday morning when he received a phone call: Poof. His job no longer existed. ""I think they just w INSTANT NEW YORK TIMES BESTSELLER ""Wildly entertaining ... Lyons has injected a dose of sanity into a world gone mad."" ---Ashlee Vance, New York Times-bestselling author of Elon MuskFor twenty-five years Dan Lyons was a magazine writer at the top of his profession--until one Friday morning when he received a phone call: Poof. His job no longer existed. ""I think they just want to hire younger people,"" his boss at Newsweek told him. Fifty years old and with a wife and two young kids, Dan was, in a word, screwed. Then an idea hit. Dan had long reported on Silicon Valley and the tech explosion. Why not join it? HubSpot, a Boston start-up, was flush with $100 million in venture capital. They offered Dan a pile of stock options for the vague role of ""marketing fellow."" What could go wrong? HubSpotters were true believers: They were making the world a better place ... by selling email spam. The office vibe was frat house meets cult compound: The party began at four thirty on Friday and lasted well into the night; ""shower pods"" became hook-up dens; a push-up club met at noon in the lobby, while nearby, in the ""content factory,"" Nerf gun fights raged. Groups went on ""walking meetings,"" and Dan's absentee boss sent cryptic emails about employees who had ""graduated"" (read: been fired). In the middle of all this was Dan, exactly twice the age of the average HubSpot employee, and literally old enough to be the father of most of his co-workers, sitting at his desk on his bouncy-ball ""chair.""Mixed in with Lyons's uproarious tale of his rise and fall at Hubspot is a trenchant analysis of the start-up world, a de facto conspiracy between those who start companies and those who fund them, a world where bad ideas are rewarded with hefty investments, where companies blow money lavishing perks on their post-collegiate workforces, and where everybody is trying to hang on just long enough to reach an IPO and cash out. With a cast of characters that includes devilish angel investors, fad-chasing venture capitalists, entrepreneurs and ""wantrapreneurs,"" bloggers and brogrammers, social climbers and sociopaths, Disrupted is a gripping and definitive account of life in the (second) tech bubble. ...more"
04d858cdeeee0da4,Dead Wake: The Last Crossing of the Lusitania,39.24,5,Default,In stock (3 available),"#1 New York Times BestsellerFrom thebestselling author and master of narrative nonfiction comes the enthralling story of the sinking of the LusitaniaOn May 1, 1915, with WWI entering its tenth month, a luxury ocean liner as richly appointed as an English country house sailed out of New York, bound for Liverpool, carrying a record number of children and infants. The passeng #1 New York Times BestsellerFrom theÂ bestselling author and master of narrative nonfiction comes the enthralling story of the sinking of the LusitaniaOn May 1, 1915, with WWI entering its tenth month, a luxury ocean liner as richly appointed as an English country house sailed out of New York, bound for Liverpool, carrying a record number of children and infants. The passengers were surprisingly at ease, even though Germany had declared the seas around Britain to be a war zone. For months, German U-boats had brought terror to the North Atlantic. But the Lusitania was one of the eraâs great transatlantic âGreyhoundsââthe fastest liner then in serviceâand her captain, William Thomas Turner, placed tremendous faith in the gentlemanly strictures of warfare that for a century had kept civilian ships safe from attack.Â Germany, however, was determined to change the rules of the game, and Walther Schwieger, the captain of Unterseeboot-20, was happy to oblige. Meanwhile, an ultra-secret British intelligence unit tracked Schwiegerâs U-boat, but told no one. As U-20 and the Lusitania made their way toward Liverpool, an array of forces both grand and achingly smallâhubris, a chance fog, a closely guarded secret, and moreâall converged to produce one of the great disasters of history. It is a story that many of us think we know but donât, and Erik Larson tells it thrillingly, switching between hunter and hunted while painting a larger portrait of America at the height of the Progressive Era. Full of glamour and suspense, Dead Wake brings to life a cast of evocative characters, from famed Boston bookseller Charles Lauriat to pioneering female architect Theodate Pope to President Woodrow Wilson, a man lost to grief, dreading the widening war but also captivated by the prospect of new love.Â  Gripping and important, Dead Wake captures the sheer drama and emotional power of a disaster whose intimate details and true meaning have long been obscured by history. ...more"
66937c669c4da072,Dark Places,23.9,5,Default,In stock (3 available),"FROM THE #1 NEW YORK TIMES BESTSELLING AUTHOR OF GONE GIRLLibby Day was seven when her mother and two sisters were murdered in âThe Satan Sacrifice"" of Kinnakee, Kansas.â She survivedâand famously testified that her fifteen-year-old brother, Ben, was the killer. Twenty-five years later, the Kill Clubâa secret secret society obsessed with notorious crimesâlocates Libby and FROM THE #1 NEW YORK TIMES BESTSELLING AUTHOR OF GONE GIRLLibby Day was seven when her mother and two sisters were murdered in âThe Satan Sacrifice"" of Kinnakee, Kansas.â She survivedâand famously testified that her fifteen-year-old brother, Ben, was the killer. Twenty-five years later, the Kill Clubâa secret secret society obsessed with notorious crimesâlocates Libby and pumps her for details. They hope to discover proof that may free Ben. Libby hopes to turn a profit off her tragic history: Sheâll reconnect with the players from that night and report her findings to the clubâfor a fee. As Libbyâs search takes her from shabby Missouri strip clubs to abandoned Oklahoma tourist towns, the unimaginable truth emerges, and Libby finds herself right back where she startedâon the run from a killer. ...more"
c9782ad2a0ed9331,Crazy Rich Asians (Crazy Rich Asians #1),49.13,5,Fiction,In stock (3 available),"Crazy Rich Asians is the outrageously funny debut novel about three super-rich, pedigreed Chinese families and the gossip, backbiting, and scheming that occurs when the heir to one of the most massive fortunes in Asia brings home his ABC (American-born Chinese) girlfriend to the wedding of the season.When Rachel Chu agrees to spend the summer in Singapore with her boyfrien Crazy Rich Asians is the outrageously funny debut novel about three super-rich, pedigreed Chinese families and the gossip, backbiting, and scheming that occurs when the heir to one of the most massive fortunes in Asia brings home his ABC (American-born Chinese) girlfriend to the wedding of the season.When Rachel Chu agrees to spend the summer in Singapore with her boyfriend, Nicholas Young, she envisions a humble family home, long drives to explore the island, and quality time with the man she might one day marry. What she doesn't know is that Nick's family home happens to look like a palace, that she'll ride in more private planes than cars, and that with one of Asia's most eligible bachelors on her arm, Rachel might as well have a target on her back. Initiated into a world of dynastic splendor beyond imagination, Rachel meets Astrid, the It Girl of Singapore society; Eddie, whose family practically lives in the pages of the Hong Kong socialite magazines; and Eleanor, Nick's formidable mother, a woman who has very strong feelings about who her son should--and should not--marry. Uproarious, addictive, and filled with jaw-dropping opulence, Crazy Rich Asians is an insider's look at the Asian JetSet; a perfect depiction of the clash between old money and new money; between Overseas Chinese and Mainland Chinese; and a fabulous novel about what it means to be young, in love, and gloriously, crazily rich. ...more"
bbfc4a3b7b6c94a0,Breaking Dawn (Twilight #4),35.28,5,Default,In stock (3 available),"When you loved the one who was killing you, it left you no options. How could you run, how could you fight, when doing so would hurt that beloved one? If your life was all you had to give, how could you not give it? If it was someone you truly loved?--To be irrevocably in love with a vampire is both fantasy and nightmare woven into a dangerously heightened reality for Bell When you loved the one who was killing you, it left you no options. How could you run, how could you fight, when doing so would hurt that beloved one? If your life was all you had to give, how could you not give it? If it was someone you truly loved?--To be irrevocably in love with a vampire is both fantasy and nightmare woven into a dangerously heightened reality for Bella Swan. Pulled in one direction by her intense passion for Edward Cullen, and in another by her profound connection to werewolf Jacob Black, she has endured a tumultuous year of temptation, loss, and strife to reach the ultimate turning point. Her imminent choice to either join the dark but seductive world of immortals or to pursue a fully human life has become the thread from which the fates of two tribes hangs.Now that Bella has made her decision, a startling chain of unprecedented events is about to unfold with potentially devastating and unfathomable, consequences. Just when the frayed strands of Bella's life - first discovered in Twilight, then scattered and torn in New Moon and Eclipse - seem ready to heal and knit together, could they be destroyed... forever? ...more"
8e0bc2fe4e7d35b5,Boy Meets Boy,21.12,3,Young Adult,In stock (3 available),"This is the story of Paul, a sophomore at a high school like no other: The cheerleaders ride Harleys, the homecoming queen used to be a guy named Daryl (she now prefers Infinite Darlene and is also the star quarterback), and the gay-straight alliance was formed to help the straight kids learn how to dance.When Paul meets Noah, he thinks heâs found the one his heart is made This is the story of Paul, a sophomore at a high school like no other: The cheerleaders ride Harleys, the homecoming queen used to be a guy named Daryl (she now prefers Infinite Darlene and is also the star quarterback), and the gay-straight alliance was formed to help the straight kids learn how to dance.When Paul meets Noah, he thinks heâs found the one his heart is made for. Until he blows it. The school bookie says the odds are 12-to-1 against him getting Noah back, but Paulâs not giving up without playing his love really loud. His best friend Joni might be drifting away, his other best friend Tony might be dealing with ultra-religious parents, and his ex-boyfriend Kyle might not be going away anytime soon, but sometimes everything needs to fall apart before it can really fit together right.This is a happy-meaningful romantic comedy about finding love, losing love, and doing what it takes to get love back in a crazy-wonderful world. ...more"
0bbc48294707ba96,Blink: The Power of Thinking Without Thinking,21.74,5,Nonfiction,In stock (3 available),"In his landmark bestseller The Tipping Point, Malcolm Gladwell redefined how we understand the world around us. Now, in Blink, he revolutionizes the way we understand the world within. Blink is a book about how we think without thinking, about choices that seem to be made in an instant--in the blink of an eye--that actually aren't as simple as they seem. Why are some peopl In his landmark bestseller The Tipping Point, Malcolm Gladwell redefined how we understand the world around us. Now, in Blink, he revolutionizes the way we understand the world within. Blink is a book about how we think without thinking, about choices that seem to be made in an instant--in the blink of an eye--that actually aren't as simple as they seem. Why are some people brilliant decision makers, while others are consistently inept? Why do some people follow their instincts and win, while others end up stumbling into error? How do our brains really work-in the office, in the classroom, in the kitchen, and in the bedroom? And why are the best decisions often those that are impossible to explain to others?In Blink we meet the psychologist who has learned to predict whether a marriage will last, based on a few minutes of observing a couple; the tennis coach who knows when a player will double-fault before the racket even makes contact with the ball; the antiquities experts who recognize a fake at a glance. Here, too, are great failures of ""blink"": the election of Warren Harding; ""New Coke""; and the shooting of Amadou Diallo by police. Blink reveals that great decision makers aren't those who process the most information or spend the most time deliberating, but those who have perfected the art of ""thin-slicing""--filtering the very few factors that matter from an overwhelming number of variables.ContentsIntroduction: The statue that didnÂ´t look right1. The Theory of Thin Slices: How a little bit of knowledge goes a long way2. The Locked Door: The secret life of snap decisions3. The Warren Harding Error: Why we fall for tall, dark, and handome men4. Paul Van RiperÂ´s Big Victory: Creating structure for spontaneity5. KennaÂ´s Dilemma: The right -and wrong- way to ask people what they want6. Seven Seconds in the Bronx: The delicate art of mind readingConclusion: Listening with your eyes -the lessons of BlinkAfterwordNotesAcknowledgementsIndexReading Group Guide ...more"
155e42df837ee5ff,Between Shades of Gray,20.79,5,Historical Fiction,In stock (3 available),"Lina is just like any other fifteen-year-old Lithuanian girl in 1941. She paints, she draws, she gets crushes on boys. Until one night when Soviet officers barge into her home, tearing her family from the comfortable life they've known. Separated from her father, forced onto a crowded and dirty train car, Lina, her mother, and her young brother slowly make their way north, Lina is just like any other fifteen-year-old Lithuanian girl in 1941. She paints, she draws, she gets crushes on boys. Until one night when Soviet officers barge into her home, tearing her family from the comfortable life they've known. Separated from her father, forced onto a crowded and dirty train car, Lina, her mother, and her young brother slowly make their way north, crossing the Arctic Circle, to a work camp in the coldest reaches of Siberia. Here they are forced, under Stalin's orders, to dig for beets and fight for their lives under the cruelest of conditions. Lina finds solace in her art, meticulously--and at great risk--documenting events by drawing, hoping these messages will make their way to her father's prison camp to let him know they are still alive. It is a long and harrowing journey, spanning years and covering 6,500 miles, but it is through incredible strength, love, and hope that Lina ultimately survives. Between Shades of Gray is a novel that will steal your breath and capture your heart. ...more"
5439bae708bca198,Beautiful Creatures (Caster Chronicles #1),21.55,5,Default,In stock (3 available),"Lena Duchannes is unlike anyone the small Southern town of Gatlin has ever seen, and she's struggling to conceal her power, and a curse that has haunted her family for generations. But even within the overgrown gardens, murky swamps and crumbling graveyards of the forgotten South, a secret cannot stay hidden forever.Ethan Wate, who has been counting the months until he can Lena Duchannes is unlike anyone the small Southern town of Gatlin has ever seen, and she's struggling to conceal her power, and a curse that has haunted her family for generations. But even within the overgrown gardens, murky swamps and crumbling graveyards of the forgotten South, a secret cannot stay hidden forever.Ethan Wate, who has been counting the months until he can escape from Gatlin, is haunted by dreams of a beautiful girl he has never met. When Lena moves into the town's oldest and most infamous plantation, Ethan is inexplicably drawn to her and determined to uncover the connection between them.In a town with no surprises, one secret could change everything. ...more"
5d22e2a46604b6e7,Ash,22.06,4,Fantasy,In stock (3 available),"Cinderella retold In the wake of her father's death, Ash is left at the mercy of her cruel stepmother. Consumed with grief, her only joy comes by the light of the dying hearth fire, rereading the fairy tales her mother once told her. In her dreams, someday the fairies will steal her away, as they are said to do. When she meets the dark and dangerous fairy Sidhean, she bel Cinderella retold In the wake of her father's death, Ash is left at the mercy of her cruel stepmother. Consumed with grief, her only joy comes by the light of the dying hearth fire, rereading the fairy tales her mother once told her. In her dreams, someday the fairies will steal her away, as they are said to do. When she meets the dark and dangerous fairy Sidhean, she believes that her wish may be granted.The day that Ash meets Kaisa, the King's Huntress, her heart begins to change. Instead of chasing fairies, Ash learns to hunt with Kaisa. Though their friendship is as delicate as a new bloom, it reawakens Ash's capacity for love-and her desire to live. But Sidhean has already claimed Ash for his own, and she must make a choice between fairy tale dreams and true love.Entrancing, empowering, and romantic, Ash is about the connection between life and love, and solitude and death, where transformation can come from even the deepest grief. ...more"
ef9c4f2465513956,Are We There Yet?,10.66,3,Childrens,In stock (3 available),"Caldecott Medalist Dan Santat takes readers on the road trip of a lifetime!""Are we there yet?"" Every parent has heard this classic kid question on a long car ride--and after reading this astonishingly inventive new book (that even turns upside down for several pages!), you'll never look at being bored the same way again.Let's face it: everyone knows that car rides can be b Caldecott Medalist Dan Santat takes readers on the road trip of a lifetime!""Are we there yet?"" Every parent has heard this classic kid question on a long car ride--and after reading this astonishingly inventive new book (that even turns upside down for several pages!), you'll never look at being bored the same way again.Let's face it: everyone knows that car rides can be boring. And when things get boring, time slows down. In this book, a boy feels time slowing down so much that it starts going backward--into the time of pirates! Of princesses! Of dinosaurs! The boy was just trying to get to his grandmother's birthday party, but instead he's traveling through Ancient Egypt and rubbing shoulders with Ben Franklin. When time flies, who knows where--or when--he'll end up. ...more"
7bf87402413c27ff,Annie on My Mind,36.83,5,Young Adult,In stock (3 available),"This groundbreaking book is the story of two teenage girls whose friendship blossoms into love and who, despite pressures from family and school that threaten their relationship, promise to be true to each other and their feelings. This book is so truthful and honest, it has been banned from many school libraries and even publicly burned in Kansas City.Of the author and th This groundbreaking book is the story of two teenage girls whose friendship blossoms into love and who, despite pressures from family and school that threaten their relationship, promise to be true to each other and their feelings. This book is so truthful and honest, it has been banned from many school libraries and even publicly burned in Kansas City.Â Of the author and the book, the Margaret A. Edwards Award committee said, âNancy Garden has the distinction of being the first author for young adults to create a lesbian love story with a positive ending. Using a fluid, readable style, Garden opens a window through which readers can find courage to be true to themselves.â ...more"
bcee4f289ff6699c,A Walk in the Woods: Rediscovering America on the Appalachian Trail,30.48,4,Nonfiction,In stock (3 available),"The Appalachian Trail trail stretches from Georgia to Maine and covers some of the most breathtaking terrain in Americaâmajestic mountains, silent forests, sparking lakes. If youâre going to take a hike, itâs probably the place to go. And Bill Bryson is surely the most entertaining guide youâll find. He introduces us to the history and ecology of the trail and to some of t The Appalachian Trail trail stretches from Georgia to Maine and covers some of the most breathtaking terrain in Americaâmajestic mountains, silent forests, sparking lakes. If youâre going to take a hike, itâs probably the place to go. And Bill Bryson is surely the most entertaining guide youâll find. He introduces us to the history and ecology of the trail and to some of the other hardy (or just foolhardy) folks he meets along the wayâand a couple of bears. Already a classic, A Walk in the Woods will make you long for the great outdoors (or at least a comfortable chair to sit and read in). ...more"
5dbd6ec4e154ad2f,A Visit from the Goon Squad,14.08,5,Default,In stock (3 available),"Bennie is an aging former punk rocker and record executive. Sasha is the passionate, troubled young woman he employs. Here Jennifer Egan brilliantly reveals their pasts, along with the inner lives of a host of other characters whose paths intersect with theirs. With music pulsing on every page, A Visit from the Goon Squad is a startling, exhilarating novel of self-destruct Bennie is an aging former punk rocker and record executive. Sasha is the passionate, troubled young woman he employs. Here Jennifer Egan brilliantly reveals their pasts, along with the inner lives of a host of other characters whose paths intersect with theirs. With music pulsing on every page, A Visit from the Goon Squad is a startling, exhilarating novel of self-destruction and redemption. ...more"
4130678275eb7c8c,The Sense of an Ending,31.38,3,Add a comment,In stock (2 available),"An alternative cover edition for this ISBN can be found hereTony Webster and his clique first met Adrian Finn at school. Sex-hungry and book-hungry, they would navigate the girl-less sixth form together, trading in affectations, in-jokes, rumour and wit. Maybe Adrian was a little more serious than the others, certainly more intelligent, but they all swore to stay friends f An alternative cover edition for this ISBN can be found hereTony Webster and his clique first met Adrian Finn at school. Sex-hungry and book-hungry, they would navigate the girl-less sixth form together, trading in affectations, in-jokes, rumour and wit. Maybe Adrian was a little more serious than the others, certainly more intelligent, but they all swore to stay friends for life.Now Tony is retired. He's had a career and a single marriage, a calm divorce. He's certainly never tried to hurt anybody. Memory, though, is imperfect. It can always throw up surprises, as a lawyer's letter is about to prove. ...more"
f3c76b53b239f511,The Course of Love,16.78,3,Fiction,In stock (2 available),"The long-awaited and beguiling second novel from Alain de Botton that tracks the beautifully complicated arc of a romantic partnership, from the internationally bestselling author of On Love and How Proust Can Change Your Life.We all know the headiness and excitement of the early days of love. But what comes after? In Edinburgh, a couple, Rabih and Kirsten, fall in love. T The long-awaited and beguiling second novel from Alain de Botton that tracks the beautifully complicated arc of a romantic partnership, from the internationally bestselling author of On Love and How Proust Can Change Your Life.We all know the headiness and excitement of the early days of love. But what comes after? In Edinburgh, a couple, Rabih and Kirsten, fall in love. They get married, they have childrenâbut no long-term relationship is as simple as âhappily ever after.â The Course of Love is a novel that explores what happens after the birth of love, what it takes to maintain love, and what happens to our original ideals under the pressures of an average existence. You experience, along with Rabih and Kirsten, the first flush of infatuation, the effortlessness of falling into romantic love, and the course of life thereafter. Interwoven with their story and its challenges is an overlay of philosophyâan annotation and a guide to what we are reading.This is a Romantic novel in the true sense, one interested in exploring how love can survive and thrive in the long term. The result is a sensory experienceâfictional, philosophical, psychologicalâthat urges us to identify deeply with these characters, and to reflect on his and her own experiences in love. Fresh, visceral, and utterly compelling, The Course of Love is a provocative and life-affirming novel for everyone who believes in love. ...more"
9189fd009df41d0e,"Saga, Volume 2 (Saga (Collected Editions) #2)",11.75,3,Sequential Art,In stock (2 available),"From award-winning writer BRIAN K. VAUGHAN (Pride of Baghdad, Ex Machina) and critically acclaimed artist FIONA STAPLES (Mystery Society, Done to Death), SAGA is sweeping tale of one young family fighting to find their place in the universe. Thanks to her star-crossed parents Marko and Alana, newborn baby Hazel has already survived lethal assassins, rampaging armies, and h From award-winning writer BRIAN K. VAUGHAN (Pride of Baghdad, Ex Machina) and critically acclaimed artist FIONA STAPLES (Mystery Society, Done to Death), SAGA is sweeping tale of one young family fighting to find their place in the universe. Thanks to her star-crossed parents Marko and Alana, newborn baby Hazel has already survived lethal assassins, rampaging armies, and horrific monsters, but in the cold vastness of outer space, the little girl encounters her strangest adventure yet... grandparents.Collects Saga issues #7-12 ...more"
6fa3ea52c8e31e06,New Moon (Twilight #2),12.86,4,Young Adult,In stock (2 available),"Also see: Alternate Cover Editions for this ISBN [ACE] ACE #1 I knew we were both in mortal danger. Still, in that instant, I felt well. Whole. I could feel my heart racing in my chest, the blood pulsing hot and fast through my veins again. My lungs filled deep with the sweet scent that came off his skin. It was like there had never been any hole in my chest. I was perfe Also see: Alternate Cover Editions for this ISBN [ACE] ACE #1 I knew we were both in mortal danger. Still, in that instant, I felt well. Whole. I could feel my heart racing in my chest, the blood pulsing hot and fast through my veins again. My lungs filled deep with the sweet scent that came off his skin. It was like there had never been any hole in my chest. I was perfect - not healed, but as if there had never been a wound in the first place.LEGIONS OF READERS ARE HUNGRY FOR MORE. GIVE IN TO TEMPTATION... ...more"
637e5a45062aa548,Life,31.58,5,Music,In stock (2 available),"With the Rolling Stones, Keith Richards created the riffs, the lyrics and the songs that roused the world, and over four decades he lived the original rock and roll life. Now, at last, the man himself tells us the story of life in the crossfire hurricane."
fb495f9f9015a772,Kindle Paperwhite User's Guide,34.0,3,Nonfiction,In stock (2 available),Kindle Paperwhite User's Guide
c0db71f6bb14db11,"Fruits Basket, Vol. 2 (Fruits Basket #2)",11.64,5,Sequential Art,In stock (2 available),"A family with an ancient curse...And the girl who will change their lives forever...Ever since Tohru Honda discovered the Zodiac secret of the Sohma clan, her eyes have opened to a world of magic and wonder. But with such a great secret comes great responsibility. When her best friends Hana-chan and Uo-chan come to the Sohma home for a sleepover, Tohru has her work cut out A family with an ancient curse...And the girl who will change their lives forever...Ever since Tohru Honda discovered the Zodiac secret of the Sohma clan, her eyes have opened to a world of magic and wonder. But with such a great secret comes great responsibility. When her best friends Hana-chan and Uo-chan come to the Sohma home for a sleepover, Tohru has her work cut out for her keeping the ""Cat"" in the bag and the ""Dog"" on a leash. ...more"
09d26b5f819c6a36,"Y: The Last Man, Vol. 1: Unmanned (Y: The Last Man #1)",18.51,4,Sequential Art,In stock (1 available),"""Y"" is none other than unemployed escape artist Yorick Brown (his father was a Shakespeare buff), and he's seemingly the only male human left alive after a mysterious plague kills all Y-chromosome carriers on earth. But why are he and his faithful companion, the often testy male monkey Ampersand, still alive? He sets out to find the answer (and his girlfriend), while runni ""Y"" is none other than unemployed escape artist Yorick Brown (his father was a Shakespeare buff), and he's seemingly the only male human left alive after a mysterious plague kills all Y-chromosome carriers on earth. But why are he and his faithful companion, the often testy male monkey Ampersand, still alive? He sets out to find the answer (and his girlfriend), while running from angry female Republicans (now running the government), Amazon wannabes that include his own sister (seemingly brainwashed), and other threats. The Vertigo team of Brian K. Vaughan, Pia Guerra, and JosÃ© MarzÃ¡n Jr. have given us a great read!Collects Y: The Last Man issues #01-#05 ...more"
8ceb5c6aed2c5f8b,While You Were Mine,41.32,5,Historical Fiction,In stock (1 available),"Everything she loved could so easily be lost.The end of World War II should have brought joy to Gwen Mullen. But on V-J Day, her worst fear is realized. As celebrating crowds gather in Times Square, a soldier appears on her doorstep to claim Mary, the baby abandoned to Gwen one year earlier. Suddenly Gwen is on the verge of losing the child she has nurtured and loves dearl Everything she loved could so easily be lost.The end of World War II should have brought joy to Gwen Mullen. But on V-J Day, her worst fear is realized. As celebrating crowds gather in Times Square, a soldier appears on her doorstep to claim Mary, the baby abandoned to Gwen one year earlier. Suddenly Gwen is on the verge of losing the child she has nurtured and loves dearly.With no legal claim to Mary, Gwen begins to teach Lieutenant John McKee how to care for his child, knowing that he will ultimately take Mary away. What starts as a contentious relationship, however, turns into something more, and Gwen must open her heart to learn that love means taking chances.While You Were Mine paints a vivid portrait of 1940s New York and tells an enchanting tale of the nature of love and trust. ...more"
def389ddfda6991b,Where Lightning Strikes (Bleeding Stars #3),39.77,3,Romance,In stock (1 available),"Do you know what it feels like right before lightning strikes? How you can feel the current running through your veins? The trembles of warning that ripple through the air? It was a thrill Tamar King chased all her life until it became the very thing she had to escape. For the last four years, Tamar King has hidden herself in an isolated world she created. She was safe. No Do you know what it feels like right before lightning strikes? How you can feel the current running through your veins? The trembles of warning that ripple through the air? It was a thrill Tamar King chased all her life until it became the very thing she had to escape. For the last four years, Tamar King has hidden herself in an isolated world she created. She was safe. No one could touch her. Until Lyrik West walked through her door. Heâs the lead guitarist for Sunder and everything she can never have. The dark and beautiful rock star becomes everything she craves. Lyrikâs life has been devoted to his band and that success has cost him. Bitter, hard, and filled with regret, he refuses to lose himself again, but from the moment he sees her, he wants one night with Tamar King. The gorgeous bartender is more than he bargained for. Their attraction is consuming. Their desire overpowering. With one touch, they ignite. But is it worth the cost of getting burned?Sheâs a gorgeous nightmare and heâs a wicked dreamâ¦WHERE LIGHTNING STRIKES, a Bleeding Stars Stand-Alone Novel ...more"
66a4e422b212726a,Ways of Seeing,39.51,5,Art,In stock (1 available),"John Bergerâs Classic Text on ArtJohn Berger's Ways of Seeing is one of the most stimulating and the most influential books on art in any language. First published in 1972, it was based on the BBC television series about which the (London) Sunday Times critic commented: ""This is an eye-opener in more ways than one: by concentrating on how we look at paintings . . . he will John Bergerâs Classic Text on ArtJohn Berger's Ways of Seeing is one of the most stimulating and the most influential books on art in any language. First published in 1972, it was based on the BBC television series about which the (London) Sunday Times critic commented: ""This is an eye-opener in more ways than one: by concentrating on how we look at paintings . . . he will almost certainly change the way you look at pictures."" By now he has.""Berger has the ability to cut right through the mystification of the professional art critics . . . He is a liberator of images: and once we have allowed the paintings to work on us directly, we are in a much better position to make a meaningful evaluation"" âPeter Fuller, Arts Review""The influence of the series and the book . . . was enormous . . . It opened up for general attention to areas of cultural study that are now commonplace"" âGeoff Dyer in Ways of TellingWinner of the 1972 Booker Prize for his novel, G., John Peter Berger (born November 5th, 1926) is an art critic, painter and author of many novels including A Painter of Our Time, From A to X and Bentoâs Sketchbook. ...more"
e63c3f25338baf9a,Twenty Love Poems and a Song of Despair,30.95,4,Poetry,In stock (1 available),"Drawn from the most intimate and personal associations, Pablo Neruda's most beloved collection of poetry juxtaposes the exuberance of youthful passion with the desolation of grief, the sensuality of the body with the metaphorical nuances of nature. Pulitzer Prize-winning poet W. S. Merwin's masterly translation faces the original Spanish text. This edition also features an Drawn from the most intimate and personal associations, Pablo Neruda's most beloved collection of poetry juxtaposes the exuberance of youthful passion with the desolation of grief, the sensuality of the body with the metaphorical nuances of nature. Pulitzer Prize-winning poet W. S. Merwin's masterly translation faces the original Spanish text. This edition also features an insightful Introduction by Cristina Garcia. More than eighty years after its publication, Twenty Love Poems and a Song of Despair stands as an essential collection that continues to inspire lovers and poets around the world. ...more"
9c96cd1329fbd82d,The Zombie Room,19.69,5,Default,In stock (1 available),"An unlikely bond is forged between three men from very different backgrounds when they serve time together in prison. A series of wrong turns and disastrous life choices has led to their incarceration. Following their release, Mangle, Decker and Tazeem stick together as they return to a life of crime, embarking on a lucrative scam. But when they stumble upon a sophisticate An unlikely bond is forged between three men from very different backgrounds when they serve time together in prison. A series of wrong turns and disastrous life choices has led to their incarceration. Following their release, Mangle, Decker and Tazeem stick together as they return to a life of crime, embarking on a lucrative scam. But when they stumble upon a sophisticated sex-trafficking operation, they soon realise that they are in mortal danger. The disappearance of a family member and the murder of a dear friend lead the three to delve deeper into a world of violence and deception. In their quest for retribution and justice, they put their lives on the line. Their paths cross with that of Tatiana, who has left her home country for a better life in the West - or so she thinks. She soon realises she is in the hands of ruthless, violent people, who run an operation supplying girls to meet the most deviant desires of rich and powerful men. Will she survive the horrors of The Zombie Room? Are Mangle, Decker and Tazeem brave enough to follow her there, in an attempt to set her free? ...more"
6514add13c82b115,The Tumor,41.56,5,Nonfiction,In stock (1 available),"John Grisham says THE TUMOR is the most important book he has ever written. In this short book, he provides readers with a fictional account of how a real, new medical technology could revolutionize the future of medicine by curing with sound. THE TUMOR follows the present day experience of the fictional patient Paul, an otherwise healthy 35-year-old father who is diagnose John Grisham says THE TUMOR is the most important book he has ever written. In this short book, he provides readers with a fictional account of how a real, new medical technology could revolutionize the future of medicine by curing with sound. THE TUMOR follows the present day experience of the fictional patient Paul, an otherwise healthy 35-year-old father who is diagnosed with a malignant brain tumor. Grisham takes readers through a detailed account of Paulâs treatment and his familyâs experience that doesnât end as we would hope. Grisham then explores an alternate future, where Paul is diagnosed with the same brain tumor at the same age, but in the year 2025, when a treatment called focused ultrasound is able to extend his life expectancy. Focused ultrasound has the potential to treat not just brain tumors, but many other disorders, including Parkinsonâs, Alzheimerâs, hypertension, and prostate, breast and pancreatic cancer. For more information, you can visit The Focused Ultrasound Foundationâs website. Here you will find a video of Grisham on the TEDx stage with the Foundationâs chairman and a Parkinsonâs patient who brings the audience to its feet sharing her incredible story of a focused ultrasound âmiracle.â Readers will get a taste of the narrative they expect from Grisham, but this short book will also educate and inspire people to be hopeful about the future of medical innovation. ...more"
32d035df92ab9080,The Story of Hong Gildong,43.19,4,Classics,In stock (1 available),"The Story of Hong Gildong is arguably the single most important work of classic Korean fiction. Like its English counterpart, Robin Hood, it has been adapted into countless movies, television shows, novels and comics. Its memorable lines are known to virtually every Korean by heart. Until now, this incredible 19th century fable has been all but inaccessible to English read The Story of Hong Gildong is arguably the single most important work of classic Korean fiction. Like its English counterpart, Robin Hood, it has been adapted into countless movies, television shows, novels and comics. Its memorable lines are known to virtually every Korean by heart. Until now, this incredible 19th century fable has been all but inaccessible to English readers.Hong Gildong, the brilliant but illegitimate son of a government minister, cannot advance in society due to his secondary status, so he leaves home to become the leader of a band of outlaws who rob the rich to give to the poor. On the way to building his own empire and gaining acceptance from his family, Hong Gildong vanquishes assassins, battles monsters, and conquers kingdoms. Minsoo Kang's expressive and animated new translation finally makes the original text of this classic available in English, re-introducing a noble and righteous outlaw and sharing a beloved hallmark of Korean culture. ...more"
b78deb463531d078,The Silent Wife,12.34,5,Fiction,In stock (1 available),"A chilling psychological thriller about a marriage, a way of life, and how far one woman will go to keep what is rightfully hersJodi and Todd are at a bad place in their marriage. Much is at stake, including the affluent life they lead in their beautiful waterfront condo in Chicago, as she, the killer, and he, the victim, rush haplessly toward the main event. He is a commi A chilling psychological thriller about a marriage, a way of life, and how far one woman will go to keep what is rightfully hersJodi and Todd are at a bad place in their marriage. Much is at stake, including the affluent life they lead in their beautiful waterfront condo in Chicago, as she, the killer, and he, the victim, rush haplessly toward the main event. He is a committed cheater. She lives and breathes denial. He exists in dual worlds. She likes to settle scores. He decides to play for keeps. She has nothing left to lose. Told in alternating voices, The Silent Wife is about a marriage in the throes of dissolution, a couple headed for catastrophe, concessions that canât be made, and promises that wonât be kept. Expertly plotted and reminiscent of Gone Girl and These Things Hidden, The Silent Wife ensnares the reader from page one and does not let go. ...more"
9e9932ae1a7d0943,The Silent Twin (Detective Jennifer Knight #3),36.25,3,Fantasy,In stock (1 available),"Iâm alone in the dark, please can you find me â¦Nine-year-old twins Abigail and Olivia vow never to be parted. But when Abigail goes missing from Blackwater Farm, DC Jennifer Knight must find her before itâs too late. Twin sister Olivia has been mute since Abigailâs disappearance. But when she whispers in Jenniferâs ear, Jennifer realises it is Abigailâs voice pleading to b Iâm alone in the dark, please can you find me â¦Nine-year-old twins Abigail and Olivia vow never to be parted. But when Abigail goes missing from Blackwater Farm, DC Jennifer Knight must find her before itâs too late. Twin sister Olivia has been mute since Abigailâs disappearance. But when she whispers in Jenniferâs ear, Jennifer realises it is Abigailâs voice pleading to be found. A damp and decaying house set in acres of desolate scrubland, the farm is a place of secrets, old and new â and Jennifer must unravel them all in order to find the lost girl. But could Oliviaâs bond with her twin hold the key to finding Abigail? And can Jennifer break through her silence in time to save her sisterâs life? A darkly gripping, page-turning thriller that will enthrall fans of Rachel Abbott, Alex Marwoodâs The Wicked Girls and Mark Edwards. Praise for Caroline Mitchell:âFan-bloody-tastic! I enjoyed this book so much that I forced myself to read slowly as I just could not bear for it to endâ¦ I thought the story was brilliant. The characters were creative and kept me hooked. âThe twists and turns kept me gasping for moreâ¦ Could not recommend this book any more highly!â Crime Book Junkie âThis is a well written supernatural detective story, with a surprising twist that I guarantee will keep you glued to the last pageâ¦ at times I couldnât turn the pages quickly enough, itâs atmospheric, gritty and at times just plain scary, and what a twist at the end.â The Book Review CafÃ© âWith a brilliant cast of crime characters, and a plot that was enough to make me feel dizzy, this was a compelling book that I just couldn't get enough of. Every word, every page, every murder, every guess... I couldn't wait for the final piece of the jigsaw to fit into placeâ¦ the word 'thrilling' just doesn't do this justice.â Beccaâs Books ...more"
38f776ab9118aed7,The Secret Healer,34.56,3,Historical Fiction,In stock (1 available),"In the fourteenth century, opportunities for women are limited to the home. But spirited young Madlen finds her calling as assistant to the cityâs trusted midwife, Clara. Working alongside Clara, Madlen develops a surprisingly soothing technique and quickly becomes a talented healer.After Claraâs tragic death, Madlen alone rushes to assist the birth of a local noblemanâs c In the fourteenth century, opportunities for women are limited to the home. But spirited young Madlen finds her calling as assistant to the cityâs trusted midwife, Clara. Working alongside Clara, Madlen develops a surprisingly soothing technique and quickly becomes a talented healer.After Claraâs tragic death, Madlen alone rushes to assist the birth of a local noblemanâs child. But rather than the joy of birth, Madlen walks into an accusation of murder and witchcraft because of her extraordinary gifts. Forced to flee her own town, she establishes a new identity in the home of her aunt. Yet even though it endangers her life, she cannot resist the urge to help the sick patients who seek out her miraculous treatment. When she meets handsome Johannesâan investigator hired by the Church to bring her to justice for sacrilegious actsâshe becomes drawn to the very man who could destroy her.Will Madlenâs gifts bring about her downfall? Or can love and reason prevail in a time of fearful superstition? ...more"
0ec9d2b018fb10d8,The Republic,33.78,3,Add a comment,In stock (1 available),"Presented in the form of a dialogue between Socrates and three different interlocutors, this classic text is an enquiry into the notion of a perfect community and the ideal individual within it. During the conversation, other questions are raised: what is goodness?; what is reality?; and what is knowledge? The Republic also addresses the purpose of education and the role o Presented in the form of a dialogue between Socrates and three different interlocutors, this classic text is an enquiry into the notion of a perfect community and the ideal individual within it. During the conversation, other questions are raised: what is goodness?; what is reality?; and what is knowledge? The Republic also addresses the purpose of education and the role of both women and men as guardians of the people. With remarkable lucidity and deft use of allegory, Plato arrives at a depiction of a state bound by harmony and ruled by philosopher kings. ...more"
f0512adadffd2480,The Odyssey,29.64,3,Add a comment,In stock (1 available),"Literature's grandest evocation of life's journey, at once an ageless human story and an individual test of moral endurance, Homer's ancient Greek epic The Odyssey is translated by Robert Fagles with an introduction and notes by Bernard Knox in Penguin Classics.When Robert Fagles' translation of The Iliad was published in 1990, critics and scholars alike hailed it as a mas Literature's grandest evocation of life's journey, at once an ageless human story and an individual test of moral endurance, Homer's ancient Greek epic The Odyssey is translated by Robert Fagles with an introduction and notes by Bernard Knox in Penguin Classics.When Robert Fagles' translation of The Iliad was published in 1990, critics and scholars alike hailed it as a masterpiece. Here, one of the great modern translators presents us with The Odyssey, Homer's best-loved poem, recounting Odysseus' wanderings after the Trojan War. With wit and wile, the 'man of twists and turns' meets the challenges of the sea-god Poseidon, and monsters ranging from the many-headed Scylla to the cannibalistic Cyclops Polyphemus - only to return after twenty years to a home besieged by his wife Penelope's suitors. In the myths and legends retold in this immortal poem, Fagles has captured the energy of Homer's original in a bold, contemporary idiom.Seven greek cities claim the honour of being the birthplace of Homer (c. 8th-7th century BC), the poet to whom the composition of the Iliad and Odyssey are attributed. The Iliad is the oldest surviving work of Western literature, but the identity - or even the existence - of Homer himself is a complete mystery, with no reliable biographical information having survived.If you enjoyed The Odyssey, you might like Robert Fagles' translation of The Iliad, also available in Penguin Classics.'Wonderfully readable ... Just the right blend of roughness and sophistication'Ted Hughes'A memorable achievement ... Mr Fagles has been remarkably successful in finding a style that is of our time and yet timeless'Richard Jenkyns, The New York Times Book Review'His translation of The Odyssey is his best work yet'Garry Wills, New Yorker ...more"
6e473eff459e809f,The Hook Up (Game On #1),36.29,5,New Adult,In stock (1 available),"The rules: no kissing on the mouth, no staying the night, no telling anyone, and above allâ¦ No falling in love.Anna Jones just wants to finish college and figure out her life. Falling for star quarterback Drew Baylor is certainly not on her to do list. Confident and charming, he lives in the limelight and is way too gorgeous for his own good. If only she could ignore his h The rules: no kissing on the mouth, no staying the night, no telling anyone, and above allâ¦ No falling in love.Anna Jones just wants to finish college and figure out her life. Falling for star quarterback Drew Baylor is certainly not on her to do list. Confident and charming, he lives in the limelight and is way too gorgeous for his own good. If only she could ignore his heated stares and stop thinking about doing hot and dirty things with him. Easy right?Too bad heâs committed to making her break every ruleâ¦Football has been good to Drew. Itâs given him recognition, two National Championships, and the Heisman. But what he really craves is sexy yet prickly Anna Jones. Her cutting humor and blatant disregard for his fame turns him on like nothing else. But thereâs one problem: she's shut him down. Completely.That is until a chance encounter leads to the hottest sex of their lives, along with the possibility of something great. Unfortunately, Anna wants it to remain a hook up. Now itâs up to Drew to tempt her with more: more sex, more satisfaction, more time with him. Until sheâs truly hooked. It's a good thing Drew knows all about winning.Allâs fair in love and footballâ¦Game on. New Adult/Contemporary Romance with a HEA - Recommended for readers 17 and older. ...more"
fff8a057a40c4a60,The Haters,27.89,5,Young Adult,In stock (1 available),"From Jesse Andrews, author of the New York Times bestselling Me and Earl and the Dying Girl and screenwriter of the Sundance awardâwinning motion picture of the same name, comes a groundbreaking young adult novel about music, love, friendship, and freedom as three young musicians follow a quest to escape the law long enough to play the amazing show they hope (but also doub From Jesse Andrews, author of the New York Times bestselling Me and Earl and the Dying Girl and screenwriter of the Sundance awardâwinning motion picture of the same name, comes a groundbreaking young adult novel about music, love, friendship, and freedom as three young musicians follow a quest to escape the law long enough to play the amazing show they hope (but also doubt) they have in them.Inspired by the years he spent playing bass in a band himself, The Haters is Jesse Andrewsâs road trip adventure about a trio of jazz-camp escapees who, against every realistic expectation, become a band. For Wes and his best friend, Corey, jazz camp turns out to be lame. Itâs pretty much all dudes talking in Jazz Voice. But then they jam with Ash, a charismatic girl with an unusual sound, and the three just click. Itâs three and a half hours of pure musical magic, and Ash makes a decision: They need to hit the road. Because the road, not summer camp, is where bands get good. Before Wes and Corey know it, theyâre in Ashâs SUV heading south, and The Haters Summer of Hate Tour has begun.In his second novel, Andrews again brings his brilliant and distinctive voice to YA, in the perfect book for music lovers, fans of The Commitments and High Fidelity, or anyone who has ever lovedâand hatedâa song or a band. This witty, funny coming-of-age novel is contemporary fiction at its best. ...more"
4280ac3eab57aa5d,The Girl You Lost,12.29,5,Mystery,In stock (1 available),"Eighteen years ago your baby daughter was snatched. Today, she came back. A sinister and darkly compelling psychological thriller from the No.1 bestselling author of The Girl With No Past. Eighteen years ago, Simone Porterâs six-month-old daughter, Helena, was abducted. Simone and husband, Matt, have slowly rebuilt their shattered lives, but the pain at losing their child Eighteen years ago your baby daughter was snatched. Today, she came back. A sinister and darkly compelling psychological thriller from the No.1 bestselling author of The Girl With No Past. Eighteen years ago, Simone Porterâs six-month-old daughter, Helena, was abducted. Simone and husband, Matt, have slowly rebuilt their shattered lives, but the pain at losing their child has never left them. Then a young woman, Grace, appears out of the blue and tells Simone she has information about her stolen baby. But just who is Grace â and can Simone trust her? When Grace herself disappears, Simone becomes embroiled in a desperate search for her daughter and the woman who has vital clues about her whereabouts. Simone is inching closer to the truth but itâll take her into dangerous and disturbing territory. Simone lost her baby. Will she lose her life trying to find her? Read what people are saying about the Number One Bestseller, The Girl With No Past: âI read this in a day and found myself totally engaged with the plot. Kathryn Croft has pulled off a very accessible mystery, that exceeded my expectations and shows her talent. The ending was just right! Worth a read if you fancy a well paced mystery, on these dark autumnal nights.â Northern Crime âKept the tension and mystery going right until the end â¦ An intense read that keeps you turning page after page.â Crime Book Club âWow! This book grabbed me from the very beginning! â¦ To say this book is a page turner would be an understatement!â Chat About Books âIt kept me up all night and cost me my beauty sleep! I will get it out of the way immediately and tell you that this is one of the best thrillers I have read this year and it is fully deserving of my 5-star rating.â Books Are Manâs Other Best Friend âBLIMEY. This book is GRIPPY - I sat and read it over the course of a day and a night, purely because I couldn't put it down.â Reading Room with a View âThe reader is kept guessing until the end. It's perfection for a thriller and the author does amazingly to keep our intrigue.â Chic Toronto âGripping, a real page turnerâ¦ Excellent plot, and gripping stuff, that keeps the reader guessing until the end â¦ raced to the end to find out what was happening and how it would all end â¦ what a storyteller Kathryn Croft is!â Emmaâs Book Reviews âThe concept of this book, and the story itself is phenomenal - honestly one of the best i have read, it really does outshine all other thrillers i have read.â Afternoon Bookery âI really enjoyed this from start to finish. It's one of these books where you just HAVE to read JUST a couple more pages to see what is going to happen next. The author is very good at building suspense and revealing details bit by bit. It was totally unpredictable and had some very good twists. ...more"
ee61197edb882599,The Girl In The Ice (DCI Erika Foster #1),15.85,3,Mystery,In stock (1 available),"Her eyes are wide open. Her lips parted as if to speak. Her dead body frozen in the iceâ¦She is not the only one. When a young boy discovers the body of a woman beneath a thick sheet of ice in a South London park, Detective Erika Foster is called in to lead the murder investigation. The victim, a beautiful young socialite, appeared to have the perfect life. Yet when Erika b Her eyes are wide open. Her lips parted as if to speak. Her dead body frozen in the iceâ¦She is not the only one. When a young boy discovers the body of a woman beneath a thick sheet of ice in a South London park, Detective Erika Foster is called in to lead the murder investigation. The victim, a beautiful young socialite, appeared to have the perfect life. Yet when Erika begins to dig deeper, she starts to connect the dots between the murder and the killings of three prostitutes, all found strangled, hands bound and dumped in water around London. What dark secrets is the girl in the ice hiding? As Erika inches closer to uncovering the truth, the killer is closing in on Erika. The last investigation Erika led went badly wrongâ¦ resulting in the death of her husband. With her career hanging by a thread, Erika must now battle her own personal demons as well as a killer more deadly than any sheâs faced before. But will she get to him before he strikes again?A page-turning thriller packed with suspense. If you like Angela Marsons, Rachel Abbott and Karin Slaughter, discover Rob Bryndzaâs new series today â at a special launch price. Watch out for more from DCI Erika FosterSheâs fearless. Respected. Unstoppable. Detective Erika Foster will catch a killer, whatever it takes. 1. THE GIRL IN THE ICE 2. THE NIGHT STALKER (COMING SOON) ...more"
29fc016c459aeb14,The Edge of Reason (Bridget Jones #2),19.18,4,Womens Fiction,In stock (1 available),"Monday 27 Januaryâ7:15 a.m. Hurrah! The wilderness years are over. For four weeks and five days now have been in functional relationship with adult male, thereby proving am not love pariah as recently feared.âLurching from the cappuccino bars of Notting Hill to the blissed-out shores of Thailand, Bridget Jones searches for The Truth in spite of pathetically unevolved men, Monday 27 Januaryâ7:15 a.m. Hurrah! The wilderness years are over. For four weeks and five days now have been in functional relationship with adult male, thereby proving am not love pariah as recently feared.âLurching from the cappuccino bars of Notting Hill to the blissed-out shores of Thailand, Bridget Jones searches for The Truth in spite of pathetically unevolved men, insane dating theories, and Smug Married advice (""I'm just calling to say in the potty! In the potty! Well, do it in Daddy's hand then!""). She experiences a zeitgeist-esque Spiritual Epiphany somewhere between the pages of How to Find the Love You Want Without Seeking It (""can self-help books really help self?""), protective custody, and a lightly chilled Chardonnay.Wednesday 5 Marchâ7:08 p.m. Am assured, receptive, responsive woman of substance. My sense of self comes not from other people but... from... myself? That canât be right.âWith another devastatingly hilarious, ridiculous, unnervingly accurate take on modern womanhood, Bridget Jones is back. ...more"
3301af038a720587,The Complete Maus (Maus #1-2),10.64,3,Sequential Art,In stock (1 available),"Combined for the first time here are Maus I: A Survivor's Tale and Maus II - the complete story of Vladek Spiegelman and his wife, living and surviving in Hitler's Europe. By addressing the horror of the Holocaust through cartoons, the author captures the everyday reality of fear and is able to explore the guilt, relief and extraordinary sensation of survival - and how the Combined for the first time here are Maus I: A Survivor's Tale and Maus II - the complete story of Vladek Spiegelman and his wife, living and surviving in Hitler's Europe. By addressing the horror of the Holocaust through cartoons, the author captures the everyday reality of fear and is able to explore the guilt, relief and extraordinary sensation of survival - and how the children of survivors are in their own way affected by the trials of their parents. A contemporary classic of immeasurable significance. ...more"
18b4545a5ed15581,The Communist Manifesto,14.76,3,Add a comment,In stock (1 available),"A rousing call to arms whose influence is still felt today, Karl Marx and Friedrich Engels' The Communist Manifesto is edited with an introduction by Gareth Stedman-Jones in Penguin Classics.Marx and Engels's revolutionary summons to the working classes, The Communist Manifesto is one of the most important political theories ever formulated. After four years of collaborati A rousing call to arms whose influence is still felt today, Karl Marx and Friedrich Engels' The Communist Manifesto is edited with an introduction by Gareth Stedman-Jones in Penguin Classics.Marx and Engels's revolutionary summons to the working classes, The Communist Manifesto is one of the most important political theories ever formulated. After four years of collaboration, they produced an incisive account of their idea of Communism, in which they envisage a society without classes, private property or a state, arguing that the exploitation of industrial workers will eventually lead to a revolution in which Capitalism is overthrown. This vision provided the theoretical basis of political systems in Russia, China, Cuba and Eastern Europe, affecting the lives of millions. The Communist Manifesto still remains a landmark text: a work that continues to influence and provoke debate on capitalism and class.Gareth Stedman Jones's extensive and scholarly introduction provides an unique assessment of the place of The Communist Manifesto in history, and its continuing relevance as a depiction of global capitalism. This edition reproduces Samuel Moore's translation of 1888 and contains a guide to further reading, notes and an index.Karl Marx (1818-1883) was born in Trier, Germany and studied law at Bonn and Berlin. He settled in London, where he studied economics and wrote the first volume of his major work, Das Kapital (1867, with two further volumes in 1884 and 1894). He is buried in Highgate Cemetery, London.Friedrich Engels (1820-1895), as well as his collaboration with Marx, was the author of The Condition of the Working Class in England (1845), based on personal observations and research.If you enjoyed The Communist Manifesto, you might like Marx's Capital, also available in Penguin Classics.'The words of the Communist Manifesto flare like the fiery writing on the wall above the crumbling bastions of capitalist society: socialism or barbarism!'Rosa Luxemburg ...more"
dfb0849016bc122c,The Bette Davis Club,30.66,3,Fiction,In stock (1 available),"The morning of her nieceâs wedding, Margo Just drinks a double martini and contemplates the many mistakes sheâs made in her fifty-odd years of life. Spending three decades in love with a wonderful but unattainable man is pretty high up on her list of missteps, as is a long line of unsuccessful love affairs accompanied by a seemingly endless supply of delicious cocktails.Wh The morning of her nieceâs wedding, Margo Just drinks a double martini and contemplates the many mistakes sheâs made in her fifty-odd years of life. Spending three decades in love with a wonderful but unattainable man is pretty high up on her list of missteps, as is a long line of unsuccessful love affairs accompanied by a seemingly endless supply of delicious cocktails.When the young bride fleesâtaking with her a family heirloom and leaving behind six hundred bewildered guestsâher mother offers Margo fifty grand to retrieve her spoiled brat of a daughter and the invaluable property she stole. So, together with the brideâs jilted and justifiably crabby fiancÃ©, Margo sets out in a borrowed 1955 red MG on a cross-country chase. Along the way, none of what she discovers will be quite what she expected. But it might be exactly what sheâs been seeking all along.From acclaimed humor writer Jane Lotter comes this madcap, laugh-out-loud adventure, The Bette Davis Club. Revised edition: This edition of The Bette Davis Club includes editorial revisions. ...more"
5bc1fbccfbf2355c,The Art of Not Breathing,40.83,4,Young Adult,In stock (1 available),"Since her twin brother, Eddie, drowned five years ago, sixteen-year-old Elsie Main has tried to remember what really happened that fateful day on the beach. One minute Eddie was there, and the next he was gone. Seventeen-year-old Tay McKenzie is a cute and mysterious boy that Elsie meets in her favorite boathouse hangout. When Tay introduces Elsie to the world of freedivin Since her twin brother, Eddie, drowned five years ago, sixteen-year-old Elsie Main has tried to remember what really happened that fateful day on the beach. One minute Eddie was there, and the next he was gone. Seventeen-year-old Tay McKenzie is a cute and mysterious boy that Elsie meets in her favorite boathouse hangout. When Tay introduces Elsie to the world of freediving, she vows to find the answers she seeks at the bottom of the sea. ...more"
e25164e5b3fe208b,Starlark,25.83,3,Historical Fiction,In stock (1 available),"On the morning of her wedding, Roma awakens to find that a 21st century eclipse has swept her through time and space to medieval Irelandâa land bedevilled with strife, conflict and danger at every possible turn. Soon caught up in an intricate spiderâs web of political intrigue, Roma is forced to ally herself and marry a man she passionately hatesâa cocky, rugged, silver-to On the morning of her wedding, Roma awakens to find that a 21st century eclipse has swept her through time and space to medieval Irelandâa land bedevilled with strife, conflict and danger at every possible turn. Soon caught up in an intricate spiderâs web of political intrigue, Roma is forced to ally herself and marry a man she passionately hatesâa cocky, rugged, silver-tongued Irish warriorâand the only man who can protect her from the dark forces at work on the Emerald Isleâ¦ For under the rolling green hills of the ancient Irish countryside lies a powerful force that even today is only spoken of in hushed tones. And as the war deepens, Roma finds herself falling for the one man she swore that she never wouldâher husband, Fionn, whose fierce passion drives her crazy despite herself. Romaâs a very long way from homeâbut her battle has only just begun, and now she needs Fionnâs help more than ever to succeedâ¦and craves his touch more than ever to survive. Rich in historical detail and breathtaking romance, prepare to be swept back in time to the lush mythology, epic legends, and Celtic magic of STARLARKâs medieval Irelandâand the spellbinding tale of a love so absolute it transcends time itselfâ¦ ...more"
2ac720f76384c57e,"Skip Beat!, Vol. 01 (Skip Beat! #1)",42.12,3,Sequential Art,In stock (1 available),"Kyoko always thought that Sho, whose family took her in when she was small, was her prince charming. However, when Sho heads for Tokyo to make it big as a musician, Kyoko goes with him and has to quit high school to support his dream. But soon, being in the big city makes Kyoko realize that she has show business ambitions of her own!"
3a9a7c5895e82646,Sister Sable (The Mad Queen #1),13.33,3,Fantasy,In stock (1 available),"THE FIRST TENET OF THE WIND: Do not get caught.Sister Sable has lived by the first tenet for seven years, but when an unexpected accident reveals the runaway nun to the clergy, she is forced to embrace the remaining four.THE SECOND TENET OF THE WIND: Win by any means.With the Kingâs spymaster committed to killing her, and his general regretting he didnât, Sable enters a de THE FIRST TENET OF THE WIND: Do not get caught.Sister Sable has lived by the first tenet for seven years, but when an unexpected accident reveals the runaway nun to the clergy, she is forced to embrace the remaining four.THE SECOND TENET OF THE WIND: Win by any means.With the Kingâs spymaster committed to killing her, and his general regretting he didnât, Sable enters a deadly game.THE THIRD TENET OF THE WIND: The purpose of picking up a blade is to cut the enemy.Scaring them is discretionary.THE FOURTH TENET OF THE WIND: Have no preferred weapon. Even so, she likes the axe.THE FIFTH TENET OF THE WIND: Know the way of all professions.Prophet, pilot, assassin, spy, Sable will need to call upon all she has learned to protect the Kingâs future from the past. ...more"
229cd6564bf0dce4,Shadow Rites (Jane Yellowrock #10),21.72,4,Fantasy,In stock (1 available),"Slaying vampires is childâs play for skinwalker Jane Yellowrock. But handling the complicated politics of New Orleansâ supernatural players is another story...Jane is keeping the peace between visiting groups of witches and vamps in the city, but then trouble comes knocking on her doorstep. When her house is magically attacked, the wild chase to find her assailants unearth Slaying vampires is childâs play for skinwalker Jane Yellowrock. But handling the complicated politics of New Orleansâ supernatural players is another story...Jane is keeping the peace between visiting groups of witches and vamps in the city, but then trouble comes knocking on her doorstep. When her house is magically attacked, the wild chase to find her assailants unearths a mystery that has literally been buried deep.A missing master vampire, presumed long deceased, is found chained in a pit...undead, raving mad, and in the company of two human bodies. Now itâs up to Jane to find out who kept the vampire hidden for so long and why, because the incident could tip already high supernatural tensions to an all-out arcane war. ...more"
3cdca3b4a93980f5,"Rat Queens, Vol. 1: Sass & Sorcery (Rat Queens (Collected Editions) #1-5)",46.96,5,Sequential Art,In stock (1 available),"Who are the Rat Queens? A pack of booze-guzzling, death-dealing battle maidens-for-hire, and they're in the business of killing all god's creatures for profit. It's also a darkly comedic sass-and-sorcery series starring Hannah the Rockabilly Elven Mage, Violet the Hipster Dwarven Fighter, Dee the Atheist Human Cleric and Betty the Hippy Smidgen Thief. This modern spin on a Who are the Rat Queens? A pack of booze-guzzling, death-dealing battle maidens-for-hire, and they're in the business of killing all god's creatures for profit. It's also a darkly comedic sass-and-sorcery series starring Hannah the Rockabilly Elven Mage, Violet the Hipster Dwarven Fighter, Dee the Atheist Human Cleric and Betty the Hippy Smidgen Thief. This modern spin on an old school genre is a violent monster-killing epic that is like Buffy meets Tank Girl in a Lord of the Rings world on crack! Collecting Rat Queens #1-5! ...more"
bcbcbcf0f6ed196f,"Paper Girls, Vol. 1 (Paper Girls #1-5)",21.71,4,Sequential Art,In stock (1 available),"In the early hours after Halloween of 1988, four 12-year-old newspaper delivery girls uncover the most important story of all time. Suburban drama and otherworldly mysteries collide in this smash-hit series about nostalgia, first jobs, and the last days of childhood.Collects Paper Girls #1-5."
326825e02a198cf6,"Ouran High School Host Club, Vol. 1 (Ouran High School Host Club #1)",29.87,3,Sequential Art,In stock (1 available),"One day, Haruhi, a scholarship student at exclusive Ouran High School, breaks an $80,000 vase that belongs to the 'Host Club', a mysterious campus group consisting of six super-rich (and gorgeous) guys. To pay back the damages, she is forced to work for the club, and it's there that she discovers just how wealthy the boys are and how different they are from everybody else."
9ff997ab15713e53,On the Road (Duluoz Legend),32.36,3,Default,In stock (1 available),"On the Road chronicles Jack Kerouac's years traveling the North American continent with his friend Neal Cassady, ""a sideburned hero of the snowy West."" As ""Sal Paradise"" and ""Dean Moriarty,"" the two roam the country in a quest for self-knowledge and experience. Kerouac's love of America, his compassion for humanity, and his sense of language as jazz combine to make On the On the Road chronicles Jack Kerouac's years traveling the North American continent with his friend Neal Cassady, ""a sideburned hero of the snowy West."" As ""Sal Paradise"" and ""Dean Moriarty,"" the two roam the country in a quest for self-knowledge and experience. Kerouac's love of America, his compassion for humanity, and his sense of language as jazz combine to make On the Road an inspirational work of lasting importance.Kerouac's classic novel of freedom and longing defined what it meant to be ""Beat"" and has inspired every generation since its initial publication. ...more"
b6f1cfadc4dd79d4,Off Sides (Off #1),39.45,5,New Adult,In stock (1 available),"âI'm not sure what possessed me to do it. Maybe it was the impossible expectations I faced, maybe it was my own self-loathing. But I just knew I needed something different to happen. I needed someone... something... to derail me from my current path. Otherwise, I would become lost... a hollowed out shell of a man. So I did it. I approached her, then I pursued her, then I m âI'm not sure what possessed me to do it. Maybe it was the impossible expectations I faced, maybe it was my own self-loathing. But I just knew I needed something different to happen. I needed someone... something... to derail me from my current path. Otherwise, I would become lost... a hollowed out shell of a man. So I did it. I approached her, then I pursued her, then I made her mine. And my life was saved...âRyan Burnham is the privileged son of a U.S. Congressman and captain of his universityâs hockey team. While he is on the verge of fulfilling his dreams to play in the NHL, his parents want him on a different course. One he is expected to accept for the sake of his familyâs public image.Forced her to abandon her music career after the heart breaking death of her parents, Danny Cross exists on the opposite side of the tracks from Ryan. She is struggling to make her own way, working two jobs, attending college part time and volunteering in a homeless shelter. She is on a mission to build her own success.With a chance meeting, their vastly different worlds collide, causing each to evaluate whether they are truly on the correct path to self-fulfillment and happiness. Can their relationship survive? Particularly when others are against them every step of the way. A lot can happen in just ten short days... ...more"
35a60467893aa168,"Ms. Marvel, Vol. 1: No Normal (Ms. Marvel (2014-2015) #1)",39.39,4,Sequential Art,In stock (1 available),"Marvel Comics presents the new Ms. Marvel, the groundbreaking heroine that has become an international sensation! Kamala Khan is an ordinary girl from Jersey City â until she's suddenly empowered with extraordinary gifts. But who truly is the new Ms. Marvel? Teenager? Muslim? Inhuman? Find out as she takes the Marvel Universe by storm! When Kamala discovers the dangers of Marvel Comics presents the new Ms. Marvel, the groundbreaking heroine that has become an international sensation! Kamala Khan is an ordinary girl from Jersey City â until she's suddenly empowered with extraordinary gifts. But who truly is the new Ms. Marvel? Teenager? Muslim? Inhuman? Find out as she takes the Marvel Universe by storm! When Kamala discovers the dangers of her newfound powers, she unlocks a secret behind them, as well. Is Kamala ready to wield these immense new gifts? Or will the weight of the legacy before her be too much to bear? Kamala has no idea, either. But she's comin' for you, Jersey! It's history in the making from acclaimed writer G. Willow Wilson (Air, Cairo) and beloved artist Adrian Alphona (RUNAWAYS)! Collecting MS. MARVEL (2014) #1-5 and material from ALL-NEW MARVEL NOW! POINT ONE #1. ...more"
d510567580c8be52,Lost Among the Living,27.7,4,Historical Fiction,In stock (1 available),"England, 1921. Three years after her husband, Alex, disappeared, shot down over Germany, Jo Manders still mourns his loss. Working as a paid companion to Alex's wealthy, condescending aunt, Dottie Forsyth, Jo travels to the familyâs estate in the Sussex countryside. But there is much she never knew about her husbandâs originsâ¦and the revelation of a mysterious death in the England, 1921. Three years after her husband, Alex, disappeared, shot down over Germany, Jo Manders still mourns his loss. Working as a paid companion to Alex's wealthy, condescending aunt, Dottie Forsyth, Jo travels to the familyâs estate in the Sussex countryside. But there is much she never knew about her husbandâs originsâ¦and the revelation of a mysterious death in the Forsythsâ past is just the beginningâ¦All is not well at Wych Elm House. Dottie's husband is distant, and her son was grievously injured in the war. Footsteps follow Jo down empty halls, and items in her bedroom are eerily rearranged. The locals say the family is cursed, and that a ghost in the woods has never rested. And when Jo discovers her husbandâs darkest secrets, she wonders if she ever really knew him. Isolated in a place of deception and grief, she must find the truth or lose herself forever.And then a familiar stranger arrives at Wych Elm Houseâ¦ ...more"
71a6471bbdac21d9,Lord of the Flies,24.89,3,Add a comment,In stock (1 available),"Since it was first published in 1954, William Golding's classic debut novel has remained a stark allegory of civilization, survival, and human nature. As dystopian stories like Hunger Games and Battle Royale surge in popularity, this haunting tale of a group of young boys stranded on a desert island still captivates schoolchildren around the world, raising timeless and pro Since it was first published in 1954, William Golding's classic debut novel has remained a stark allegory of civilization, survival, and human nature. As dystopian stories like Hunger Games and Battle Royale surge in popularity, this haunting tale of a group of young boys stranded on a desert island still captivates schoolchildren around the world, raising timeless and profound questions about how easily society can slip into chaos and savagery when rules and order have been abandoned.When a plane crashes on a remote island, a small group of schoolboys are the sole survivors. From the prophetic Simon and virtuous Ralph to the lovable Piggy and brutish Jack, each of the boys attempts to establish control as the reality- and brutal savagery-of their situation sets in.A teacher himself, Golding clearly understood how to interest children with a gripping story and strong, sympathetic characters. The novel serves as a catalyst for thought-provoking discussion and analysis of universal issues, not only concerning the capabilities of humans for good and evil and the fragility of moral inhibition, but beyond.The boys' struggle to find a way of existing in a community with no fixed boundaries invites readers to evaluate the concepts involved in social and political constructs and moral frameworks. Symbolism is strong throughout, revealing both the boys' capacity for empathy and hope, as well as illuminating the darkest corners of the human spirit. Ideas of community, leadership, and the rule of law are called into question as the reader has to consider who has a right to power, why, and what the consequences of the acquisition of power may be.Often compared to Catcher in the Rye, Lord of the Flies also represents a coming-of-age story of innocence lost. ...more"
8d390a1fc3133d06,Jane Eyre,38.43,5,Default,In stock (1 available),"Orphaned into the household of her Aunt Reed at Gateshead, subject to the cruel regime at Lowood charity school, Jane Eyre nonetheless emerges unbroken in spirit and integrity. She takes up the post of governess at Thornfield, falls in love with Mr. Rochester, and discovers the impediment to their lawful marriage in a story that transcends melodrama to portray a woman's pa Orphaned into the household of her Aunt Reed at Gateshead, subject to the cruel regime at Lowood charity school, Jane Eyre nonetheless emerges unbroken in spirit and integrity. She takes up the post of governess at Thornfield, falls in love with Mr. Rochester, and discovers the impediment to their lawful marriage in a story that transcends melodrama to portray a woman's passionate search for a wider and richer life than Victorian society traditionally allowed.With a heroine full of yearning, the dangerous secrets she encounters, and the choices she finally makes, Charlotte Bronte's innovative and enduring romantic novel continues to engage and provoke readers. ...more"
f28f7299d38c0932,Imperfect Harmony,34.74,4,Romance,In stock (1 available),"Imperfect harmony can still be beautifulâ¦John Fletcher, a former musician, is stuck in limbo after losing his long-term partner two years ago. Heâs shut himself off from everything that reminds him of what heâs lost. When his neighbour persuades him to join the local community choir, John rediscovers his love of music and finds a reason to start living again.Rhys Callingto Imperfect harmony can still be beautifulâ¦John Fletcher, a former musician, is stuck in limbo after losing his long-term partner two years ago. Heâs shut himself off from everything that reminds him of what heâs lost. When his neighbour persuades him to join the local community choir, John rediscovers his love of music and finds a reason to start living again.Rhys Callington, the talented and charismatic choir leader, captures Johnâs attention from the first moment they meet. He appears to be the polar opposite of John: young, vibrant, and full of life. But Rhys has darkness in his own past that is holding him back from following his dreams.Despite the nineteen-year age gap, the two men grow close and a fragile relationship blossoms. Ghosts of the past and insecurities about the future threaten their newfound happiness. If theyâre going to harmonise in life and love as they do in their music, theyâll need to start following the same score. ...more"
3455b45888fb5053,Icing (Aces Hockey #2),40.44,4,Sports and Games,In stock (1 available),"Hailed by Jami Davenport as her âgo-to author for hockey romance,â the bestselling author of the Heller Brothers Hockey series sets the ice ablaze with another sexy novel featuring the gorgeous men of the Chicago Aces.Duncan Armstrong may be an NHL star, but heâs a country boy at heart. His ultimate fantasy is going home with the Stanley Cup, not a gold-digging airhead who Hailed by Jami Davenport as her âgo-to author for hockey romance,â the bestselling author of the Heller Brothers Hockey series sets the ice ablaze with another sexy novel featuring the gorgeous men of the Chicago Aces.Duncan Armstrong may be an NHL star, but heâs a country boy at heart. His ultimate fantasy is going home with the Stanley Cup, not a gold-digging airhead who aspires to be a trophy wife and nothing more. Newly single and hoping to enjoy a night out with his teammates, he ends up hitting it off with a down-to-earth waitress whoâs a complete breath of fresh airâuntil Duncan learns that sheâs a part-time model. He tries to forget about her, but their sizzling chemistry has him coming back for more.Amber is working hard to put herself through school, and has zero interest in dating a professional athlete. Sheâs seen firsthand how fame and fortune can mess with their headsâher fatherâs brilliant football career ended in a firestorm of addiction and infidelity. So Duncanâs attentions immediately have her on the defensive. Still, thereâs something different about him. And once she stops trying to freeze him out, irresistible temptation turns into all-consuming passion. ...more"
6fe02600f322a0a9,"Hawkeye, Vol. 1: My Life as a Weapon (Hawkeye #1)",45.24,3,Sequential Art,In stock (1 available),"The breakout star of this summer's blockbuster Avengers film, Clint Barton - aka the self-made hero Hawkeye - fights for justice! With ex-Young Avenger Kate Bishop by his side, he's out to prove himself as one of Earth's Mightiest Heroes! SHIELD recruits Clint to intercept a packet of incriminating evidence - before he becomes the most wanted man in the world. You won't be The breakout star of this summer's blockbuster Avengers film, Clint Barton - aka the self-made hero Hawkeye - fights for justice! With ex-Young Avenger Kate Bishop by his side, he's out to prove himself as one of Earth's Mightiest Heroes! SHIELD recruits Clint to intercept a packet of incriminating evidence - before he becomes the most wanted man in the world. You won't believe what is on The Tape! What is the Vagabond Code? Matt Fraction pens a Hawkeye thriller that spans the globe...and the darkest parts of Hawkeye's mind. Barton and Bishop mean double the Hawkeye and double the trouble...and stealing from the rich never looked so good.COLLECTING: Hawkeye 1-5, Young Avengers Presents 6 ...more"
6717a70913b3db79,Having the Barbarian's Baby (Ice Planet Barbarians #7.5),34.96,4,Science Fiction,In stock (1 available),"Meganâs ready to give birth, but sheâs not ready to let her mate leave her side. When Cashol must go hunting to feed the tribe, theyâre separated for the first time since resonance. Not a problem, except the babyâs ready to be born and thereâs a storm brewingâ¦ This is a short story set in the ICE PLANET BARBARIANS world. It does not stand alone, and is intended to be read Meganâs ready to give birth, but sheâs not ready to let her mate leave her side. When Cashol must go hunting to feed the tribe, theyâre separated for the first time since resonance. Not a problem, except the babyâs ready to be born and thereâs a storm brewingâ¦â©â© This is a short story set in the ICE PLANET BARBARIANS world. It does not stand alone, and is intended to be read after BARBARIANâS MATE. Itâs a little bit of sweetness for those that canât get enough of the big blue aliens! Happy reading! ...more"
72e6fbf4f6382557,"Fruits Basket, Vol. 1 (Fruits Basket #1)",40.28,5,Sequential Art,In stock (1 available),A family with an ancient curse...And the girl who will change their lives forever...Tohru Honda was an orphan with no place to go until the mysterious Sohma family offered her a place to call home. Now her ordinary high school life is turned upside down as she's introduced to the Sohma's world of magical curses and family secrets.
e564c3f1a93ccf2e,Forever Rockers (The Rocker #12),28.8,3,Music,In stock (1 available),"My Happily Ever After was turning into a living nightmare... All I wanted was Harper's happiness and I would move the world to give her anything she ever wanted. We've searched for answers, talked about our options, and finally-FINALLY-found hope. Yet, just when things seemed to be perfect, it all came crashing down around us all. The one person I've always counted on to h My Happily Ever After was turning into a living nightmare... All I wanted was Harper's happiness and I would move the world to give her anything she ever wanted. We've searched for answers, talked about our options, and finally-FINALLY-found hope. Yet, just when things seemed to be perfect, it all came crashing down around us all. The one person I've always counted on to hold us together-to hold me together-was lost in her own nightmares and I felt like I was losing everything. Everything. I wasn't going to lose the woman I loved. I would hold onto her until the last breath left my body. It was my mistakes that were hurting us and I would be the one to fix it. I wouldn't let my past ruin my forever with Harper. ...more"
6390772a3094939d,Fighting Fate (Fighting #6),39.24,3,Romance,In stock (1 available),"***BONUS CONTENT: The first two chapters of JB Salsbury's stand alone novel SPLIT included!Axelleâs broken.I live to hold her together.Killian McCreery only has two dreams . . .Fight for the UFL.And Axelle.Heâs watched her give her time and her body to men who donât deserve to breathe her air. Heâs waited, worked hard to become the kind of man she deserves, hoping one day, ***BONUS CONTENT: The first two chapters of JB Salsbury's stand alone novel SPLIT included!Axelleâs broken.I live to hold her together.Killian McCreery only has two dreams . . .Fight for the UFL.And Axelle.Heâs watched her give her time and her body to men who donât deserve to breathe her air. Heâs waited, worked hard to become the kind of man she deserves, hoping one day, when the time is right, heâd get the opportunity to make her happy. After a painful anniversary, he finally gets his chance.But life has a way of sucker-punching its victimsâstriking when they least expect it in the most devastating ways.Killian loves me.But I screwed up. Big time.Axelle Daniels appears to be the typical college studentâparties, hangovers, and men. No one knows that inside sheâs a mess, and no amount of booze or meaningless relationships have managed to fill the cracks in her heart. But Killian knows. Heâs been there since the night it all began and has never left her side.When she wakes up one morning to find the consequences of her actions have caught up to her, even Killianâs white-knighthood canât save her now.Fate is put to the test when, for the first time in their five-year friendship, they no longer have each other to lean on. When he becomes a UFL superstar, she hardly recognizes the man he used to be. And she no longer needs him to hold her together.With the foundation of their friendship gone, theyâll discover that even a love that is meant to be needs to be fought for and destiny is a choice. ...more"
0072b94dfa30608e,Deep Under (Walker Security #1),47.09,5,Romance,In stock (1 available),"Alternate cover edition for 9781682302262Myla is beautiful, a dove with clipped wings, captive by the wolf, a vicious drug lord. One look into her eyes and Kyle could see the pain, the fearâ¦the desperation. Or so it seems. Heâs been fooled before by a woman and it cost him everything and everyone he loved. He wonât be fooled again.Tall, dark, and deadly, these are the stor Alternate cover edition for 9781682302262Myla is beautiful, a dove with clipped wings, captive by the wolf, a vicious drug lord. One look into her eyes and Kyle could see the pain, the fearâ¦the desperation. Or so it seems. Heâs been fooled before by a woman and it cost him everything and everyone he loved. He wonât be fooled again.Tall, dark, and deadly, these are the stories of the men who run Walker security. Each man is unique in his methods and skills, but all share key similarities. They are passionate about those they love, relentless when fighting for a cause they believe in, and all believe that no case is too hard, no danger too dark. Dedication is what they deliver, results are their reward. ...more"
a812f6969ddf3e39,Choosing Our Religion: The Spiritual Lives of America's Nones,28.42,4,Religion,In stock (1 available),"To the dismay of religious leaders, study after study has shown a steady decline in affiliation and identification with traditional religions in America. By 2014, more than twenty percent of adults identified as unaffiliated--up more than seven percent just since 2007. Even more startling, more than thirty percent of those under the age of thirty now identify as ""Nones""--a To the dismay of religious leaders, study after study has shown a steady decline in affiliation and identification with traditional religions in America. By 2014, more than twenty percent of adults identified as unaffiliated--up more than seven percent just since 2007. Even more startling, more than thirty percent of those under the age of thirty now identify as ""Nones""--answering ""none"" when queried about their religious affiliation. Is America losing its religion? Or, as more and more Americans choose different spiritual paths, are they changing what it means to be religious in the United States today? In Choosing Our Religion, Elizabeth Drescher explores the diverse, complex spiritual lives of Nones across generations and across categories of self-identification as ""Spiritual-But-Not-Religious,"" ""Atheist,"" ""Agnostic,"" ""Humanist,"" ""just Spiritual,"" and more. Drawing on more than one hundred interviews conducted across the United States, Drescher opens a window into the lives of a broad cross-section of Nones, diverse with respect to age, gender, race, sexual orientation, and prior religious background. She allows Nones to speak eloquently for themselves, illuminating the processes by which they became None, the sources of information and inspiration that enrich their spiritual lives, the practices they find spiritually meaningful, how prayer functions in spiritual lives not centered on doctrinal belief, how morals and values are shaped outside of institutional religions, and how Nones approach the spiritual development of their own children. These compelling stories are deeply revealing about how religion is changing in America--both for Nones and for the religiously affiliated family, friends, and neighbors with whom their lives remain intertwined. ...more"
1774749f2cee292f,Charlie and the Chocolate Factory (Charlie Bucket #1),22.85,3,Childrens,In stock (1 available),"Complete with stunning new movie art for the cover, and an eight-page full-color insert of stills from director Tim Burton's new adaptation, Dahl's treasured novel appears unabridged in this tie-in edition."
230ac636ea0ea415,Bright Lines,39.07,5,Fiction,In stock (1 available),"A vibrant debut novel, set in Brooklyn and Bangladesh, Bright Lines follows three young women and one family struggling to make peace with secrets and their past. For as long as she can remember, Ella has longed to feel at home. Orphaned as a child after her parentsâ murder, and afflicted with hallucinations at dusk, sheâs always felt more at ease in nature than with peopl A vibrant debut novel, set in Brooklyn and Bangladesh, Bright Lines follows three young women and one family struggling to make peace with secrets and their past. For as long as she can remember, Ella has longed to feel at home. Orphaned as a child after her parentsâ murder, and afflicted with hallucinations at dusk, sheâs always felt more at ease in nature than with people. She traveled from Bangladesh to Brooklyn to live with the Saleems: her uncle Anwar, aunt Hashi, and their beautiful daughter, Charu, her complete opposite. One summer, when Ella returns home from college, she discovers Charuâs friend Mayaâan Islamic clericâs runaway daughterâasleep in her bedroom.Â  As the girls have a summer of clandestine adventure and sexual awakenings, Anwarâowner of a popular botanical apothecaryâhas his own secrets, threatening his thirty-year marriage. But when tragedy strikes, the Saleems find themselves blamed. To keep his family from unraveling, Anwar takes them on a fated trip to Bangladesh, to reckon with the past, their extended family, and each other. ...more"
abc0b15f2c907ff0,Bounty (Colorado Mountain #7),37.26,4,Romance,In stock (1 available),"Justice Lonesome has enjoyed a life of bounty. Even so, sheâs inherited the curse of the Lonesome. A poetâs soul. Which means sheâs still searching for something. Searching for peace. Searching for the lessâ¦thatâs more. And when the foundation of her life is pulled out from under her, grieving, she goes to the mountains to find her oasis. She hits Carnal, Colorado and deci Justice Lonesome has enjoyed a life of bounty. Even so, sheâs inherited the curse of the Lonesome. A poetâs soul. Which means sheâs still searching for something. Searching for peace. Searching for the lessâ¦thatâs more. And when the foundation of her life is pulled out from under her, grieving, she goes to the mountains to find her oasis. She hits Carnal, Colorado and decides to stay. Deke Hightower lost everything at the age of two. He lost it again at fifteen. His life has not been about bounty. Itâs been about learning to live with less, because thereâs no way to get more. Dekeâs also watched all his friends go down to the women who gave them what they needed. He wants that for himself. But he knows that search isnât going to be easy because heâs a rider. His home is the road. Thatâs the only place he can breathe. And the woman who takes her place at his side has to do it sitting on the back of his bike. When Deke meets Justice, he knows sheâs not that woman. Sheâs cute. Sheâs sweet. And sheâs into him, but sheâs got it all and Deke knows he wonât fit into that. So he holds her at armâs length. Establishes boundaries. And Justice will take it because she wants Deke any way heâll let her have him.But when Justice finds herself a pawn in a dangerous game, Deke makes a decision. When he does, he has no idea heâs just opened himself up to bounty. ...more"
95cdfd514098c38b,Blood Defense (Samantha Brinkman #1),20.3,3,Mystery,In stock (1 available),"First in a new series from bestselling author and famed O. J. Simpson trial prosecutor Marcia Clark, a âterrific writer and storytellerâ (James Patterson). Samantha Brinkman, an ambitious, hard-charging Los Angeles criminal defense attorney, is struggling to make a name for herself and to drag her fledgling practice into the big leagues. Sam lands a high-profile double-mu First in a new series from bestselling author and famed O. J. Simpson trial prosecutor Marcia Clark, a âterrific writer and storytellerâ (James Patterson). Samantha Brinkman, an ambitious, hard-charging Los Angeles criminal defense attorney, is struggling to make a name for herself and to drag her fledgling practice into the big leagues. Sam lands a high-profile double-murder case in which one of the victims is a beloved TV starâand the defendant is a decorated veteran LAPD detective. It promises to be exactly the kind of media sensation that would establish her as a heavy hitter in the world of criminal law.Though Sam has doubts about his innocence, she and her two associates (her closest childhood friend and a brilliant ex-con) take the case. Notorious for living by her own rulesâand fearlessly breaking everyone elseâsâSamantha pulls out all the stops in her quest to uncover evidence that will clear the detective. But when a shocking secret at the core of the case shatters her personal world, Sam realizes that not only has her client been playing her, he might be one of the most dangerous sociopaths sheâs ever encountered. ...more"
099fae4a0705d63b,"Bleach, Vol. 1: Strawberry and the Soul Reapers (Bleach #1)",34.65,5,Sequential Art,In stock (1 available),"Hot-tempered 15-year-old Ichigo Kurosaki, the hero of the popular fantasy-adventure Bleach , has the unsettling ability to see spirits who are unable to rest in peace. His sixth sense leads him to Rukia, a Soul Reaper who destroys Hollows (soul-devouring monsters) and ensures the deceased find repose with the Soul Society. When she's injured in battle, Rukia transfers h Hot-tempered 15-year-old Ichigo Kurosaki, the hero of the popular fantasy-adventure Bleach , has the unsettling ability to see spirits who are unable to rest in peace. His sixth sense leads him to Rukia, a Soul Reaper who destroys Hollows (soul-devouring monsters) and ensures the deceased find repose with the Soul Society. When she's injured in battle, Rukia transfers her sword and much of her power to Ichigo, whose spiritual energy makes him a formidable substitute Soul Reaper. But the orange-haired teenager isn't sure he wants the job: too many risks and moral dilemmas. ...more"
19fec36a1dfb4c16,A Spy's Devotion (The Regency Spies of London #1),16.97,5,Historical Fiction,In stock (1 available),"In Englandâs Regency era, manners and elegance reign in public lifeâbut behind closed doors treason and tawdriness thrive. Nicholas Langdon is no stranger to reserved civility or bloody barbarity. After suffering a battlefield injury, the wealthy, well-connected British officer returns home to healâand to fulfill a dying soldierâs last wish by delivering his coded diary.At In Englandâs Regency era, manners and elegance reign in public lifeâbut behind closed doors treason and tawdriness thrive. Nicholas Langdon is no stranger to reserved civility or bloody barbarity. After suffering a battlefield injury, the wealthy, well-connected British officer returns home to healâand to fulfill a dying soldierâs last wish by delivering his coded diary.At the home of the Wilherns, one of Englandâs most powerful families, Langdon attends a lavish ball where he meets their beautiful and intelligent ward, Julia Grey. Determined to maintain propriety, he keeps his distanceâuntil the diary is stolen and all clues lead to Juliaâs guardian. As Langdon traces an evil plot that could be the nationâs undoing, he grows ever more intrigued by the lovely young woman. And when Julia realizes that Englandâand the man she is falling in love withâneed her help, she finds herself caught in the fray. Will the two succumb to their attraction while fighting to save their country? ...more"
228ba5e7577e1d49,"1,000 Places to See Before You Die",26.08,5,Travel,In stock (1 available),"Around the World, continent by continent, here is the best the world has to offer: 1,000 places guaranteed to give travelers the shivers. Sacred ruins, grand hotels, wildlife preserves, hilltop villages, snack shacks, castles, festivals, reefs, restaurants, cathedrals, hidden islands, opera houses, museums, and more. Each entry tells exactly why it's essential to visit. Th Around the World, continent by continent, here is the best the world has to offer: 1,000 places guaranteed to give travelers the shivers. Sacred ruins, grand hotels, wildlife preserves, hilltop villages, snack shacks, castles, festivals, reefs, restaurants, cathedrals, hidden islands, opera houses, museums, and more. Each entry tells exactly why it's essential to visit. Then come the nuts and bolts: addresses, websites, phone and fax numbers, best times to visit. Stop dreaming and get going.This hefty volume reminds vacationers that hot tourist spots are small percentage of what's worth seeing out there. A quick sampling: Venice's Cipriani Hotel; California's Monterey Peninsula; the Lewis and Clark Trail in Oregon; the Great Wall of China; Robert Louis Stevenson's home in Western Samoa; and the Alhambra in Andalusia, Spain. Veteran travel guide writer Schultz divides the book geographically, presenting a little less than a page on each location. Each entry lists exactly where to find the spot (e.g. Moorea is located ""12 miles/19 km northwest of Tahiti; 10 minutes by air, 1 hour by boat"") and when to go (e.g., if you want to check out The Complete Fly Fisher hotel in Montana, ""May and Sept.-Oct. offer productive angling in a solitary setting""). This is an excellent resource for the intrepid traveler.Copyright 2003 Reed Business Information, Inc. ...more"
